ISO-10303-21;
HEADER;
FILE_DESCRIPTION( ( 'Unknown' ), '1' );
FILE_NAME( 'I:/User_Groups_Only/17_EMC_Product_&_Development/Article_Master/Ut_Transformer_Power/UtPFC/Master_Data/01_CAD_drawing/1_Drawing/760801020/Released_data/760801020.stp', 'Unknown', ( 'Unknown' ), ( 'Unknown' ), 'PSStep 13.0', 'Unknown', '  ' );
FILE_SCHEMA( ( 'AUTOMOTIVE_DESIGN { 1 0 10303 214 1 1 1 1 }' ) );
ENDSEC;
DATA;
#1 = MECHANICAL_DESIGN_GEOMETRIC_PRESENTATION_REPRESENTATION( ' ', ( #16, #17, #18, #19, #20, #21, #22, #23, #24, #25, #26, #27, #28, #29, #30, #31, #32, #33, #34, #35, #36, #37, #38, #39, #40, #41, #42, #43, #44, #45, #46, #47, #48, #49, #50, #51, #52, #53, #54, #55, #56, #57, #58, #59, #60, #61, #62, #63, #64, #65, #66, #67, #68, #69, #70, #71, #72, #73, #74, #75, #76, #77, #78, #79, #80, #81, #82, #83, #84, #85, #86, #87, #88, #89, #90, #91, #92, #93, #94, #95, #96, #97, #98, #99, #100, #101, #102, #103, #104, #105, #106, #107, #108, #109, #110, #111, #112, #113, #114, #115, #116, #117, #118, #119, #120, #121, #122, #123, #124, #125, #126, #127, #128, #129, #130, #131, #132, #133, #134, #135, #136, #137, #138, #139, #140, #141, #142, #143, #144, #145, #146, #147, #148, #149, #150, #151, #152, #153, #154, #155, #156, #157, #158, #159, #160, #161, #162, #163, #164, #165, #166, #167, #168, #169, #170, #171, #172, #173, #174, #175, #176, #177, #178, #179, #180, #181, #182, #183, #184, #185, #186, #187, #188, #189, #190, #191, #192, #193, #194, #195, #196, #197, #198, #199, #200, #201, #202, #203, #204, #205, #206, #207, #208, #209, #210, #211, #212, #213, #214, #215, #216, #217, #218, #219, #220, #221, #222, #223, #224, #225, #226 ), #12 );
#2 = PRODUCT_DEFINITION_CONTEXT( '', #227, 'design' );
#3 = APPLICATION_PROTOCOL_DEFINITION( 'international standard', 'automotive_design', 2001, #227 );
#4 = PRODUCT_CATEGORY_RELATIONSHIP( 'NONE', 'NONE', #228, #229 );
#5 = SHAPE_DEFINITION_REPRESENTATION( #230, #231 );
#6 = PRODUCT_CATEGORY_RELATIONSHIP( 'NONE', 'NONE', #228, #232 );
#7 = SHAPE_DEFINITION_REPRESENTATION( #233, #234 );
#8 = PRODUCT_CATEGORY_RELATIONSHIP( 'NONE', 'NONE', #228, #235 );
#9 = SHAPE_DEFINITION_REPRESENTATION( #236, #237 );
#10 = PRODUCT_CATEGORY_RELATIONSHIP( 'NONE', 'NONE', #228, #238 );
#11 = SHAPE_DEFINITION_REPRESENTATION( #239, #240 );
#12 =  ( GEOMETRIC_REPRESENTATION_CONTEXT( 3 )GLOBAL_UNCERTAINTY_ASSIGNED_CONTEXT( ( #243 ) )GLOBAL_UNIT_ASSIGNED_CONTEXT( ( #245, #246, #247 ) )REPRESENTATION_CONTEXT( 'NONE', 'WORKSPACE' ) );
#16 = STYLED_ITEM( '', ( #249 ), #250 );
#17 = STYLED_ITEM( '', ( #251 ), #252 );
#18 = STYLED_ITEM( '', ( #253 ), #254 );
#19 = STYLED_ITEM( '', ( #255 ), #256 );
#20 = STYLED_ITEM( '', ( #257 ), #258 );
#21 = STYLED_ITEM( '', ( #259 ), #260 );
#22 = STYLED_ITEM( '', ( #261 ), #262 );
#23 = STYLED_ITEM( '', ( #263 ), #264 );
#24 = STYLED_ITEM( '', ( #265 ), #266 );
#25 = STYLED_ITEM( '', ( #267 ), #268 );
#26 = STYLED_ITEM( '', ( #269 ), #270 );
#27 = STYLED_ITEM( '', ( #271 ), #272 );
#28 = STYLED_ITEM( '', ( #273 ), #274 );
#29 = STYLED_ITEM( '', ( #275 ), #276 );
#30 = STYLED_ITEM( '', ( #277 ), #278 );
#31 = STYLED_ITEM( '', ( #279 ), #280 );
#32 = STYLED_ITEM( '', ( #281 ), #282 );
#33 = STYLED_ITEM( '', ( #283 ), #284 );
#34 = STYLED_ITEM( '', ( #285 ), #286 );
#35 = STYLED_ITEM( '', ( #287 ), #288 );
#36 = STYLED_ITEM( '', ( #289 ), #290 );
#37 = STYLED_ITEM( '', ( #291 ), #292 );
#38 = STYLED_ITEM( '', ( #293 ), #294 );
#39 = STYLED_ITEM( '', ( #295 ), #296 );
#40 = STYLED_ITEM( '', ( #297 ), #298 );
#41 = STYLED_ITEM( '', ( #299 ), #300 );
#42 = STYLED_ITEM( '', ( #301 ), #302 );
#43 = STYLED_ITEM( '', ( #303 ), #304 );
#44 = STYLED_ITEM( '', ( #305 ), #306 );
#45 = STYLED_ITEM( '', ( #307 ), #308 );
#46 = STYLED_ITEM( '', ( #309 ), #310 );
#47 = STYLED_ITEM( '', ( #311 ), #312 );
#48 = STYLED_ITEM( '', ( #313 ), #314 );
#49 = STYLED_ITEM( '', ( #315 ), #316 );
#50 = STYLED_ITEM( '', ( #317 ), #318 );
#51 = STYLED_ITEM( '', ( #319 ), #320 );
#52 = STYLED_ITEM( '', ( #321 ), #322 );
#53 = STYLED_ITEM( '', ( #323 ), #324 );
#54 = STYLED_ITEM( '', ( #325 ), #326 );
#55 = STYLED_ITEM( '', ( #327 ), #328 );
#56 = STYLED_ITEM( '', ( #329 ), #330 );
#57 = STYLED_ITEM( '', ( #331 ), #332 );
#58 = STYLED_ITEM( '', ( #333 ), #334 );
#59 = STYLED_ITEM( '', ( #335 ), #336 );
#60 = STYLED_ITEM( '', ( #337 ), #338 );
#61 = STYLED_ITEM( '', ( #339 ), #340 );
#62 = STYLED_ITEM( '', ( #341 ), #342 );
#63 = STYLED_ITEM( '', ( #343 ), #344 );
#64 = STYLED_ITEM( '', ( #345 ), #346 );
#65 = STYLED_ITEM( '', ( #347 ), #348 );
#66 = STYLED_ITEM( '', ( #349 ), #350 );
#67 = STYLED_ITEM( '', ( #351 ), #352 );
#68 = STYLED_ITEM( '', ( #353 ), #354 );
#69 = STYLED_ITEM( '', ( #355 ), #356 );
#70 = STYLED_ITEM( '', ( #357 ), #358 );
#71 = STYLED_ITEM( '', ( #359 ), #360 );
#72 = STYLED_ITEM( '', ( #361 ), #362 );
#73 = STYLED_ITEM( '', ( #363 ), #364 );
#74 = STYLED_ITEM( '', ( #365 ), #366 );
#75 = STYLED_ITEM( '', ( #367 ), #368 );
#76 = STYLED_ITEM( '', ( #369 ), #370 );
#77 = STYLED_ITEM( '', ( #371 ), #372 );
#78 = STYLED_ITEM( '', ( #373 ), #374 );
#79 = STYLED_ITEM( '', ( #375 ), #376 );
#80 = STYLED_ITEM( '', ( #377 ), #378 );
#81 = STYLED_ITEM( '', ( #379 ), #380 );
#82 = STYLED_ITEM( '', ( #381 ), #382 );
#83 = STYLED_ITEM( '', ( #383 ), #384 );
#84 = STYLED_ITEM( '', ( #385 ), #386 );
#85 = STYLED_ITEM( '', ( #387 ), #388 );
#86 = STYLED_ITEM( '', ( #389 ), #390 );
#87 = STYLED_ITEM( '', ( #391 ), #392 );
#88 = STYLED_ITEM( '', ( #393 ), #394 );
#89 = STYLED_ITEM( '', ( #395 ), #396 );
#90 = STYLED_ITEM( '', ( #397 ), #398 );
#91 = STYLED_ITEM( '', ( #399 ), #400 );
#92 = STYLED_ITEM( '', ( #401 ), #402 );
#93 = STYLED_ITEM( '', ( #403 ), #404 );
#94 = STYLED_ITEM( '', ( #405 ), #406 );
#95 = STYLED_ITEM( '', ( #407 ), #408 );
#96 = STYLED_ITEM( '', ( #409 ), #410 );
#97 = STYLED_ITEM( '', ( #411 ), #412 );
#98 = STYLED_ITEM( '', ( #413 ), #414 );
#99 = STYLED_ITEM( '', ( #415 ), #416 );
#100 = STYLED_ITEM( '', ( #417 ), #418 );
#101 = STYLED_ITEM( '', ( #419 ), #420 );
#102 = STYLED_ITEM( '', ( #421 ), #422 );
#103 = STYLED_ITEM( '', ( #423 ), #424 );
#104 = STYLED_ITEM( '', ( #425 ), #426 );
#105 = STYLED_ITEM( '', ( #427 ), #428 );
#106 = STYLED_ITEM( '', ( #429 ), #430 );
#107 = STYLED_ITEM( '', ( #431 ), #432 );
#108 = STYLED_ITEM( '', ( #433 ), #434 );
#109 = STYLED_ITEM( '', ( #435 ), #436 );
#110 = STYLED_ITEM( '', ( #437 ), #438 );
#111 = STYLED_ITEM( '', ( #439 ), #440 );
#112 = STYLED_ITEM( '', ( #441 ), #442 );
#113 = STYLED_ITEM( '', ( #443 ), #444 );
#114 = STYLED_ITEM( '', ( #445 ), #446 );
#115 = STYLED_ITEM( '', ( #447 ), #448 );
#116 = STYLED_ITEM( '', ( #449 ), #450 );
#117 = STYLED_ITEM( '', ( #451 ), #452 );
#118 = STYLED_ITEM( '', ( #453 ), #454 );
#119 = STYLED_ITEM( '', ( #455 ), #456 );
#120 = STYLED_ITEM( '', ( #457 ), #458 );
#121 = STYLED_ITEM( '', ( #459 ), #460 );
#122 = STYLED_ITEM( '', ( #461 ), #462 );
#123 = STYLED_ITEM( '', ( #463 ), #464 );
#124 = STYLED_ITEM( '', ( #465 ), #466 );
#125 = STYLED_ITEM( '', ( #467 ), #468 );
#126 = STYLED_ITEM( '', ( #469 ), #470 );
#127 = STYLED_ITEM( '', ( #471 ), #472 );
#128 = STYLED_ITEM( '', ( #473 ), #474 );
#129 = STYLED_ITEM( '', ( #475 ), #476 );
#130 = STYLED_ITEM( '', ( #477 ), #478 );
#131 = STYLED_ITEM( '', ( #479 ), #480 );
#132 = STYLED_ITEM( '', ( #481 ), #482 );
#133 = STYLED_ITEM( '', ( #483 ), #484 );
#134 = STYLED_ITEM( '', ( #485 ), #486 );
#135 = STYLED_ITEM( '', ( #487 ), #488 );
#136 = STYLED_ITEM( '', ( #489 ), #490 );
#137 = STYLED_ITEM( '', ( #491 ), #492 );
#138 = STYLED_ITEM( '', ( #493 ), #494 );
#139 = STYLED_ITEM( '', ( #495 ), #496 );
#140 = STYLED_ITEM( '', ( #497 ), #498 );
#141 = STYLED_ITEM( '', ( #499 ), #500 );
#142 = STYLED_ITEM( '', ( #501 ), #502 );
#143 = STYLED_ITEM( '', ( #503 ), #504 );
#144 = STYLED_ITEM( '', ( #505 ), #506 );
#145 = STYLED_ITEM( '', ( #507 ), #508 );
#146 = STYLED_ITEM( '', ( #509 ), #510 );
#147 = STYLED_ITEM( '', ( #511 ), #512 );
#148 = STYLED_ITEM( '', ( #513 ), #514 );
#149 = STYLED_ITEM( '', ( #515 ), #516 );
#150 = STYLED_ITEM( '', ( #517 ), #518 );
#151 = STYLED_ITEM( '', ( #519 ), #520 );
#152 = STYLED_ITEM( '', ( #521 ), #522 );
#153 = STYLED_ITEM( '', ( #523 ), #524 );
#154 = STYLED_ITEM( '', ( #525 ), #526 );
#155 = STYLED_ITEM( '', ( #527 ), #528 );
#156 = STYLED_ITEM( '', ( #529 ), #530 );
#157 = STYLED_ITEM( '', ( #531 ), #532 );
#158 = STYLED_ITEM( '', ( #533 ), #534 );
#159 = STYLED_ITEM( '', ( #535 ), #536 );
#160 = STYLED_ITEM( '', ( #537 ), #538 );
#161 = STYLED_ITEM( '', ( #539 ), #540 );
#162 = STYLED_ITEM( '', ( #541 ), #542 );
#163 = STYLED_ITEM( '', ( #543 ), #544 );
#164 = STYLED_ITEM( '', ( #545 ), #546 );
#165 = STYLED_ITEM( '', ( #547 ), #548 );
#166 = STYLED_ITEM( '', ( #549 ), #550 );
#167 = STYLED_ITEM( '', ( #551 ), #552 );
#168 = STYLED_ITEM( '', ( #553 ), #554 );
#169 = STYLED_ITEM( '', ( #555 ), #556 );
#170 = STYLED_ITEM( '', ( #557 ), #558 );
#171 = STYLED_ITEM( '', ( #559 ), #560 );
#172 = STYLED_ITEM( '', ( #561 ), #562 );
#173 = STYLED_ITEM( '', ( #563 ), #564 );
#174 = STYLED_ITEM( '', ( #565 ), #566 );
#175 = STYLED_ITEM( '', ( #567 ), #568 );
#176 = STYLED_ITEM( '', ( #569 ), #570 );
#177 = STYLED_ITEM( '', ( #571 ), #572 );
#178 = STYLED_ITEM( '', ( #573 ), #574 );
#179 = STYLED_ITEM( '', ( #575 ), #576 );
#180 = STYLED_ITEM( '', ( #577 ), #578 );
#181 = STYLED_ITEM( '', ( #579 ), #580 );
#182 = STYLED_ITEM( '', ( #581 ), #582 );
#183 = STYLED_ITEM( '', ( #583 ), #584 );
#184 = STYLED_ITEM( '', ( #585 ), #586 );
#185 = STYLED_ITEM( '', ( #587 ), #588 );
#186 = STYLED_ITEM( '', ( #589 ), #590 );
#187 = STYLED_ITEM( '', ( #591 ), #592 );
#188 = STYLED_ITEM( '', ( #593 ), #594 );
#189 = STYLED_ITEM( '', ( #595 ), #596 );
#190 = STYLED_ITEM( '', ( #597 ), #598 );
#191 = STYLED_ITEM( '', ( #599 ), #600 );
#192 = STYLED_ITEM( '', ( #601 ), #602 );
#193 = STYLED_ITEM( '', ( #603 ), #604 );
#194 = STYLED_ITEM( '', ( #605 ), #606 );
#195 = STYLED_ITEM( '', ( #607 ), #608 );
#196 = STYLED_ITEM( '', ( #609 ), #610 );
#197 = STYLED_ITEM( '', ( #611 ), #612 );
#198 = STYLED_ITEM( '', ( #613 ), #614 );
#199 = STYLED_ITEM( '', ( #615 ), #616 );
#200 = STYLED_ITEM( '', ( #617 ), #618 );
#201 = STYLED_ITEM( '', ( #619 ), #620 );
#202 = STYLED_ITEM( '', ( #621 ), #622 );
#203 = STYLED_ITEM( '', ( #623 ), #624 );
#204 = STYLED_ITEM( '', ( #625 ), #626 );
#205 = STYLED_ITEM( '', ( #627 ), #628 );
#206 = STYLED_ITEM( '', ( #629 ), #630 );
#207 = STYLED_ITEM( '', ( #631 ), #632 );
#208 = STYLED_ITEM( '', ( #633 ), #634 );
#209 = STYLED_ITEM( '', ( #635 ), #636 );
#210 = STYLED_ITEM( '', ( #637 ), #638 );
#211 = STYLED_ITEM( '', ( #639 ), #640 );
#212 = STYLED_ITEM( '', ( #641 ), #642 );
#213 = STYLED_ITEM( '', ( #643 ), #644 );
#214 = STYLED_ITEM( '', ( #645 ), #646 );
#215 = STYLED_ITEM( '', ( #647 ), #648 );
#216 = STYLED_ITEM( '', ( #649 ), #650 );
#217 = STYLED_ITEM( '', ( #651 ), #652 );
#218 = STYLED_ITEM( '', ( #653 ), #654 );
#219 = STYLED_ITEM( '', ( #655 ), #656 );
#220 = STYLED_ITEM( '', ( #657 ), #658 );
#221 = STYLED_ITEM( '', ( #659 ), #660 );
#222 = STYLED_ITEM( '', ( #661 ), #662 );
#223 = STYLED_ITEM( '', ( #663 ), #664 );
#224 = STYLED_ITEM( '', ( #665 ), #666 );
#225 = STYLED_ITEM( '', ( #667 ), #668 );
#226 = STYLED_ITEM( '', ( #669 ), #670 );
#227 = APPLICATION_CONTEXT( 'core data for automotive mechanical design processes' );
#228 = PRODUCT_CATEGORY( 'part', 'NONE' );
#229 = PRODUCT_RELATED_PRODUCT_CATEGORY( 'detail', ' ', ( #671 ) );
#230 = PRODUCT_DEFINITION_SHAPE( 'NONE', 'NONE', #672 );
#231 = ADVANCED_BREP_SHAPE_REPRESENTATION( 'Assem1', ( #673, #674, #675, #676, #677, #678 ), #12 );
#232 = PRODUCT_RELATED_PRODUCT_CATEGORY( 'detail', ' ', ( #679 ) );
#233 = PRODUCT_DEFINITION_SHAPE( 'NONE', 'NONE', #680 );
#234 = ADVANCED_BREP_SHAPE_REPRESENTATION( 'clip', ( #681 ), #12 );
#235 = PRODUCT_RELATED_PRODUCT_CATEGORY( 'detail', ' ', ( #682 ) );
#236 = PRODUCT_DEFINITION_SHAPE( 'NONE', 'NONE', #683 );
#237 = ADVANCED_BREP_SHAPE_REPRESENTATION( 'RM10 bobbin', ( #684 ), #12 );
#238 = PRODUCT_RELATED_PRODUCT_CATEGORY( 'detail', ' ', ( #685 ) );
#239 = PRODUCT_DEFINITION_SHAPE( 'NONE', 'NONE', #686 );
#240 = ADVANCED_BREP_SHAPE_REPRESENTATION( 'RM10 core', ( #687 ), #12 );
#243 = UNCERTAINTY_MEASURE_WITH_UNIT( LENGTH_MEASURE( 0.00100000000000000 ), #245, '', '' );
#245 =  ( CONVERSION_BASED_UNIT( 'MILLIMETRE', #690 )LENGTH_UNIT(  )NAMED_UNIT( #693 ) );
#246 =  ( NAMED_UNIT( #695 )PLANE_ANGLE_UNIT(  )SI_UNIT( $, .RADIAN. ) );
#247 =  ( NAMED_UNIT( #695 )SI_UNIT( $, .STERADIAN. )SOLID_ANGLE_UNIT(  ) );
#249 = PRESENTATION_STYLE_ASSIGNMENT( ( #701 ) );
#250 = ADVANCED_FACE( '', ( #702 ), #703, .F. );
#251 = PRESENTATION_STYLE_ASSIGNMENT( ( #704 ) );
#252 = ADVANCED_FACE( '', ( #705 ), #706, .F. );
#253 = PRESENTATION_STYLE_ASSIGNMENT( ( #707 ) );
#254 = ADVANCED_FACE( '', ( #708 ), #709, .F. );
#255 = PRESENTATION_STYLE_ASSIGNMENT( ( #710 ) );
#256 = ADVANCED_FACE( '', ( #711 ), #712, .F. );
#257 = PRESENTATION_STYLE_ASSIGNMENT( ( #713 ) );
#258 = ADVANCED_FACE( '', ( #714, #715 ), #716, .T. );
#259 = PRESENTATION_STYLE_ASSIGNMENT( ( #717 ) );
#260 = ADVANCED_FACE( '', ( #718 ), #719, .F. );
#261 = PRESENTATION_STYLE_ASSIGNMENT( ( #720 ) );
#262 = ADVANCED_FACE( '', ( #721 ), #722, .F. );
#263 = PRESENTATION_STYLE_ASSIGNMENT( ( #723 ) );
#264 = ADVANCED_FACE( '', ( #724 ), #725, .F. );
#265 = PRESENTATION_STYLE_ASSIGNMENT( ( #726 ) );
#266 = ADVANCED_FACE( '', ( #727 ), #728, .F. );
#267 = PRESENTATION_STYLE_ASSIGNMENT( ( #729 ) );
#268 = ADVANCED_FACE( '', ( #730 ), #731, .T. );
#269 = PRESENTATION_STYLE_ASSIGNMENT( ( #732 ) );
#270 = ADVANCED_FACE( '', ( #733 ), #734, .F. );
#271 = PRESENTATION_STYLE_ASSIGNMENT( ( #735 ) );
#272 = ADVANCED_FACE( '', ( #736 ), #737, .T. );
#273 = PRESENTATION_STYLE_ASSIGNMENT( ( #738 ) );
#274 = ADVANCED_FACE( '', ( #739, #740 ), #741, .T. );
#275 = PRESENTATION_STYLE_ASSIGNMENT( ( #742 ) );
#276 = ADVANCED_FACE( '', ( #743 ), #744, .F. );
#277 = PRESENTATION_STYLE_ASSIGNMENT( ( #745 ) );
#278 = ADVANCED_FACE( '', ( #746 ), #747, .T. );
#279 = PRESENTATION_STYLE_ASSIGNMENT( ( #748 ) );
#280 = ADVANCED_FACE( '', ( #749 ), #750, .F. );
#281 = PRESENTATION_STYLE_ASSIGNMENT( ( #751 ) );
#282 = ADVANCED_FACE( '', ( #752 ), #753, .F. );
#283 = PRESENTATION_STYLE_ASSIGNMENT( ( #754 ) );
#284 = ADVANCED_FACE( '', ( #755 ), #756, .F. );
#285 = PRESENTATION_STYLE_ASSIGNMENT( ( #757 ) );
#286 = ADVANCED_FACE( '', ( #758 ), #759, .T. );
#287 = PRESENTATION_STYLE_ASSIGNMENT( ( #760 ) );
#288 = ADVANCED_FACE( '', ( #761 ), #762, .F. );
#289 = PRESENTATION_STYLE_ASSIGNMENT( ( #763 ) );
#290 = ADVANCED_FACE( '', ( #764 ), #765, .T. );
#291 = PRESENTATION_STYLE_ASSIGNMENT( ( #766 ) );
#292 = ADVANCED_FACE( '', ( #767 ), #768, .T. );
#293 = PRESENTATION_STYLE_ASSIGNMENT( ( #769 ) );
#294 = ADVANCED_FACE( '', ( #770 ), #771, .F. );
#295 = PRESENTATION_STYLE_ASSIGNMENT( ( #772 ) );
#296 = ADVANCED_FACE( '', ( #773 ), #774, .T. );
#297 = PRESENTATION_STYLE_ASSIGNMENT( ( #775 ) );
#298 = ADVANCED_FACE( '', ( #776 ), #777, .T. );
#299 = PRESENTATION_STYLE_ASSIGNMENT( ( #778 ) );
#300 = ADVANCED_FACE( '', ( #779 ), #780, .T. );
#301 = PRESENTATION_STYLE_ASSIGNMENT( ( #781 ) );
#302 = ADVANCED_FACE( '', ( #782 ), #783, .T. );
#303 = PRESENTATION_STYLE_ASSIGNMENT( ( #784 ) );
#304 = ADVANCED_FACE( '', ( #785, #786 ), #787, .T. );
#305 = PRESENTATION_STYLE_ASSIGNMENT( ( #788 ) );
#306 = ADVANCED_FACE( '', ( #789, #790, #791, #792, #793, #794, #795 ), #796, .F. );
#307 = PRESENTATION_STYLE_ASSIGNMENT( ( #797 ) );
#308 = ADVANCED_FACE( '', ( #798 ), #799, .F. );
#309 = PRESENTATION_STYLE_ASSIGNMENT( ( #800 ) );
#310 = ADVANCED_FACE( '', ( #801 ), #802, .F. );
#311 = PRESENTATION_STYLE_ASSIGNMENT( ( #803 ) );
#312 = ADVANCED_FACE( '', ( #804 ), #805, .T. );
#313 = PRESENTATION_STYLE_ASSIGNMENT( ( #806 ) );
#314 = ADVANCED_FACE( '', ( #807 ), #808, .F. );
#315 = PRESENTATION_STYLE_ASSIGNMENT( ( #809 ) );
#316 = ADVANCED_FACE( '', ( #810 ), #811, .T. );
#317 = PRESENTATION_STYLE_ASSIGNMENT( ( #812 ) );
#318 = ADVANCED_FACE( '', ( #813, #814 ), #815, .T. );
#319 = PRESENTATION_STYLE_ASSIGNMENT( ( #816 ) );
#320 = ADVANCED_FACE( '', ( #817 ), #818, .F. );
#321 = PRESENTATION_STYLE_ASSIGNMENT( ( #819 ) );
#322 = ADVANCED_FACE( '', ( #820 ), #821, .F. );
#323 = PRESENTATION_STYLE_ASSIGNMENT( ( #822 ) );
#324 = ADVANCED_FACE( '', ( #823 ), #824, .F. );
#325 = PRESENTATION_STYLE_ASSIGNMENT( ( #825 ) );
#326 = ADVANCED_FACE( '', ( #826, #827 ), #828, .T. );
#327 = PRESENTATION_STYLE_ASSIGNMENT( ( #829 ) );
#328 = ADVANCED_FACE( '', ( #830 ), #831, .F. );
#329 = PRESENTATION_STYLE_ASSIGNMENT( ( #832 ) );
#330 = ADVANCED_FACE( '', ( #833 ), #834, .T. );
#331 = PRESENTATION_STYLE_ASSIGNMENT( ( #835 ) );
#332 = ADVANCED_FACE( '', ( #836 ), #837, .T. );
#333 = PRESENTATION_STYLE_ASSIGNMENT( ( #838 ) );
#334 = ADVANCED_FACE( '', ( #839 ), #840, .T. );
#335 = PRESENTATION_STYLE_ASSIGNMENT( ( #841 ) );
#336 = ADVANCED_FACE( '', ( #842 ), #843, .F. );
#337 = PRESENTATION_STYLE_ASSIGNMENT( ( #844 ) );
#338 = ADVANCED_FACE( '', ( #845 ), #846, .F. );
#339 = PRESENTATION_STYLE_ASSIGNMENT( ( #847 ) );
#340 = ADVANCED_FACE( '', ( #848 ), #849, .T. );
#341 = PRESENTATION_STYLE_ASSIGNMENT( ( #850 ) );
#342 = ADVANCED_FACE( '', ( #851 ), #852, .T. );
#343 = PRESENTATION_STYLE_ASSIGNMENT( ( #853 ) );
#344 = ADVANCED_FACE( '', ( #854 ), #855, .T. );
#345 = PRESENTATION_STYLE_ASSIGNMENT( ( #856 ) );
#346 = ADVANCED_FACE( '', ( #857 ), #858, .T. );
#347 = PRESENTATION_STYLE_ASSIGNMENT( ( #859 ) );
#348 = ADVANCED_FACE( '', ( #860 ), #861, .T. );
#349 = PRESENTATION_STYLE_ASSIGNMENT( ( #862 ) );
#350 = ADVANCED_FACE( '', ( #863 ), #864, .T. );
#351 = PRESENTATION_STYLE_ASSIGNMENT( ( #865 ) );
#352 = ADVANCED_FACE( '', ( #866, #867 ), #868, .T. );
#353 = PRESENTATION_STYLE_ASSIGNMENT( ( #869 ) );
#354 = ADVANCED_FACE( '', ( #870 ), #871, .T. );
#355 = PRESENTATION_STYLE_ASSIGNMENT( ( #872 ) );
#356 = ADVANCED_FACE( '', ( #873 ), #874, .T. );
#357 = PRESENTATION_STYLE_ASSIGNMENT( ( #875 ) );
#358 = ADVANCED_FACE( '', ( #876 ), #877, .F. );
#359 = PRESENTATION_STYLE_ASSIGNMENT( ( #878 ) );
#360 = ADVANCED_FACE( '', ( #879 ), #880, .T. );
#361 = PRESENTATION_STYLE_ASSIGNMENT( ( #881 ) );
#362 = ADVANCED_FACE( '', ( #882, #883 ), #884, .T. );
#363 = PRESENTATION_STYLE_ASSIGNMENT( ( #885 ) );
#364 = ADVANCED_FACE( '', ( #886, #887 ), #888, .T. );
#365 = PRESENTATION_STYLE_ASSIGNMENT( ( #889 ) );
#366 = ADVANCED_FACE( '', ( #890 ), #891, .T. );
#367 = PRESENTATION_STYLE_ASSIGNMENT( ( #892 ) );
#368 = ADVANCED_FACE( '', ( #893 ), #894, .F. );
#369 = PRESENTATION_STYLE_ASSIGNMENT( ( #895 ) );
#370 = ADVANCED_FACE( '', ( #896 ), #897, .F. );
#371 = PRESENTATION_STYLE_ASSIGNMENT( ( #898 ) );
#372 = ADVANCED_FACE( '', ( #899 ), #900, .T. );
#373 = PRESENTATION_STYLE_ASSIGNMENT( ( #901 ) );
#374 = ADVANCED_FACE( '', ( #902 ), #903, .T. );
#375 = PRESENTATION_STYLE_ASSIGNMENT( ( #904 ) );
#376 = ADVANCED_FACE( '', ( #905 ), #906, .F. );
#377 = PRESENTATION_STYLE_ASSIGNMENT( ( #907 ) );
#378 = ADVANCED_FACE( '', ( #908 ), #909, .F. );
#379 = PRESENTATION_STYLE_ASSIGNMENT( ( #910 ) );
#380 = ADVANCED_FACE( '', ( #911 ), #912, .T. );
#381 = PRESENTATION_STYLE_ASSIGNMENT( ( #913 ) );
#382 = ADVANCED_FACE( '', ( #914 ), #915, .T. );
#383 = PRESENTATION_STYLE_ASSIGNMENT( ( #916 ) );
#384 = ADVANCED_FACE( '', ( #917 ), #918, .T. );
#385 = PRESENTATION_STYLE_ASSIGNMENT( ( #919 ) );
#386 = ADVANCED_FACE( '', ( #920 ), #921, .F. );
#387 = PRESENTATION_STYLE_ASSIGNMENT( ( #922 ) );
#388 = ADVANCED_FACE( '', ( #923 ), #924, .F. );
#389 = PRESENTATION_STYLE_ASSIGNMENT( ( #925 ) );
#390 = ADVANCED_FACE( '', ( #926 ), #927, .F. );
#391 = PRESENTATION_STYLE_ASSIGNMENT( ( #928 ) );
#392 = ADVANCED_FACE( '', ( #929 ), #930, .T. );
#393 = PRESENTATION_STYLE_ASSIGNMENT( ( #931 ) );
#394 = ADVANCED_FACE( '', ( #932 ), #933, .F. );
#395 = PRESENTATION_STYLE_ASSIGNMENT( ( #934 ) );
#396 = ADVANCED_FACE( '', ( #935 ), #936, .F. );
#397 = PRESENTATION_STYLE_ASSIGNMENT( ( #937 ) );
#398 = ADVANCED_FACE( '', ( #938 ), #939, .T. );
#399 = PRESENTATION_STYLE_ASSIGNMENT( ( #940 ) );
#400 = ADVANCED_FACE( '', ( #941 ), #942, .T. );
#401 = PRESENTATION_STYLE_ASSIGNMENT( ( #943 ) );
#402 = ADVANCED_FACE( '', ( #944 ), #945, .T. );
#403 = PRESENTATION_STYLE_ASSIGNMENT( ( #946 ) );
#404 = ADVANCED_FACE( '', ( #947 ), #948, .F. );
#405 = PRESENTATION_STYLE_ASSIGNMENT( ( #949 ) );
#406 = ADVANCED_FACE( '', ( #950 ), #951, .F. );
#407 = PRESENTATION_STYLE_ASSIGNMENT( ( #952 ) );
#408 = ADVANCED_FACE( '', ( #953 ), #954, .T. );
#409 = PRESENTATION_STYLE_ASSIGNMENT( ( #955 ) );
#410 = ADVANCED_FACE( '', ( #956 ), #957, .T. );
#411 = PRESENTATION_STYLE_ASSIGNMENT( ( #958 ) );
#412 = ADVANCED_FACE( '', ( #959 ), #960, .F. );
#413 = PRESENTATION_STYLE_ASSIGNMENT( ( #961 ) );
#414 = ADVANCED_FACE( '', ( #962 ), #963, .F. );
#415 = PRESENTATION_STYLE_ASSIGNMENT( ( #964 ) );
#416 = ADVANCED_FACE( '', ( #965 ), #966, .F. );
#417 = PRESENTATION_STYLE_ASSIGNMENT( ( #967 ) );
#418 = ADVANCED_FACE( '', ( #968 ), #969, .T. );
#419 = PRESENTATION_STYLE_ASSIGNMENT( ( #970 ) );
#420 = ADVANCED_FACE( '', ( #971 ), #972, .F. );
#421 = PRESENTATION_STYLE_ASSIGNMENT( ( #973 ) );
#422 = ADVANCED_FACE( '', ( #974 ), #975, .T. );
#423 = PRESENTATION_STYLE_ASSIGNMENT( ( #976 ) );
#424 = ADVANCED_FACE( '', ( #977 ), #978, .F. );
#425 = PRESENTATION_STYLE_ASSIGNMENT( ( #979 ) );
#426 = ADVANCED_FACE( '', ( #980 ), #981, .F. );
#427 = PRESENTATION_STYLE_ASSIGNMENT( ( #982 ) );
#428 = ADVANCED_FACE( '', ( #983, #984 ), #985, .T. );
#429 = PRESENTATION_STYLE_ASSIGNMENT( ( #986 ) );
#430 = ADVANCED_FACE( '', ( #987 ), #988, .T. );
#431 = PRESENTATION_STYLE_ASSIGNMENT( ( #989 ) );
#432 = ADVANCED_FACE( '', ( #990 ), #991, .F. );
#433 = PRESENTATION_STYLE_ASSIGNMENT( ( #992 ) );
#434 = ADVANCED_FACE( '', ( #993 ), #994, .T. );
#435 = PRESENTATION_STYLE_ASSIGNMENT( ( #995 ) );
#436 = ADVANCED_FACE( '', ( #996 ), #997, .T. );
#437 = PRESENTATION_STYLE_ASSIGNMENT( ( #998 ) );
#438 = ADVANCED_FACE( '', ( #999 ), #1000, .T. );
#439 = PRESENTATION_STYLE_ASSIGNMENT( ( #1001 ) );
#440 = ADVANCED_FACE( '', ( #1002 ), #1003, .T. );
#441 = PRESENTATION_STYLE_ASSIGNMENT( ( #1004 ) );
#442 = ADVANCED_FACE( '', ( #1005 ), #1006, .T. );
#443 = PRESENTATION_STYLE_ASSIGNMENT( ( #1007 ) );
#444 = ADVANCED_FACE( '', ( #1008 ), #1009, .T. );
#445 = PRESENTATION_STYLE_ASSIGNMENT( ( #1010 ) );
#446 = ADVANCED_FACE( '', ( #1011 ), #1012, .F. );
#447 = PRESENTATION_STYLE_ASSIGNMENT( ( #1013 ) );
#448 = ADVANCED_FACE( '', ( #1014 ), #1015, .T. );
#449 = PRESENTATION_STYLE_ASSIGNMENT( ( #1016 ) );
#450 = ADVANCED_FACE( '', ( #1017 ), #1018, .F. );
#451 = PRESENTATION_STYLE_ASSIGNMENT( ( #1019 ) );
#452 = ADVANCED_FACE( '', ( #1020 ), #1021, .T. );
#453 = PRESENTATION_STYLE_ASSIGNMENT( ( #1022 ) );
#454 = ADVANCED_FACE( '', ( #1023 ), #1024, .F. );
#455 = PRESENTATION_STYLE_ASSIGNMENT( ( #1025 ) );
#456 = ADVANCED_FACE( '', ( #1026 ), #1027, .T. );
#457 = PRESENTATION_STYLE_ASSIGNMENT( ( #1028 ) );
#458 = ADVANCED_FACE( '', ( #1029 ), #1030, .F. );
#459 = PRESENTATION_STYLE_ASSIGNMENT( ( #1031 ) );
#460 = ADVANCED_FACE( '', ( #1032 ), #1033, .F. );
#461 = PRESENTATION_STYLE_ASSIGNMENT( ( #1034 ) );
#462 = ADVANCED_FACE( '', ( #1035 ), #1036, .F. );
#463 = PRESENTATION_STYLE_ASSIGNMENT( ( #1037 ) );
#464 = ADVANCED_FACE( '', ( #1038 ), #1039, .F. );
#465 = PRESENTATION_STYLE_ASSIGNMENT( ( #1040 ) );
#466 = ADVANCED_FACE( '', ( #1041 ), #1042, .F. );
#467 = PRESENTATION_STYLE_ASSIGNMENT( ( #1043 ) );
#468 = ADVANCED_FACE( '', ( #1044, #1045 ), #1046, .T. );
#469 = PRESENTATION_STYLE_ASSIGNMENT( ( #1047 ) );
#470 = ADVANCED_FACE( '', ( #1048 ), #1049, .T. );
#471 = PRESENTATION_STYLE_ASSIGNMENT( ( #1050 ) );
#472 = ADVANCED_FACE( '', ( #1051 ), #1052, .T. );
#473 = PRESENTATION_STYLE_ASSIGNMENT( ( #1053 ) );
#474 = ADVANCED_FACE( '', ( #1054 ), #1055, .T. );
#475 = PRESENTATION_STYLE_ASSIGNMENT( ( #1056 ) );
#476 = ADVANCED_FACE( '', ( #1057, #1058 ), #1059, .T. );
#477 = PRESENTATION_STYLE_ASSIGNMENT( ( #1060 ) );
#478 = ADVANCED_FACE( '', ( #1061 ), #1062, .T. );
#479 = PRESENTATION_STYLE_ASSIGNMENT( ( #1063 ) );
#480 = ADVANCED_FACE( '', ( #1064, #1065 ), #1066, .T. );
#481 = PRESENTATION_STYLE_ASSIGNMENT( ( #1067 ) );
#482 = ADVANCED_FACE( '', ( #1068 ), #1069, .F. );
#483 = PRESENTATION_STYLE_ASSIGNMENT( ( #1070 ) );
#484 = ADVANCED_FACE( '', ( #1071 ), #1072, .F. );
#485 = PRESENTATION_STYLE_ASSIGNMENT( ( #1073 ) );
#486 = ADVANCED_FACE( '', ( #1074 ), #1075, .F. );
#487 = PRESENTATION_STYLE_ASSIGNMENT( ( #1076 ) );
#488 = ADVANCED_FACE( '', ( #1077 ), #1078, .T. );
#489 = PRESENTATION_STYLE_ASSIGNMENT( ( #1079 ) );
#490 = ADVANCED_FACE( '', ( #1080 ), #1081, .F. );
#491 = PRESENTATION_STYLE_ASSIGNMENT( ( #1082 ) );
#492 = ADVANCED_FACE( '', ( #1083 ), #1084, .F. );
#493 = PRESENTATION_STYLE_ASSIGNMENT( ( #1085 ) );
#494 = ADVANCED_FACE( '', ( #1086 ), #1087, .T. );
#495 = PRESENTATION_STYLE_ASSIGNMENT( ( #1088 ) );
#496 = ADVANCED_FACE( '', ( #1089 ), #1090, .F. );
#497 = PRESENTATION_STYLE_ASSIGNMENT( ( #1091 ) );
#498 = ADVANCED_FACE( '', ( #1092 ), #1093, .F. );
#499 = PRESENTATION_STYLE_ASSIGNMENT( ( #1094 ) );
#500 = ADVANCED_FACE( '', ( #1095 ), #1096, .T. );
#501 = PRESENTATION_STYLE_ASSIGNMENT( ( #1097 ) );
#502 = ADVANCED_FACE( '', ( #1098 ), #1099, .T. );
#503 = PRESENTATION_STYLE_ASSIGNMENT( ( #1100 ) );
#504 = ADVANCED_FACE( '', ( #1101 ), #1102, .F. );
#505 = PRESENTATION_STYLE_ASSIGNMENT( ( #1103 ) );
#506 = ADVANCED_FACE( '', ( #1104 ), #1105, .T. );
#507 = PRESENTATION_STYLE_ASSIGNMENT( ( #1106 ) );
#508 = ADVANCED_FACE( '', ( #1107 ), #1108, .F. );
#509 = PRESENTATION_STYLE_ASSIGNMENT( ( #1109 ) );
#510 = ADVANCED_FACE( '', ( #1110 ), #1111, .T. );
#511 = PRESENTATION_STYLE_ASSIGNMENT( ( #1112 ) );
#512 = ADVANCED_FACE( '', ( #1113 ), #1114, .F. );
#513 = PRESENTATION_STYLE_ASSIGNMENT( ( #1115 ) );
#514 = ADVANCED_FACE( '', ( #1116, #1117 ), #1118, .T. );
#515 = PRESENTATION_STYLE_ASSIGNMENT( ( #1119 ) );
#516 = ADVANCED_FACE( '', ( #1120 ), #1121, .F. );
#517 = PRESENTATION_STYLE_ASSIGNMENT( ( #1122 ) );
#518 = ADVANCED_FACE( '', ( #1123 ), #1124, .F. );
#519 = PRESENTATION_STYLE_ASSIGNMENT( ( #1125 ) );
#520 = ADVANCED_FACE( '', ( #1126 ), #1127, .F. );
#521 = PRESENTATION_STYLE_ASSIGNMENT( ( #1128 ) );
#522 = ADVANCED_FACE( '', ( #1129 ), #1130, .F. );
#523 = PRESENTATION_STYLE_ASSIGNMENT( ( #1131 ) );
#524 = ADVANCED_FACE( '', ( #1132 ), #1133, .F. );
#525 = PRESENTATION_STYLE_ASSIGNMENT( ( #1134 ) );
#526 = ADVANCED_FACE( '', ( #1135 ), #1136, .F. );
#527 = PRESENTATION_STYLE_ASSIGNMENT( ( #1137 ) );
#528 = ADVANCED_FACE( '', ( #1138 ), #1139, .T. );
#529 = PRESENTATION_STYLE_ASSIGNMENT( ( #1140 ) );
#530 = ADVANCED_FACE( '', ( #1141 ), #1142, .T. );
#531 = PRESENTATION_STYLE_ASSIGNMENT( ( #1143 ) );
#532 = ADVANCED_FACE( '', ( #1144 ), #1145, .T. );
#533 = PRESENTATION_STYLE_ASSIGNMENT( ( #1146 ) );
#534 = ADVANCED_FACE( '', ( #1147 ), #1148, .T. );
#535 = PRESENTATION_STYLE_ASSIGNMENT( ( #1149 ) );
#536 = ADVANCED_FACE( '', ( #1150, #1151 ), #1152, .T. );
#537 = PRESENTATION_STYLE_ASSIGNMENT( ( #1153 ) );
#538 = ADVANCED_FACE( '', ( #1154 ), #1155, .T. );
#539 = PRESENTATION_STYLE_ASSIGNMENT( ( #1156 ) );
#540 = ADVANCED_FACE( '', ( #1157 ), #1158, .T. );
#541 = PRESENTATION_STYLE_ASSIGNMENT( ( #1159 ) );
#542 = ADVANCED_FACE( '', ( #1160 ), #1161, .F. );
#543 = PRESENTATION_STYLE_ASSIGNMENT( ( #1162 ) );
#544 = ADVANCED_FACE( '', ( #1163 ), #1164, .T. );
#545 = PRESENTATION_STYLE_ASSIGNMENT( ( #1165 ) );
#546 = ADVANCED_FACE( '', ( #1166 ), #1167, .F. );
#547 = PRESENTATION_STYLE_ASSIGNMENT( ( #1168 ) );
#548 = ADVANCED_FACE( '', ( #1169 ), #1170, .F. );
#549 = PRESENTATION_STYLE_ASSIGNMENT( ( #1171 ) );
#550 = ADVANCED_FACE( '', ( #1172 ), #1173, .T. );
#551 = PRESENTATION_STYLE_ASSIGNMENT( ( #1174 ) );
#552 = ADVANCED_FACE( '', ( #1175 ), #1176, .T. );
#553 = PRESENTATION_STYLE_ASSIGNMENT( ( #1177 ) );
#554 = ADVANCED_FACE( '', ( #1178 ), #1179, .T. );
#555 = PRESENTATION_STYLE_ASSIGNMENT( ( #1180 ) );
#556 = ADVANCED_FACE( '', ( #1181 ), #1182, .F. );
#557 = PRESENTATION_STYLE_ASSIGNMENT( ( #1183 ) );
#558 = ADVANCED_FACE( '', ( #1184 ), #1185, .F. );
#559 = PRESENTATION_STYLE_ASSIGNMENT( ( #1186 ) );
#560 = ADVANCED_FACE( '', ( #1187 ), #1188, .T. );
#561 = PRESENTATION_STYLE_ASSIGNMENT( ( #1189 ) );
#562 = ADVANCED_FACE( '', ( #1190 ), #1191, .F. );
#563 = PRESENTATION_STYLE_ASSIGNMENT( ( #1192 ) );
#564 = ADVANCED_FACE( '', ( #1193 ), #1194, .T. );
#565 = PRESENTATION_STYLE_ASSIGNMENT( ( #1195 ) );
#566 = ADVANCED_FACE( '', ( #1196 ), #1197, .T. );
#567 = PRESENTATION_STYLE_ASSIGNMENT( ( #1198 ) );
#568 = ADVANCED_FACE( '', ( #1199 ), #1200, .F. );
#569 = PRESENTATION_STYLE_ASSIGNMENT( ( #1201 ) );
#570 = ADVANCED_FACE( '', ( #1202 ), #1203, .F. );
#571 = PRESENTATION_STYLE_ASSIGNMENT( ( #1204 ) );
#572 = ADVANCED_FACE( '', ( #1205 ), #1206, .T. );
#573 = PRESENTATION_STYLE_ASSIGNMENT( ( #1207 ) );
#574 = ADVANCED_FACE( '', ( #1208 ), #1209, .F. );
#575 = PRESENTATION_STYLE_ASSIGNMENT( ( #1210 ) );
#576 = ADVANCED_FACE( '', ( #1211 ), #1212, .F. );
#577 = PRESENTATION_STYLE_ASSIGNMENT( ( #1213 ) );
#578 = ADVANCED_FACE( '', ( #1214 ), #1215, .T. );
#579 = PRESENTATION_STYLE_ASSIGNMENT( ( #1216 ) );
#580 = ADVANCED_FACE( '', ( #1217 ), #1218, .T. );
#581 = PRESENTATION_STYLE_ASSIGNMENT( ( #1219 ) );
#582 = ADVANCED_FACE( '', ( #1220 ), #1221, .T. );
#583 = PRESENTATION_STYLE_ASSIGNMENT( ( #1222 ) );
#584 = ADVANCED_FACE( '', ( #1223 ), #1224, .F. );
#585 = PRESENTATION_STYLE_ASSIGNMENT( ( #1225 ) );
#586 = ADVANCED_FACE( '', ( #1226, #1227 ), #1228, .T. );
#587 = PRESENTATION_STYLE_ASSIGNMENT( ( #1229 ) );
#588 = ADVANCED_FACE( '', ( #1230 ), #1231, .T. );
#589 = PRESENTATION_STYLE_ASSIGNMENT( ( #1232 ) );
#590 = ADVANCED_FACE( '', ( #1233, #1234 ), #1235, .F. );
#591 = PRESENTATION_STYLE_ASSIGNMENT( ( #1236 ) );
#592 = ADVANCED_FACE( '', ( #1237 ), #1238, .T. );
#593 = PRESENTATION_STYLE_ASSIGNMENT( ( #1239 ) );
#594 = ADVANCED_FACE( '', ( #1240 ), #1241, .F. );
#595 = PRESENTATION_STYLE_ASSIGNMENT( ( #1242 ) );
#596 = ADVANCED_FACE( '', ( #1243 ), #1244, .T. );
#597 = PRESENTATION_STYLE_ASSIGNMENT( ( #1245 ) );
#598 = ADVANCED_FACE( '', ( #1246 ), #1247, .F. );
#599 = PRESENTATION_STYLE_ASSIGNMENT( ( #1248 ) );
#600 = ADVANCED_FACE( '', ( #1249 ), #1250, .F. );
#601 = PRESENTATION_STYLE_ASSIGNMENT( ( #1251 ) );
#602 = ADVANCED_FACE( '', ( #1252 ), #1253, .T. );
#603 = PRESENTATION_STYLE_ASSIGNMENT( ( #1254 ) );
#604 = ADVANCED_FACE( '', ( #1255 ), #1256, .T. );
#605 = PRESENTATION_STYLE_ASSIGNMENT( ( #1257 ) );
#606 = ADVANCED_FACE( '', ( #1258 ), #1259, .F. );
#607 = PRESENTATION_STYLE_ASSIGNMENT( ( #1260 ) );
#608 = ADVANCED_FACE( '', ( #1261 ), #1262, .T. );
#609 = PRESENTATION_STYLE_ASSIGNMENT( ( #1263 ) );
#610 = ADVANCED_FACE( '', ( #1264 ), #1265, .F. );
#611 = PRESENTATION_STYLE_ASSIGNMENT( ( #1266 ) );
#612 = ADVANCED_FACE( '', ( #1267, #1268 ), #1269, .T. );
#613 = PRESENTATION_STYLE_ASSIGNMENT( ( #1270 ) );
#614 = ADVANCED_FACE( '', ( #1271 ), #1272, .T. );
#615 = PRESENTATION_STYLE_ASSIGNMENT( ( #1273 ) );
#616 = ADVANCED_FACE( '', ( #1274 ), #1275, .F. );
#617 = PRESENTATION_STYLE_ASSIGNMENT( ( #1276 ) );
#618 = ADVANCED_FACE( '', ( #1277 ), #1278, .F. );
#619 = PRESENTATION_STYLE_ASSIGNMENT( ( #1279 ) );
#620 = ADVANCED_FACE( '', ( #1280 ), #1281, .F. );
#621 = PRESENTATION_STYLE_ASSIGNMENT( ( #1282 ) );
#622 = ADVANCED_FACE( '', ( #1283, #1284, #1285, #1286, #1287, #1288, #1289 ), #1290, .T. );
#623 = PRESENTATION_STYLE_ASSIGNMENT( ( #1291 ) );
#624 = ADVANCED_FACE( '', ( #1292 ), #1293, .T. );
#625 = PRESENTATION_STYLE_ASSIGNMENT( ( #1294 ) );
#626 = ADVANCED_FACE( '', ( #1295 ), #1296, .F. );
#627 = PRESENTATION_STYLE_ASSIGNMENT( ( #1297 ) );
#628 = ADVANCED_FACE( '', ( #1298 ), #1299, .F. );
#629 = PRESENTATION_STYLE_ASSIGNMENT( ( #1300 ) );
#630 = ADVANCED_FACE( '', ( #1301 ), #1302, .T. );
#631 = PRESENTATION_STYLE_ASSIGNMENT( ( #1303 ) );
#632 = ADVANCED_FACE( '', ( #1304 ), #1305, .F. );
#633 = PRESENTATION_STYLE_ASSIGNMENT( ( #1306 ) );
#634 = ADVANCED_FACE( '', ( #1307 ), #1308, .F. );
#635 = PRESENTATION_STYLE_ASSIGNMENT( ( #1309 ) );
#636 = ADVANCED_FACE( '', ( #1310 ), #1311, .F. );
#637 = PRESENTATION_STYLE_ASSIGNMENT( ( #1312 ) );
#638 = ADVANCED_FACE( '', ( #1313 ), #1314, .F. );
#639 = PRESENTATION_STYLE_ASSIGNMENT( ( #1315 ) );
#640 = ADVANCED_FACE( '', ( #1316 ), #1317, .T. );
#641 = PRESENTATION_STYLE_ASSIGNMENT( ( #1318 ) );
#642 = ADVANCED_FACE( '', ( #1319 ), #1320, .F. );
#643 = PRESENTATION_STYLE_ASSIGNMENT( ( #1321 ) );
#644 = ADVANCED_FACE( '', ( #1322 ), #1323, .T. );
#645 = PRESENTATION_STYLE_ASSIGNMENT( ( #1324 ) );
#646 = ADVANCED_FACE( '', ( #1325, #1326 ), #1327, .T. );
#647 = PRESENTATION_STYLE_ASSIGNMENT( ( #1328 ) );
#648 = ADVANCED_FACE( '', ( #1329 ), #1330, .F. );
#649 = PRESENTATION_STYLE_ASSIGNMENT( ( #1331 ) );
#650 = ADVANCED_FACE( '', ( #1332 ), #1333, .T. );
#651 = PRESENTATION_STYLE_ASSIGNMENT( ( #1334 ) );
#652 = ADVANCED_FACE( '', ( #1335 ), #1336, .F. );
#653 = PRESENTATION_STYLE_ASSIGNMENT( ( #1337 ) );
#654 = ADVANCED_FACE( '', ( #1338 ), #1339, .T. );
#655 = PRESENTATION_STYLE_ASSIGNMENT( ( #1340 ) );
#656 = ADVANCED_FACE( '', ( #1341 ), #1342, .F. );
#657 = PRESENTATION_STYLE_ASSIGNMENT( ( #1343 ) );
#658 = ADVANCED_FACE( '', ( #1344 ), #1345, .F. );
#659 = PRESENTATION_STYLE_ASSIGNMENT( ( #1346 ) );
#660 = ADVANCED_FACE( '', ( #1347 ), #1348, .T. );
#661 = PRESENTATION_STYLE_ASSIGNMENT( ( #1349 ) );
#662 = ADVANCED_FACE( '', ( #1350 ), #1351, .F. );
#663 = PRESENTATION_STYLE_ASSIGNMENT( ( #1352 ) );
#664 = ADVANCED_FACE( '', ( #1353 ), #1354, .T. );
#665 = PRESENTATION_STYLE_ASSIGNMENT( ( #1355 ) );
#666 = ADVANCED_FACE( '', ( #1356 ), #1357, .T. );
#667 = PRESENTATION_STYLE_ASSIGNMENT( ( #1358 ) );
#668 = ADVANCED_FACE( '', ( #1359 ), #1360, .F. );
#669 = PRESENTATION_STYLE_ASSIGNMENT( ( #1361 ) );
#670 = ADVANCED_FACE( '', ( #1362 ), #1363, .F. );
#671 = PRODUCT( 'Assem1', 'Assem1', 'PART-Assem1-DESC', ( #1364 ) );
#672 = PRODUCT_DEFINITION( 'NONE', 'NONE', #1365, #2 );
#673 = MAPPED_ITEM( '', #1366, #1367 );
#674 = MAPPED_ITEM( '', #1368, #1369 );
#675 = MAPPED_ITEM( '', #1370, #1371 );
#676 = MAPPED_ITEM( '', #1372, #1373 );
#677 = MAPPED_ITEM( '', #1374, #1375 );
#678 = AXIS2_PLACEMENT_3D( '', #1376, #1377, #1378 );
#679 = PRODUCT( 'clip', 'clip', 'PART-clip-DESC', ( #1364 ) );
#680 = PRODUCT_DEFINITION( 'NONE', 'NONE', #1379, #2 );
#681 = MANIFOLD_SOLID_BREP( 'clip', #1380 );
#682 = PRODUCT( 'RM10 bobbin', 'RM10 bobbin', 'PART-RM10 bobbin-DESC', ( #1364 ) );
#683 = PRODUCT_DEFINITION( 'NONE', 'NONE', #1381, #2 );
#684 = MANIFOLD_SOLID_BREP( 'RM10 bobbin', #1382 );
#685 = PRODUCT( 'RM10 core', 'RM10 core', 'PART-RM10 core-DESC', ( #1364 ) );
#686 = PRODUCT_DEFINITION( 'NONE', 'NONE', #1383, #2 );
#687 = MANIFOLD_SOLID_BREP( 'RM10 core', #1384 );
#690 = LENGTH_MEASURE_WITH_UNIT( LENGTH_MEASURE( 1.00000000000000 ), #1385 );
#693 = DIMENSIONAL_EXPONENTS( 1.00000000000000, 0.000000000000000, 0.000000000000000, 0.000000000000000, 0.000000000000000, 0.000000000000000, 0.000000000000000 );
#695 = DIMENSIONAL_EXPONENTS( 0.000000000000000, 0.000000000000000, 0.000000000000000, 0.000000000000000, 0.000000000000000, 0.000000000000000, 0.000000000000000 );
#701 = SURFACE_STYLE_USAGE( .BOTH., #1386 );
#702 = FACE_OUTER_BOUND( '', #1387, .T. );
#703 = CYLINDRICAL_SURFACE( '', #1388, 0.216336018831231 );
#704 = SURFACE_STYLE_USAGE( .BOTH., #1389 );
#705 = FACE_OUTER_BOUND( '', #1390, .T. );
#706 = PLANE( '', #1391 );
#707 = SURFACE_STYLE_USAGE( .BOTH., #1392 );
#708 = FACE_OUTER_BOUND( '', #1393, .T. );
#709 = PLANE( '', #1394 );
#710 = SURFACE_STYLE_USAGE( .BOTH., #1395 );
#711 = FACE_OUTER_BOUND( '', #1396, .T. );
#712 = PLANE( '', #1397 );
#713 = SURFACE_STYLE_USAGE( .BOTH., #1398 );
#714 = FACE_OUTER_BOUND( '', #1399, .T. );
#715 = FACE_OUTER_BOUND( '', #1400, .T. );
#716 = CYLINDRICAL_SURFACE( '', #1401, 0.300000000000000 );
#717 = SURFACE_STYLE_USAGE( .BOTH., #1402 );
#718 = FACE_OUTER_BOUND( '', #1403, .T. );
#719 = PLANE( '', #1404 );
#720 = SURFACE_STYLE_USAGE( .BOTH., #1405 );
#721 = FACE_OUTER_BOUND( '', #1406, .T. );
#722 = CYLINDRICAL_SURFACE( '', #1407, 0.300000000000000 );
#723 = SURFACE_STYLE_USAGE( .BOTH., #1408 );
#724 = FACE_OUTER_BOUND( '', #1409, .T. );
#725 = PLANE( '', #1410 );
#726 = SURFACE_STYLE_USAGE( .BOTH., #1411 );
#727 = FACE_OUTER_BOUND( '', #1412, .T. );
#728 = PLANE( '', #1413 );
#729 = SURFACE_STYLE_USAGE( .BOTH., #1414 );
#730 = FACE_OUTER_BOUND( '', #1415, .T. );
#731 = CYLINDRICAL_SURFACE( '', #1416, 0.300000000000000 );
#732 = SURFACE_STYLE_USAGE( .BOTH., #1417 );
#733 = FACE_OUTER_BOUND( '', #1418, .T. );
#734 = CYLINDRICAL_SURFACE( '', #1419, 0.699999999999419 );
#735 = SURFACE_STYLE_USAGE( .BOTH., #1420 );
#736 = FACE_OUTER_BOUND( '', #1421, .T. );
#737 = PLANE( '', #1422 );
#738 = SURFACE_STYLE_USAGE( .BOTH., #1423 );
#739 = FACE_OUTER_BOUND( '', #1424, .T. );
#740 = FACE_OUTER_BOUND( '', #1425, .T. );
#741 = CYLINDRICAL_SURFACE( '', #1426, 0.300000000000000 );
#742 = SURFACE_STYLE_USAGE( .BOTH., #1427 );
#743 = FACE_OUTER_BOUND( '', #1428, .T. );
#744 = PLANE( '', #1429 );
#745 = SURFACE_STYLE_USAGE( .BOTH., #1430 );
#746 = FACE_OUTER_BOUND( '', #1431, .T. );
#747 = CYLINDRICAL_SURFACE( '', #1432, 0.716336018831796 );
#748 = SURFACE_STYLE_USAGE( .BOTH., #1433 );
#749 = FACE_OUTER_BOUND( '', #1434, .T. );
#750 = CYLINDRICAL_SURFACE( '', #1435, 9.50000000000000 );
#751 = SURFACE_STYLE_USAGE( .BOTH., #1436 );
#752 = FACE_OUTER_BOUND( '', #1437, .T. );
#753 = CYLINDRICAL_SURFACE( '', #1438, 0.300000000000000 );
#754 = SURFACE_STYLE_USAGE( .BOTH., #1439 );
#755 = FACE_OUTER_BOUND( '', #1440, .T. );
#756 = PLANE( '', #1441 );
#757 = SURFACE_STYLE_USAGE( .BOTH., #1442 );
#758 = FACE_OUTER_BOUND( '', #1443, .T. );
#759 = CYLINDRICAL_SURFACE( '', #1444, 1.19999999999998 );
#760 = SURFACE_STYLE_USAGE( .BOTH., #1445 );
#761 = FACE_OUTER_BOUND( '', #1446, .T. );
#762 = CYLINDRICAL_SURFACE( '', #1447, 0.300000000000000 );
#763 = SURFACE_STYLE_USAGE( .BOTH., #1448 );
#764 = FACE_OUTER_BOUND( '', #1449, .T. );
#765 = PLANE( '', #1450 );
#766 = SURFACE_STYLE_USAGE( .BOTH., #1451 );
#767 = FACE_OUTER_BOUND( '', #1452, .T. );
#768 = CYLINDRICAL_SURFACE( '', #1453, 2.12000000000000 );
#769 = SURFACE_STYLE_USAGE( .BOTH., #1454 );
#770 = FACE_OUTER_BOUND( '', #1455, .T. );
#771 = CYLINDRICAL_SURFACE( '', #1456, 0.216336018921858 );
#772 = SURFACE_STYLE_USAGE( .BOTH., #1457 );
#773 = FACE_OUTER_BOUND( '', #1458, .T. );
#774 = PLANE( '', #1459 );
#775 = SURFACE_STYLE_USAGE( .BOTH., #1460 );
#776 = FACE_OUTER_BOUND( '', #1461, .T. );
#777 = CYLINDRICAL_SURFACE( '', #1462, 0.300000000000000 );
#778 = SURFACE_STYLE_USAGE( .BOTH., #1463 );
#779 = FACE_OUTER_BOUND( '', #1464, .T. );
#780 = CYLINDRICAL_SURFACE( '', #1465, 0.300000000000000 );
#781 = SURFACE_STYLE_USAGE( .BOTH., #1466 );
#782 = FACE_OUTER_BOUND( '', #1467, .T. );
#783 = PLANE( '', #1468 );
#784 = SURFACE_STYLE_USAGE( .BOTH., #1469 );
#785 = FACE_OUTER_BOUND( '', #1470, .T. );
#786 = FACE_OUTER_BOUND( '', #1471, .T. );
#787 = CYLINDRICAL_SURFACE( '', #1472, 0.300000000000000 );
#788 = SURFACE_STYLE_USAGE( .BOTH., #1473 );
#789 = FACE_OUTER_BOUND( '', #1474, .T. );
#790 = FACE_BOUND( '', #1475, .T. );
#791 = FACE_BOUND( '', #1476, .T. );
#792 = FACE_BOUND( '', #1477, .T. );
#793 = FACE_BOUND( '', #1478, .T. );
#794 = FACE_BOUND( '', #1479, .T. );
#795 = FACE_BOUND( '', #1480, .T. );
#796 = PLANE( '', #1481 );
#797 = SURFACE_STYLE_USAGE( .BOTH., #1482 );
#798 = FACE_OUTER_BOUND( '', #1483, .T. );
#799 = PLANE( '', #1484 );
#800 = SURFACE_STYLE_USAGE( .BOTH., #1485 );
#801 = FACE_OUTER_BOUND( '', #1486, .T. );
#802 = PLANE( '', #1487 );
#803 = SURFACE_STYLE_USAGE( .BOTH., #1488 );
#804 = FACE_OUTER_BOUND( '', #1489, .T. );
#805 = CYLINDRICAL_SURFACE( '', #1490, 0.716336018831796 );
#806 = SURFACE_STYLE_USAGE( .BOTH., #1491 );
#807 = FACE_OUTER_BOUND( '', #1492, .T. );
#808 = PLANE( '', #1493 );
#809 = SURFACE_STYLE_USAGE( .BOTH., #1494 );
#810 = FACE_OUTER_BOUND( '', #1495, .T. );
#811 = CYLINDRICAL_SURFACE( '', #1496, 0.300000000000000 );
#812 = SURFACE_STYLE_USAGE( .BOTH., #1497 );
#813 = FACE_OUTER_BOUND( '', #1498, .T. );
#814 = FACE_OUTER_BOUND( '', #1499, .T. );
#815 = CYLINDRICAL_SURFACE( '', #1500, 0.300000000000000 );
#816 = SURFACE_STYLE_USAGE( .BOTH., #1501 );
#817 = FACE_OUTER_BOUND( '', #1502, .T. );
#818 = PLANE( '', #1503 );
#819 = SURFACE_STYLE_USAGE( .BOTH., #1504 );
#820 = FACE_OUTER_BOUND( '', #1505, .T. );
#821 = CYLINDRICAL_SURFACE( '', #1506, 0.300000000000000 );
#822 = SURFACE_STYLE_USAGE( .BOTH., #1507 );
#823 = FACE_OUTER_BOUND( '', #1508, .T. );
#824 = PLANE( '', #1509 );
#825 = SURFACE_STYLE_USAGE( .BOTH., #1510 );
#826 = FACE_OUTER_BOUND( '', #1511, .T. );
#827 = FACE_OUTER_BOUND( '', #1512, .T. );
#828 = CYLINDRICAL_SURFACE( '', #1513, 0.300000000000000 );
#829 = SURFACE_STYLE_USAGE( .BOTH., #1514 );
#830 = FACE_OUTER_BOUND( '', #1515, .T. );
#831 = PLANE( '', #1516 );
#832 = SURFACE_STYLE_USAGE( .BOTH., #1517 );
#833 = FACE_OUTER_BOUND( '', #1518, .T. );
#834 = CYLINDRICAL_SURFACE( '', #1519, 0.300000000000000 );
#835 = SURFACE_STYLE_USAGE( .BOTH., #1520 );
#836 = FACE_OUTER_BOUND( '', #1521, .T. );
#837 = CYLINDRICAL_SURFACE( '', #1522, 10.5000000000000 );
#838 = SURFACE_STYLE_USAGE( .BOTH., #1523 );
#839 = FACE_OUTER_BOUND( '', #1524, .T. );
#840 = PLANE( '', #1525 );
#841 = SURFACE_STYLE_USAGE( .BOTH., #1526 );
#842 = FACE_OUTER_BOUND( '', #1527, .T. );
#843 = CYLINDRICAL_SURFACE( '', #1528, 0.300000000000000 );
#844 = SURFACE_STYLE_USAGE( .BOTH., #1529 );
#845 = FACE_OUTER_BOUND( '', #1530, .T. );
#846 = PLANE( '', #1531 );
#847 = SURFACE_STYLE_USAGE( .BOTH., #1532 );
#848 = FACE_OUTER_BOUND( '', #1533, .T. );
#849 = PLANE( '', #1534 );
#850 = SURFACE_STYLE_USAGE( .BOTH., #1535 );
#851 = FACE_OUTER_BOUND( '', #1536, .T. );
#852 = PLANE( '', #1537 );
#853 = SURFACE_STYLE_USAGE( .BOTH., #1538 );
#854 = FACE_OUTER_BOUND( '', #1539, .T. );
#855 = PLANE( '', #1540 );
#856 = SURFACE_STYLE_USAGE( .BOTH., #1541 );
#857 = FACE_OUTER_BOUND( '', #1542, .T. );
#858 = PLANE( '', #1543 );
#859 = SURFACE_STYLE_USAGE( .BOTH., #1544 );
#860 = FACE_OUTER_BOUND( '', #1545, .T. );
#861 = PLANE( '', #1546 );
#862 = SURFACE_STYLE_USAGE( .BOTH., #1547 );
#863 = FACE_OUTER_BOUND( '', #1548, .T. );
#864 = CYLINDRICAL_SURFACE( '', #1549, 0.300000000000000 );
#865 = SURFACE_STYLE_USAGE( .BOTH., #1550 );
#866 = FACE_OUTER_BOUND( '', #1551, .T. );
#867 = FACE_OUTER_BOUND( '', #1552, .T. );
#868 = CYLINDRICAL_SURFACE( '', #1553, 0.300000000000000 );
#869 = SURFACE_STYLE_USAGE( .BOTH., #1554 );
#870 = FACE_OUTER_BOUND( '', #1555, .T. );
#871 = CYLINDRICAL_SURFACE( '', #1556, 10.0000000000000 );
#872 = SURFACE_STYLE_USAGE( .BOTH., #1557 );
#873 = FACE_OUTER_BOUND( '', #1558, .T. );
#874 = CYLINDRICAL_SURFACE( '', #1559, 10.0000000000000 );
#875 = SURFACE_STYLE_USAGE( .BOTH., #1560 );
#876 = FACE_OUTER_BOUND( '', #1561, .T. );
#877 = CYLINDRICAL_SURFACE( '', #1562, 0.300000000000000 );
#878 = SURFACE_STYLE_USAGE( .BOTH., #1563 );
#879 = FACE_OUTER_BOUND( '', #1564, .T. );
#880 = CYLINDRICAL_SURFACE( '', #1565, 0.300000000000000 );
#881 = SURFACE_STYLE_USAGE( .BOTH., #1566 );
#882 = FACE_OUTER_BOUND( '', #1567, .T. );
#883 = FACE_OUTER_BOUND( '', #1568, .T. );
#884 = CYLINDRICAL_SURFACE( '', #1569, 1.00000000000000 );
#885 = SURFACE_STYLE_USAGE( .BOTH., #1570 );
#886 = FACE_OUTER_BOUND( '', #1571, .T. );
#887 = FACE_OUTER_BOUND( '', #1572, .T. );
#888 = CYLINDRICAL_SURFACE( '', #1573, 5.35000000000000 );
#889 = SURFACE_STYLE_USAGE( .BOTH., #1574 );
#890 = FACE_OUTER_BOUND( '', #1575, .T. );
#891 = PLANE( '', #1576 );
#892 = SURFACE_STYLE_USAGE( .BOTH., #1577 );
#893 = FACE_OUTER_BOUND( '', #1578, .T. );
#894 = PLANE( '', #1579 );
#895 = SURFACE_STYLE_USAGE( .BOTH., #1580 );
#896 = FACE_OUTER_BOUND( '', #1581, .T. );
#897 = PLANE( '', #1582 );
#898 = SURFACE_STYLE_USAGE( .BOTH., #1583 );
#899 = FACE_OUTER_BOUND( '', #1584, .T. );
#900 = PLANE( '', #1585 );
#901 = SURFACE_STYLE_USAGE( .BOTH., #1586 );
#902 = FACE_OUTER_BOUND( '', #1587, .T. );
#903 = CYLINDRICAL_SURFACE( '', #1588, 0.300000000000000 );
#904 = SURFACE_STYLE_USAGE( .BOTH., #1589 );
#905 = FACE_OUTER_BOUND( '', #1590, .T. );
#906 = PLANE( '', #1591 );
#907 = SURFACE_STYLE_USAGE( .BOTH., #1592 );
#908 = FACE_OUTER_BOUND( '', #1593, .T. );
#909 = PLANE( '', #1594 );
#910 = SURFACE_STYLE_USAGE( .BOTH., #1595 );
#911 = FACE_OUTER_BOUND( '', #1596, .T. );
#912 = PLANE( '', #1597 );
#913 = SURFACE_STYLE_USAGE( .BOTH., #1598 );
#914 = FACE_OUTER_BOUND( '', #1599, .T. );
#915 = PLANE( '', #1600 );
#916 = SURFACE_STYLE_USAGE( .BOTH., #1601 );
#917 = FACE_OUTER_BOUND( '', #1602, .T. );
#918 = CYLINDRICAL_SURFACE( '', #1603, 0.300000000000000 );
#919 = SURFACE_STYLE_USAGE( .BOTH., #1604 );
#920 = FACE_OUTER_BOUND( '', #1605, .T. );
#921 = PLANE( '', #1606 );
#922 = SURFACE_STYLE_USAGE( .BOTH., #1607 );
#923 = FACE_OUTER_BOUND( '', #1608, .T. );
#924 = PLANE( '', #1609 );
#925 = SURFACE_STYLE_USAGE( .BOTH., #1610 );
#926 = FACE_OUTER_BOUND( '', #1611, .T. );
#927 = PLANE( '', #1612 );
#928 = SURFACE_STYLE_USAGE( .BOTH., #1613 );
#929 = FACE_OUTER_BOUND( '', #1614, .T. );
#930 = PLANE( '', #1615 );
#931 = SURFACE_STYLE_USAGE( .BOTH., #1616 );
#932 = FACE_OUTER_BOUND( '', #1617, .T. );
#933 = PLANE( '', #1618 );
#934 = SURFACE_STYLE_USAGE( .BOTH., #1619 );
#935 = FACE_OUTER_BOUND( '', #1620, .T. );
#936 = CYLINDRICAL_SURFACE( '', #1621, 0.300000000000000 );
#937 = SURFACE_STYLE_USAGE( .BOTH., #1622 );
#938 = FACE_OUTER_BOUND( '', #1623, .T. );
#939 = CYLINDRICAL_SURFACE( '', #1624, 0.300000000000000 );
#940 = SURFACE_STYLE_USAGE( .BOTH., #1625 );
#941 = FACE_OUTER_BOUND( '', #1626, .T. );
#942 = CYLINDRICAL_SURFACE( '', #1627, 0.300000000000000 );
#943 = SURFACE_STYLE_USAGE( .BOTH., #1628 );
#944 = FACE_OUTER_BOUND( '', #1629, .T. );
#945 = PLANE( '', #1630 );
#946 = SURFACE_STYLE_USAGE( .BOTH., #1631 );
#947 = FACE_OUTER_BOUND( '', #1632, .T. );
#948 = PLANE( '', #1633 );
#949 = SURFACE_STYLE_USAGE( .BOTH., #1634 );
#950 = FACE_OUTER_BOUND( '', #1635, .T. );
#951 = PLANE( '', #1636 );
#952 = SURFACE_STYLE_USAGE( .BOTH., #1637 );
#953 = FACE_OUTER_BOUND( '', #1638, .T. );
#954 = CYLINDRICAL_SURFACE( '', #1639, 2.12000000000000 );
#955 = SURFACE_STYLE_USAGE( .BOTH., #1640 );
#956 = FACE_OUTER_BOUND( '', #1641, .T. );
#957 = CYLINDRICAL_SURFACE( '', #1642, 1.20000000015030 );
#958 = SURFACE_STYLE_USAGE( .BOTH., #1643 );
#959 = FACE_OUTER_BOUND( '', #1644, .T. );
#960 = PLANE( '', #1645 );
#961 = SURFACE_STYLE_USAGE( .BOTH., #1646 );
#962 = FACE_OUTER_BOUND( '', #1647, .T. );
#963 = CYLINDRICAL_SURFACE( '', #1648, 10.8250000000000 );
#964 = SURFACE_STYLE_USAGE( .BOTH., #1649 );
#965 = FACE_OUTER_BOUND( '', #1650, .T. );
#966 = PLANE( '', #1651 );
#967 = SURFACE_STYLE_USAGE( .BOTH., #1652 );
#968 = FACE_OUTER_BOUND( '', #1653, .T. );
#969 = PLANE( '', #1654 );
#970 = SURFACE_STYLE_USAGE( .BOTH., #1655 );
#971 = FACE_OUTER_BOUND( '', #1656, .T. );
#972 = PLANE( '', #1657 );
#973 = SURFACE_STYLE_USAGE( .BOTH., #1658 );
#974 = FACE_OUTER_BOUND( '', #1659, .T. );
#975 = PLANE( '', #1660 );
#976 = SURFACE_STYLE_USAGE( .BOTH., #1661 );
#977 = FACE_OUTER_BOUND( '', #1662, .T. );
#978 = PLANE( '', #1663 );
#979 = SURFACE_STYLE_USAGE( .BOTH., #1664 );
#980 = FACE_OUTER_BOUND( '', #1665, .T. );
#981 = PLANE( '', #1666 );
#982 = SURFACE_STYLE_USAGE( .BOTH., #1667 );
#983 = FACE_OUTER_BOUND( '', #1668, .T. );
#984 = FACE_BOUND( '', #1669, .T. );
#985 = PLANE( '', #1670 );
#986 = SURFACE_STYLE_USAGE( .BOTH., #1671 );
#987 = FACE_OUTER_BOUND( '', #1672, .T. );
#988 = CYLINDRICAL_SURFACE( '', #1673, 0.300000000000000 );
#989 = SURFACE_STYLE_USAGE( .BOTH., #1674 );
#990 = FACE_OUTER_BOUND( '', #1675, .T. );
#991 = PLANE( '', #1676 );
#992 = SURFACE_STYLE_USAGE( .BOTH., #1677 );
#993 = FACE_OUTER_BOUND( '', #1678, .T. );
#994 = PLANE( '', #1679 );
#995 = SURFACE_STYLE_USAGE( .BOTH., #1680 );
#996 = FACE_OUTER_BOUND( '', #1681, .T. );
#997 = CYLINDRICAL_SURFACE( '', #1682, 0.300000000000000 );
#998 = SURFACE_STYLE_USAGE( .BOTH., #1683 );
#999 = FACE_OUTER_BOUND( '', #1684, .T. );
#1000 = CYLINDRICAL_SURFACE( '', #1685, 0.300000000000000 );
#1001 = SURFACE_STYLE_USAGE( .BOTH., #1686 );
#1002 = FACE_OUTER_BOUND( '', #1687, .T. );
#1003 = CYLINDRICAL_SURFACE( '', #1688, 738.529191947733 );
#1004 = SURFACE_STYLE_USAGE( .BOTH., #1689 );
#1005 = FACE_OUTER_BOUND( '', #1690, .T. );
#1006 = PLANE( '', #1691 );
#1007 = SURFACE_STYLE_USAGE( .BOTH., #1692 );
#1008 = FACE_OUTER_BOUND( '', #1693, .T. );
#1009 = CYLINDRICAL_SURFACE( '', #1694, 0.300000000000000 );
#1010 = SURFACE_STYLE_USAGE( .BOTH., #1695 );
#1011 = FACE_OUTER_BOUND( '', #1696, .T. );
#1012 = PLANE( '', #1697 );
#1013 = SURFACE_STYLE_USAGE( .BOTH., #1698 );
#1014 = FACE_OUTER_BOUND( '', #1699, .T. );
#1015 = PLANE( '', #1700 );
#1016 = SURFACE_STYLE_USAGE( .BOTH., #1701 );
#1017 = FACE_OUTER_BOUND( '', #1702, .T. );
#1018 = PLANE( '', #1703 );
#1019 = SURFACE_STYLE_USAGE( .BOTH., #1704 );
#1020 = FACE_OUTER_BOUND( '', #1705, .T. );
#1021 = PLANE( '', #1706 );
#1022 = SURFACE_STYLE_USAGE( .BOTH., #1707 );
#1023 = FACE_OUTER_BOUND( '', #1708, .T. );
#1024 = PLANE( '', #1709 );
#1025 = SURFACE_STYLE_USAGE( .BOTH., #1710 );
#1026 = FACE_OUTER_BOUND( '', #1711, .T. );
#1027 = CYLINDRICAL_SURFACE( '', #1712, 0.300000000000000 );
#1028 = SURFACE_STYLE_USAGE( .BOTH., #1713 );
#1029 = FACE_OUTER_BOUND( '', #1714, .T. );
#1030 = PLANE( '', #1715 );
#1031 = SURFACE_STYLE_USAGE( .BOTH., #1716 );
#1032 = FACE_OUTER_BOUND( '', #1717, .T. );
#1033 = PLANE( '', #1718 );
#1034 = SURFACE_STYLE_USAGE( .BOTH., #1719 );
#1035 = FACE_OUTER_BOUND( '', #1720, .T. );
#1036 = CYLINDRICAL_SURFACE( '', #1721, 0.300000000000000 );
#1037 = SURFACE_STYLE_USAGE( .BOTH., #1722 );
#1038 = FACE_OUTER_BOUND( '', #1723, .T. );
#1039 = CYLINDRICAL_SURFACE( '', #1724, 3.05384615384616 );
#1040 = SURFACE_STYLE_USAGE( .BOTH., #1725 );
#1041 = FACE_OUTER_BOUND( '', #1726, .T. );
#1042 = PLANE( '', #1727 );
#1043 = SURFACE_STYLE_USAGE( .BOTH., #1728 );
#1044 = FACE_OUTER_BOUND( '', #1729, .T. );
#1045 = FACE_OUTER_BOUND( '', #1730, .T. );
#1046 = CYLINDRICAL_SURFACE( '', #1731, 0.300000000000000 );
#1047 = SURFACE_STYLE_USAGE( .BOTH., #1732 );
#1048 = FACE_OUTER_BOUND( '', #1733, .T. );
#1049 = PLANE( '', #1734 );
#1050 = SURFACE_STYLE_USAGE( .BOTH., #1735 );
#1051 = FACE_OUTER_BOUND( '', #1736, .T. );
#1052 = CYLINDRICAL_SURFACE( '', #1737, 0.300000000000000 );
#1053 = SURFACE_STYLE_USAGE( .BOTH., #1738 );
#1054 = FACE_OUTER_BOUND( '', #1739, .T. );
#1055 = CYLINDRICAL_SURFACE( '', #1740, 10.5000000000000 );
#1056 = SURFACE_STYLE_USAGE( .BOTH., #1741 );
#1057 = FACE_BOUND( '', #1742, .T. );
#1058 = FACE_OUTER_BOUND( '', #1743, .T. );
#1059 = PLANE( '', #1744 );
#1060 = SURFACE_STYLE_USAGE( .BOTH., #1745 );
#1061 = FACE_OUTER_BOUND( '', #1746, .T. );
#1062 = CYLINDRICAL_SURFACE( '', #1747, 0.350000000000000 );
#1063 = SURFACE_STYLE_USAGE( .BOTH., #1748 );
#1064 = FACE_OUTER_BOUND( '', #1749, .T. );
#1065 = FACE_OUTER_BOUND( '', #1750, .T. );
#1066 = CYLINDRICAL_SURFACE( '', #1751, 0.300000000000000 );
#1067 = SURFACE_STYLE_USAGE( .BOTH., #1752 );
#1068 = FACE_OUTER_BOUND( '', #1753, .T. );
#1069 = PLANE( '', #1754 );
#1070 = SURFACE_STYLE_USAGE( .BOTH., #1755 );
#1071 = FACE_OUTER_BOUND( '', #1756, .T. );
#1072 = PLANE( '', #1757 );
#1073 = SURFACE_STYLE_USAGE( .BOTH., #1758 );
#1074 = FACE_OUTER_BOUND( '', #1759, .T. );
#1075 = CYLINDRICAL_SURFACE( '', #1760, 0.700000000149739 );
#1076 = SURFACE_STYLE_USAGE( .BOTH., #1761 );
#1077 = FACE_OUTER_BOUND( '', #1762, .T. );
#1078 = CYLINDRICAL_SURFACE( '', #1763, 0.300000000000000 );
#1079 = SURFACE_STYLE_USAGE( .BOTH., #1764 );
#1080 = FACE_OUTER_BOUND( '', #1765, .T. );
#1081 = PLANE( '', #1766 );
#1082 = SURFACE_STYLE_USAGE( .BOTH., #1767 );
#1083 = FACE_OUTER_BOUND( '', #1768, .T. );
#1084 = PLANE( '', #1769 );
#1085 = SURFACE_STYLE_USAGE( .BOTH., #1770 );
#1086 = FACE_OUTER_BOUND( '', #1771, .T. );
#1087 = CYLINDRICAL_SURFACE( '', #1772, 0.300000000000000 );
#1088 = SURFACE_STYLE_USAGE( .BOTH., #1773 );
#1089 = FACE_OUTER_BOUND( '', #1774, .T. );
#1090 = PLANE( '', #1775 );
#1091 = SURFACE_STYLE_USAGE( .BOTH., #1776 );
#1092 = FACE_OUTER_BOUND( '', #1777, .T. );
#1093 = CYLINDRICAL_SURFACE( '', #1778, 0.699999999999419 );
#1094 = SURFACE_STYLE_USAGE( .BOTH., #1779 );
#1095 = FACE_OUTER_BOUND( '', #1780, .T. );
#1096 = PLANE( '', #1781 );
#1097 = SURFACE_STYLE_USAGE( .BOTH., #1782 );
#1098 = FACE_OUTER_BOUND( '', #1783, .T. );
#1099 = PLANE( '', #1784 );
#1100 = SURFACE_STYLE_USAGE( .BOTH., #1785 );
#1101 = FACE_OUTER_BOUND( '', #1786, .T. );
#1102 = CYLINDRICAL_SURFACE( '', #1787, 10.8250000000000 );
#1103 = SURFACE_STYLE_USAGE( .BOTH., #1788 );
#1104 = FACE_OUTER_BOUND( '', #1789, .T. );
#1105 = PLANE( '', #1790 );
#1106 = SURFACE_STYLE_USAGE( .BOTH., #1791 );
#1107 = FACE_OUTER_BOUND( '', #1792, .T. );
#1108 = PLANE( '', #1793 );
#1109 = SURFACE_STYLE_USAGE( .BOTH., #1794 );
#1110 = FACE_OUTER_BOUND( '', #1795, .T. );
#1111 = PLANE( '', #1796 );
#1112 = SURFACE_STYLE_USAGE( .BOTH., #1797 );
#1113 = FACE_OUTER_BOUND( '', #1798, .T. );
#1114 = PLANE( '', #1799 );
#1115 = SURFACE_STYLE_USAGE( .BOTH., #1800 );
#1116 = FACE_OUTER_BOUND( '', #1801, .T. );
#1117 = FACE_OUTER_BOUND( '', #1802, .T. );
#1118 = CYLINDRICAL_SURFACE( '', #1803, 0.300000000000000 );
#1119 = SURFACE_STYLE_USAGE( .BOTH., #1804 );
#1120 = FACE_OUTER_BOUND( '', #1805, .T. );
#1121 = PLANE( '', #1806 );
#1122 = SURFACE_STYLE_USAGE( .BOTH., #1807 );
#1123 = FACE_OUTER_BOUND( '', #1808, .T. );
#1124 = CYLINDRICAL_SURFACE( '', #1809, 0.216336018831231 );
#1125 = SURFACE_STYLE_USAGE( .BOTH., #1810 );
#1126 = FACE_OUTER_BOUND( '', #1811, .T. );
#1127 = PLANE( '', #1812 );
#1128 = SURFACE_STYLE_USAGE( .BOTH., #1813 );
#1129 = FACE_OUTER_BOUND( '', #1814, .T. );
#1130 = PLANE( '', #1815 );
#1131 = SURFACE_STYLE_USAGE( .BOTH., #1816 );
#1132 = FACE_OUTER_BOUND( '', #1817, .T. );
#1133 = PLANE( '', #1818 );
#1134 = SURFACE_STYLE_USAGE( .BOTH., #1819 );
#1135 = FACE_OUTER_BOUND( '', #1820, .T. );
#1136 = CYLINDRICAL_SURFACE( '', #1821, 0.550000000000000 );
#1137 = SURFACE_STYLE_USAGE( .BOTH., #1822 );
#1138 = FACE_OUTER_BOUND( '', #1823, .T. );
#1139 = CYLINDRICAL_SURFACE( '', #1824, 0.716336018922423 );
#1140 = SURFACE_STYLE_USAGE( .BOTH., #1825 );
#1141 = FACE_OUTER_BOUND( '', #1826, .T. );
#1142 = PLANE( '', #1827 );
#1143 = SURFACE_STYLE_USAGE( .BOTH., #1828 );
#1144 = FACE_OUTER_BOUND( '', #1829, .T. );
#1145 = CYLINDRICAL_SURFACE( '', #1830, 0.300000000000000 );
#1146 = SURFACE_STYLE_USAGE( .BOTH., #1831 );
#1147 = FACE_OUTER_BOUND( '', #1832, .T. );
#1148 = CYLINDRICAL_SURFACE( '', #1833, 0.300000000000000 );
#1149 = SURFACE_STYLE_USAGE( .BOTH., #1834 );
#1150 = FACE_OUTER_BOUND( '', #1835, .T. );
#1151 = FACE_OUTER_BOUND( '', #1836, .T. );
#1152 = CYLINDRICAL_SURFACE( '', #1837, 0.300000000000000 );
#1153 = SURFACE_STYLE_USAGE( .BOTH., #1838 );
#1154 = FACE_OUTER_BOUND( '', #1839, .T. );
#1155 = PLANE( '', #1840 );
#1156 = SURFACE_STYLE_USAGE( .BOTH., #1841 );
#1157 = FACE_OUTER_BOUND( '', #1842, .T. );
#1158 = PLANE( '', #1843 );
#1159 = SURFACE_STYLE_USAGE( .BOTH., #1844 );
#1160 = FACE_OUTER_BOUND( '', #1845, .T. );
#1161 = PLANE( '', #1846 );
#1162 = SURFACE_STYLE_USAGE( .BOTH., #1847 );
#1163 = FACE_OUTER_BOUND( '', #1848, .T. );
#1164 = PLANE( '', #1849 );
#1165 = SURFACE_STYLE_USAGE( .BOTH., #1850 );
#1166 = FACE_OUTER_BOUND( '', #1851, .T. );
#1167 = PLANE( '', #1852 );
#1168 = SURFACE_STYLE_USAGE( .BOTH., #1853 );
#1169 = FACE_OUTER_BOUND( '', #1854, .T. );
#1170 = PLANE( '', #1855 );
#1171 = SURFACE_STYLE_USAGE( .BOTH., #1856 );
#1172 = FACE_OUTER_BOUND( '', #1857, .T. );
#1173 = PLANE( '', #1858 );
#1174 = SURFACE_STYLE_USAGE( .BOTH., #1859 );
#1175 = FACE_OUTER_BOUND( '', #1860, .T. );
#1176 = PLANE( '', #1861 );
#1177 = SURFACE_STYLE_USAGE( .BOTH., #1862 );
#1178 = FACE_OUTER_BOUND( '', #1863, .T. );
#1179 = CYLINDRICAL_SURFACE( '', #1864, 0.300000000000000 );
#1180 = SURFACE_STYLE_USAGE( .BOTH., #1865 );
#1181 = FACE_OUTER_BOUND( '', #1866, .T. );
#1182 = PLANE( '', #1867 );
#1183 = SURFACE_STYLE_USAGE( .BOTH., #1868 );
#1184 = FACE_OUTER_BOUND( '', #1869, .T. );
#1185 = PLANE( '', #1870 );
#1186 = SURFACE_STYLE_USAGE( .BOTH., #1871 );
#1187 = FACE_OUTER_BOUND( '', #1872, .T. );
#1188 = CYLINDRICAL_SURFACE( '', #1873, 0.300000000000000 );
#1189 = SURFACE_STYLE_USAGE( .BOTH., #1874 );
#1190 = FACE_OUTER_BOUND( '', #1875, .T. );
#1191 = PLANE( '', #1876 );
#1192 = SURFACE_STYLE_USAGE( .BOTH., #1877 );
#1193 = FACE_OUTER_BOUND( '', #1878, .T. );
#1194 = PLANE( '', #1879 );
#1195 = SURFACE_STYLE_USAGE( .BOTH., #1880 );
#1196 = FACE_OUTER_BOUND( '', #1881, .T. );
#1197 = CYLINDRICAL_SURFACE( '', #1882, 10.5000000000000 );
#1198 = SURFACE_STYLE_USAGE( .BOTH., #1883 );
#1199 = FACE_OUTER_BOUND( '', #1884, .T. );
#1200 = PLANE( '', #1885 );
#1201 = SURFACE_STYLE_USAGE( .BOTH., #1886 );
#1202 = FACE_OUTER_BOUND( '', #1887, .T. );
#1203 = PLANE( '', #1888 );
#1204 = SURFACE_STYLE_USAGE( .BOTH., #1889 );
#1205 = FACE_OUTER_BOUND( '', #1890, .T. );
#1206 = PLANE( '', #1891 );
#1207 = SURFACE_STYLE_USAGE( .BOTH., #1892 );
#1208 = FACE_OUTER_BOUND( '', #1893, .T. );
#1209 = CYLINDRICAL_SURFACE( '', #1894, 0.300000000000000 );
#1210 = SURFACE_STYLE_USAGE( .BOTH., #1895 );
#1211 = FACE_OUTER_BOUND( '', #1896, .T. );
#1212 = CYLINDRICAL_SURFACE( '', #1897, 0.300000000000000 );
#1213 = SURFACE_STYLE_USAGE( .BOTH., #1898 );
#1214 = FACE_OUTER_BOUND( '', #1899, .T. );
#1215 = CYLINDRICAL_SURFACE( '', #1900, 0.300000000000000 );
#1216 = SURFACE_STYLE_USAGE( .BOTH., #1901 );
#1217 = FACE_OUTER_BOUND( '', #1902, .T. );
#1218 = PLANE( '', #1903 );
#1219 = SURFACE_STYLE_USAGE( .BOTH., #1904 );
#1220 = FACE_OUTER_BOUND( '', #1905, .T. );
#1221 = PLANE( '', #1906 );
#1222 = SURFACE_STYLE_USAGE( .BOTH., #1907 );
#1223 = FACE_OUTER_BOUND( '', #1908, .T. );
#1224 = CYLINDRICAL_SURFACE( '', #1909, 0.550000000000000 );
#1225 = SURFACE_STYLE_USAGE( .BOTH., #1910 );
#1226 = FACE_OUTER_BOUND( '', #1911, .T. );
#1227 = FACE_OUTER_BOUND( '', #1912, .T. );
#1228 = CYLINDRICAL_SURFACE( '', #1913, 0.300000000000000 );
#1229 = SURFACE_STYLE_USAGE( .BOTH., #1914 );
#1230 = FACE_OUTER_BOUND( '', #1915, .T. );
#1231 = CYLINDRICAL_SURFACE( '', #1916, 0.300000000000000 );
#1232 = SURFACE_STYLE_USAGE( .BOTH., #1917 );
#1233 = FACE_OUTER_BOUND( '', #1918, .T. );
#1234 = FACE_OUTER_BOUND( '', #1919, .T. );
#1235 = CYLINDRICAL_SURFACE( '', #1920, 5.47500000000000 );
#1236 = SURFACE_STYLE_USAGE( .BOTH., #1921 );
#1237 = FACE_OUTER_BOUND( '', #1922, .T. );
#1238 = PLANE( '', #1923 );
#1239 = SURFACE_STYLE_USAGE( .BOTH., #1924 );
#1240 = FACE_OUTER_BOUND( '', #1925, .T. );
#1241 = PLANE( '', #1926 );
#1242 = SURFACE_STYLE_USAGE( .BOTH., #1927 );
#1243 = FACE_OUTER_BOUND( '', #1928, .T. );
#1244 = PLANE( '', #1929 );
#1245 = SURFACE_STYLE_USAGE( .BOTH., #1930 );
#1246 = FACE_OUTER_BOUND( '', #1931, .T. );
#1247 = CYLINDRICAL_SURFACE( '', #1932, 3.05384615384616 );
#1248 = SURFACE_STYLE_USAGE( .BOTH., #1933 );
#1249 = FACE_OUTER_BOUND( '', #1934, .T. );
#1250 = CYLINDRICAL_SURFACE( '', #1935, 9.50000000000000 );
#1251 = SURFACE_STYLE_USAGE( .BOTH., #1936 );
#1252 = FACE_OUTER_BOUND( '', #1937, .T. );
#1253 = CYLINDRICAL_SURFACE( '', #1938, 0.300000000000000 );
#1254 = SURFACE_STYLE_USAGE( .BOTH., #1939 );
#1255 = FACE_OUTER_BOUND( '', #1940, .T. );
#1256 = PLANE( '', #1941 );
#1257 = SURFACE_STYLE_USAGE( .BOTH., #1942 );
#1258 = FACE_OUTER_BOUND( '', #1943, .T. );
#1259 = CYLINDRICAL_SURFACE( '', #1944, 738.029191947733 );
#1260 = SURFACE_STYLE_USAGE( .BOTH., #1945 );
#1261 = FACE_OUTER_BOUND( '', #1946, .T. );
#1262 = PLANE( '', #1947 );
#1263 = SURFACE_STYLE_USAGE( .BOTH., #1948 );
#1264 = FACE_OUTER_BOUND( '', #1949, .T. );
#1265 = PLANE( '', #1950 );
#1266 = SURFACE_STYLE_USAGE( .BOTH., #1951 );
#1267 = FACE_OUTER_BOUND( '', #1952, .T. );
#1268 = FACE_OUTER_BOUND( '', #1953, .T. );
#1269 = CYLINDRICAL_SURFACE( '', #1954, 0.300000000000000 );
#1270 = SURFACE_STYLE_USAGE( .BOTH., #1955 );
#1271 = FACE_OUTER_BOUND( '', #1956, .T. );
#1272 = PLANE( '', #1957 );
#1273 = SURFACE_STYLE_USAGE( .BOTH., #1958 );
#1274 = FACE_OUTER_BOUND( '', #1959, .T. );
#1275 = PLANE( '', #1960 );
#1276 = SURFACE_STYLE_USAGE( .BOTH., #1961 );
#1277 = FACE_OUTER_BOUND( '', #1962, .T. );
#1278 = PLANE( '', #1963 );
#1279 = SURFACE_STYLE_USAGE( .BOTH., #1964 );
#1280 = FACE_OUTER_BOUND( '', #1965, .T. );
#1281 = PLANE( '', #1966 );
#1282 = SURFACE_STYLE_USAGE( .BOTH., #1967 );
#1283 = FACE_OUTER_BOUND( '', #1968, .T. );
#1284 = FACE_BOUND( '', #1969, .T. );
#1285 = FACE_BOUND( '', #1970, .T. );
#1286 = FACE_BOUND( '', #1971, .T. );
#1287 = FACE_BOUND( '', #1972, .T. );
#1288 = FACE_BOUND( '', #1973, .T. );
#1289 = FACE_BOUND( '', #1974, .T. );
#1290 = PLANE( '', #1975 );
#1291 = SURFACE_STYLE_USAGE( .BOTH., #1976 );
#1292 = FACE_OUTER_BOUND( '', #1977, .T. );
#1293 = PLANE( '', #1978 );
#1294 = SURFACE_STYLE_USAGE( .BOTH., #1979 );
#1295 = FACE_OUTER_BOUND( '', #1980, .T. );
#1296 = PLANE( '', #1981 );
#1297 = SURFACE_STYLE_USAGE( .BOTH., #1982 );
#1298 = FACE_OUTER_BOUND( '', #1983, .T. );
#1299 = PLANE( '', #1984 );
#1300 = SURFACE_STYLE_USAGE( .BOTH., #1985 );
#1301 = FACE_OUTER_BOUND( '', #1986, .T. );
#1302 = PLANE( '', #1987 );
#1303 = SURFACE_STYLE_USAGE( .BOTH., #1988 );
#1304 = FACE_OUTER_BOUND( '', #1989, .T. );
#1305 = PLANE( '', #1990 );
#1306 = SURFACE_STYLE_USAGE( .BOTH., #1991 );
#1307 = FACE_OUTER_BOUND( '', #1992, .T. );
#1308 = PLANE( '', #1993 );
#1309 = SURFACE_STYLE_USAGE( .BOTH., #1994 );
#1310 = FACE_OUTER_BOUND( '', #1995, .T. );
#1311 = PLANE( '', #1996 );
#1312 = SURFACE_STYLE_USAGE( .BOTH., #1997 );
#1313 = FACE_OUTER_BOUND( '', #1998, .T. );
#1314 = PLANE( '', #1999 );
#1315 = SURFACE_STYLE_USAGE( .BOTH., #2000 );
#1316 = FACE_OUTER_BOUND( '', #2001, .T. );
#1317 = CYLINDRICAL_SURFACE( '', #2002, 1.19999999999998 );
#1318 = SURFACE_STYLE_USAGE( .BOTH., #2003 );
#1319 = FACE_OUTER_BOUND( '', #2004, .T. );
#1320 = PLANE( '', #2005 );
#1321 = SURFACE_STYLE_USAGE( .BOTH., #2006 );
#1322 = FACE_OUTER_BOUND( '', #2007, .T. );
#1323 = PLANE( '', #2008 );
#1324 = SURFACE_STYLE_USAGE( .BOTH., #2009 );
#1325 = FACE_OUTER_BOUND( '', #2010, .T. );
#1326 = FACE_OUTER_BOUND( '', #2011, .T. );
#1327 = CYLINDRICAL_SURFACE( '', #2012, 10.0000000000000 );
#1328 = SURFACE_STYLE_USAGE( .BOTH., #2013 );
#1329 = FACE_OUTER_BOUND( '', #2014, .T. );
#1330 = PLANE( '', #2015 );
#1331 = SURFACE_STYLE_USAGE( .BOTH., #2016 );
#1332 = FACE_OUTER_BOUND( '', #2017, .T. );
#1333 = PLANE( '', #2018 );
#1334 = SURFACE_STYLE_USAGE( .BOTH., #2019 );
#1335 = FACE_OUTER_BOUND( '', #2020, .T. );
#1336 = PLANE( '', #2021 );
#1337 = SURFACE_STYLE_USAGE( .BOTH., #2022 );
#1338 = FACE_OUTER_BOUND( '', #2023, .T. );
#1339 = CYLINDRICAL_SURFACE( '', #2024, 0.350000000000000 );
#1340 = SURFACE_STYLE_USAGE( .BOTH., #2025 );
#1341 = FACE_OUTER_BOUND( '', #2026, .T. );
#1342 = PLANE( '', #2027 );
#1343 = SURFACE_STYLE_USAGE( .BOTH., #2028 );
#1344 = FACE_OUTER_BOUND( '', #2029, .T. );
#1345 = PLANE( '', #2030 );
#1346 = SURFACE_STYLE_USAGE( .BOTH., #2031 );
#1347 = FACE_OUTER_BOUND( '', #2032, .T. );
#1348 = PLANE( '', #2033 );
#1349 = SURFACE_STYLE_USAGE( .BOTH., #2034 );
#1350 = FACE_OUTER_BOUND( '', #2035, .T. );
#1351 = PLANE( '', #2036 );
#1352 = SURFACE_STYLE_USAGE( .BOTH., #2037 );
#1353 = FACE_OUTER_BOUND( '', #2038, .T. );
#1354 = CYLINDRICAL_SURFACE( '', #2039, 0.300000000000000 );
#1355 = SURFACE_STYLE_USAGE( .BOTH., #2040 );
#1356 = FACE_OUTER_BOUND( '', #2041, .T. );
#1357 = PLANE( '', #2042 );
#1358 = SURFACE_STYLE_USAGE( .BOTH., #2043 );
#1359 = FACE_OUTER_BOUND( '', #2044, .T. );
#1360 = PLANE( '', #2045 );
#1361 = SURFACE_STYLE_USAGE( .BOTH., #2046 );
#1362 = FACE_OUTER_BOUND( '', #2047, .T. );
#1363 = PLANE( '', #2048 );
#1364 = PRODUCT_CONTEXT( '', #227, 'mechanical' );
#1365 = PRODUCT_DEFINITION_FORMATION_WITH_SPECIFIED_SOURCE( ' ', 'NONE', #671, .NOT_KNOWN. );
#1366 = REPRESENTATION_MAP( #678, #234 );
#1367 = AXIS2_PLACEMENT_3D( '', #2049, #2050, #2051 );
#1368 = REPRESENTATION_MAP( #678, #234 );
#1369 = AXIS2_PLACEMENT_3D( '', #2052, #2053, #2054 );
#1370 = REPRESENTATION_MAP( #678, #237 );
#1371 = AXIS2_PLACEMENT_3D( '', #2055, #2056, #2057 );
#1372 = REPRESENTATION_MAP( #678, #240 );
#1373 = AXIS2_PLACEMENT_3D( '', #2058, #2059, #2060 );
#1374 = REPRESENTATION_MAP( #678, #240 );
#1375 = AXIS2_PLACEMENT_3D( '', #2061, #2062, #2063 );
#1376 = CARTESIAN_POINT( '', ( 0.000000000000000, 0.000000000000000, 0.000000000000000 ) );
#1377 = DIRECTION( '', ( 0.000000000000000, 0.000000000000000, 1.00000000000000 ) );
#1378 = DIRECTION( '', ( 1.00000000000000, 0.000000000000000, 0.000000000000000 ) );
#1379 = PRODUCT_DEFINITION_FORMATION_WITH_SPECIFIED_SOURCE( ' ', 'NONE', #679, .NOT_KNOWN. );
#1380 = CLOSED_SHELL( '', ( #446, #542, #496, #484, #424, #606, #392, #548, #440, #640, #518, #652, #516, #626, #312, #270, #486, #580, #528, #520, #634, #498, #656, #278, #328, #370, #632, #250, #286, #280, #382, #356, #406, #410, #294, #610, #600, #354 ) );
#1381 = PRODUCT_DEFINITION_FORMATION_WITH_SPECIFIED_SOURCE( ' ', 'NONE', #682, .NOT_KNOWN. );
#1382 = CLOSED_SHELL( '', ( #524, #288, #620, #308, #306, #448, #376, #458, #582, #662, #660, #374, #340, #342, #454, #330, #622, #252, #430, #378, #534, #386, #614, #390, #452, #262, #346, #334, #588, #592, #400, #290, #460, #298, #324, #494, #264, #282, #254, #664, #658, #394, #350, #266, #644, #418, #408, #322, #396, #438, #576, #398, #358, #360, #384, #336, #462, #574, #472, #572, #276, #646, #512, #596, #502, #420, #558, #432, #314, #526, #584, #500, #470, #372, #422, #302, #604, #670, #332, #474, #544, #292, #428, #256, #550, #586, #260, #296, #612, #380, #564, #536, #522, #318, #368, #426, #480, #402, #304, #506, #272, #258, #628, #274, #618, #590, #562, #566, #362, #476, #650, #338, #434, #638, #668, #388, #320, #630, #352, #326, #514, #468 ) );
#1383 = PRODUCT_DEFINITION_FORMATION_WITH_SPECIFIED_SOURCE( ' ', 'NONE', #685, .NOT_KNOWN. );
#1384 = CLOSED_SHELL( '', ( #598, #578, #450, #568, #478, #464, #608, #456, #654, #412, #552, #666, #490, #344, #594, #442, #648, #366, #624, #546, #310, #636, #556, #642, #466, #416, #560, #482, #616, #508, #602, #510, #530, #364, #538, #284, #570, #504, #540, #414, #348, #492, #404, #268, #444, #316, #488, #532, #554, #436, #300 ) );
#1385 =  ( LENGTH_UNIT(  )NAMED_UNIT( #693 )SI_UNIT( .MILLI., .METRE. ) );
#1386 = SURFACE_SIDE_STYLE( '', ( #2065 ) );
#1387 = EDGE_LOOP( '', ( #2066, #2067, #2068, #2069 ) );
#1388 = AXIS2_PLACEMENT_3D( '', #2070, #2071, #2072 );
#1389 = SURFACE_SIDE_STYLE( '', ( #2073 ) );
#1390 = EDGE_LOOP( '', ( #2074, #2075, #2076, #2077 ) );
#1391 = AXIS2_PLACEMENT_3D( '', #2078, #2079, #2080 );
#1392 = SURFACE_SIDE_STYLE( '', ( #2081 ) );
#1393 = EDGE_LOOP( '', ( #2082, #2083, #2084, #2085 ) );
#1394 = AXIS2_PLACEMENT_3D( '', #2086, #2087, #2088 );
#1395 = SURFACE_SIDE_STYLE( '', ( #2089 ) );
#1396 = EDGE_LOOP( '', ( #2090, #2091, #2092, #2093 ) );
#1397 = AXIS2_PLACEMENT_3D( '', #2094, #2095, #2096 );
#1398 = SURFACE_SIDE_STYLE( '', ( #2097 ) );
#1399 = EDGE_LOOP( '', ( #2098 ) );
#1400 = EDGE_LOOP( '', ( #2099 ) );
#1401 = AXIS2_PLACEMENT_3D( '', #2100, #2101, #2102 );
#1402 = SURFACE_SIDE_STYLE( '', ( #2103 ) );
#1403 = EDGE_LOOP( '', ( #2104 ) );
#1404 = AXIS2_PLACEMENT_3D( '', #2105, #2106, #2107 );
#1405 = SURFACE_SIDE_STYLE( '', ( #2108 ) );
#1406 = EDGE_LOOP( '', ( #2109, #2110, #2111, #2112 ) );
#1407 = AXIS2_PLACEMENT_3D( '', #2113, #2114, #2115 );
#1408 = SURFACE_SIDE_STYLE( '', ( #2116 ) );
#1409 = EDGE_LOOP( '', ( #2117, #2118, #2119, #2120 ) );
#1410 = AXIS2_PLACEMENT_3D( '', #2121, #2122, #2123 );
#1411 = SURFACE_SIDE_STYLE( '', ( #2124 ) );
#1412 = EDGE_LOOP( '', ( #2125, #2126, #2127, #2128, #2129, #2130 ) );
#1413 = AXIS2_PLACEMENT_3D( '', #2131, #2132, #2133 );
#1414 = SURFACE_SIDE_STYLE( '', ( #2134 ) );
#1415 = EDGE_LOOP( '', ( #2135, #2136, #2137, #2138 ) );
#1416 = AXIS2_PLACEMENT_3D( '', #2139, #2140, #2141 );
#1417 = SURFACE_SIDE_STYLE( '', ( #2142 ) );
#1418 = EDGE_LOOP( '', ( #2143, #2144, #2145, #2146 ) );
#1419 = AXIS2_PLACEMENT_3D( '', #2147, #2148, #2149 );
#1420 = SURFACE_SIDE_STYLE( '', ( #2150 ) );
#1421 = EDGE_LOOP( '', ( #2151 ) );
#1422 = AXIS2_PLACEMENT_3D( '', #2152, #2153, #2154 );
#1423 = SURFACE_SIDE_STYLE( '', ( #2155 ) );
#1424 = EDGE_LOOP( '', ( #2156 ) );
#1425 = EDGE_LOOP( '', ( #2157 ) );
#1426 = AXIS2_PLACEMENT_3D( '', #2158, #2159, #2160 );
#1427 = SURFACE_SIDE_STYLE( '', ( #2161 ) );
#1428 = EDGE_LOOP( '', ( #2162, #2163, #2164, #2165 ) );
#1429 = AXIS2_PLACEMENT_3D( '', #2166, #2167, #2168 );
#1430 = SURFACE_SIDE_STYLE( '', ( #2169 ) );
#1431 = EDGE_LOOP( '', ( #2170, #2171, #2172, #2173 ) );
#1432 = AXIS2_PLACEMENT_3D( '', #2174, #2175, #2176 );
#1433 = SURFACE_SIDE_STYLE( '', ( #2177 ) );
#1434 = EDGE_LOOP( '', ( #2178, #2179, #2180, #2181 ) );
#1435 = AXIS2_PLACEMENT_3D( '', #2182, #2183, #2184 );
#1436 = SURFACE_SIDE_STYLE( '', ( #2185 ) );
#1437 = EDGE_LOOP( '', ( #2186, #2187, #2188, #2189 ) );
#1438 = AXIS2_PLACEMENT_3D( '', #2190, #2191, #2192 );
#1439 = SURFACE_SIDE_STYLE( '', ( #2193 ) );
#1440 = EDGE_LOOP( '', ( #2194, #2195, #2196, #2197, #2198, #2199, #2200, #2201, #2202, #2203 ) );
#1441 = AXIS2_PLACEMENT_3D( '', #2204, #2205, #2206 );
#1442 = SURFACE_SIDE_STYLE( '', ( #2207 ) );
#1443 = EDGE_LOOP( '', ( #2208, #2209, #2210, #2211 ) );
#1444 = AXIS2_PLACEMENT_3D( '', #2212, #2213, #2214 );
#1445 = SURFACE_SIDE_STYLE( '', ( #2215 ) );
#1446 = EDGE_LOOP( '', ( #2216, #2217, #2218, #2219 ) );
#1447 = AXIS2_PLACEMENT_3D( '', #2220, #2221, #2222 );
#1448 = SURFACE_SIDE_STYLE( '', ( #2223 ) );
#1449 = EDGE_LOOP( '', ( #2224, #2225, #2226, #2227, #2228, #2229, #2230, #2231, #2232 ) );
#1450 = AXIS2_PLACEMENT_3D( '', #2233, #2234, #2235 );
#1451 = SURFACE_SIDE_STYLE( '', ( #2236 ) );
#1452 = EDGE_LOOP( '', ( #2237, #2238, #2239, #2240 ) );
#1453 = AXIS2_PLACEMENT_3D( '', #2241, #2242, #2243 );
#1454 = SURFACE_SIDE_STYLE( '', ( #2244 ) );
#1455 = EDGE_LOOP( '', ( #2245, #2246, #2247, #2248 ) );
#1456 = AXIS2_PLACEMENT_3D( '', #2249, #2250, #2251 );
#1457 = SURFACE_SIDE_STYLE( '', ( #2252 ) );
#1458 = EDGE_LOOP( '', ( #2253 ) );
#1459 = AXIS2_PLACEMENT_3D( '', #2254, #2255, #2256 );
#1460 = SURFACE_SIDE_STYLE( '', ( #2257 ) );
#1461 = EDGE_LOOP( '', ( #2258, #2259, #2260, #2261 ) );
#1462 = AXIS2_PLACEMENT_3D( '', #2262, #2263, #2264 );
#1463 = SURFACE_SIDE_STYLE( '', ( #2265 ) );
#1464 = EDGE_LOOP( '', ( #2266, #2267, #2268, #2269 ) );
#1465 = AXIS2_PLACEMENT_3D( '', #2270, #2271, #2272 );
#1466 = SURFACE_SIDE_STYLE( '', ( #2273 ) );
#1467 = EDGE_LOOP( '', ( #2274, #2275, #2276, #2277, #2278, #2279 ) );
#1468 = AXIS2_PLACEMENT_3D( '', #2280, #2281, #2282 );
#1469 = SURFACE_SIDE_STYLE( '', ( #2283 ) );
#1470 = EDGE_LOOP( '', ( #2284 ) );
#1471 = EDGE_LOOP( '', ( #2285 ) );
#1472 = AXIS2_PLACEMENT_3D( '', #2286, #2287, #2288 );
#1473 = SURFACE_SIDE_STYLE( '', ( #2289 ) );
#1474 = EDGE_LOOP( '', ( #2290, #2291, #2292, #2293, #2294, #2295, #2296, #2297, #2298, #2299, #2300, #2301, #2302, #2303, #2304, #2305, #2306, #2307, #2308, #2309, #2310, #2311, #2312, #2313, #2314, #2315, #2316, #2317, #2318, #2319, #2320 ) );
#1475 = EDGE_LOOP( '', ( #2321 ) );
#1476 = EDGE_LOOP( '', ( #2322 ) );
#1477 = EDGE_LOOP( '', ( #2323 ) );
#1478 = EDGE_LOOP( '', ( #2324 ) );
#1479 = EDGE_LOOP( '', ( #2325 ) );
#1480 = EDGE_LOOP( '', ( #2326 ) );
#1481 = AXIS2_PLACEMENT_3D( '', #2327, #2328, #2329 );
#1482 = SURFACE_SIDE_STYLE( '', ( #2330 ) );
#1483 = EDGE_LOOP( '', ( #2331, #2332, #2333 ) );
#1484 = AXIS2_PLACEMENT_3D( '', #2334, #2335, #2336 );
#1485 = SURFACE_SIDE_STYLE( '', ( #2337 ) );
#1486 = EDGE_LOOP( '', ( #2338, #2339, #2340, #2341, #2342 ) );
#1487 = AXIS2_PLACEMENT_3D( '', #2343, #2344, #2345 );
#1488 = SURFACE_SIDE_STYLE( '', ( #2346 ) );
#1489 = EDGE_LOOP( '', ( #2347, #2348, #2349, #2350 ) );
#1490 = AXIS2_PLACEMENT_3D( '', #2351, #2352, #2353 );
#1491 = SURFACE_SIDE_STYLE( '', ( #2354 ) );
#1492 = EDGE_LOOP( '', ( #2355, #2356, #2357, #2358 ) );
#1493 = AXIS2_PLACEMENT_3D( '', #2359, #2360, #2361 );
#1494 = SURFACE_SIDE_STYLE( '', ( #2362 ) );
#1495 = EDGE_LOOP( '', ( #2363, #2364, #2365, #2366 ) );
#1496 = AXIS2_PLACEMENT_3D( '', #2367, #2368, #2369 );
#1497 = SURFACE_SIDE_STYLE( '', ( #2370 ) );
#1498 = EDGE_LOOP( '', ( #2371 ) );
#1499 = EDGE_LOOP( '', ( #2372 ) );
#1500 = AXIS2_PLACEMENT_3D( '', #2373, #2374, #2375 );
#1501 = SURFACE_SIDE_STYLE( '', ( #2376 ) );
#1502 = EDGE_LOOP( '', ( #2377, #2378, #2379, #2380 ) );
#1503 = AXIS2_PLACEMENT_3D( '', #2381, #2382, #2383 );
#1504 = SURFACE_SIDE_STYLE( '', ( #2384 ) );
#1505 = EDGE_LOOP( '', ( #2385, #2386, #2387, #2388 ) );
#1506 = AXIS2_PLACEMENT_3D( '', #2389, #2390, #2391 );
#1507 = SURFACE_SIDE_STYLE( '', ( #2392 ) );
#1508 = EDGE_LOOP( '', ( #2393, #2394, #2395, #2396 ) );
#1509 = AXIS2_PLACEMENT_3D( '', #2397, #2398, #2399 );
#1510 = SURFACE_SIDE_STYLE( '', ( #2400 ) );
#1511 = EDGE_LOOP( '', ( #2401 ) );
#1512 = EDGE_LOOP( '', ( #2402 ) );
#1513 = AXIS2_PLACEMENT_3D( '', #2403, #2404, #2405 );
#1514 = SURFACE_SIDE_STYLE( '', ( #2406 ) );
#1515 = EDGE_LOOP( '', ( #2407, #2408, #2409, #2410 ) );
#1516 = AXIS2_PLACEMENT_3D( '', #2411, #2412, #2413 );
#1517 = SURFACE_SIDE_STYLE( '', ( #2414 ) );
#1518 = EDGE_LOOP( '', ( #2415, #2416, #2417, #2418 ) );
#1519 = AXIS2_PLACEMENT_3D( '', #2419, #2420, #2421 );
#1520 = SURFACE_SIDE_STYLE( '', ( #2422 ) );
#1521 = EDGE_LOOP( '', ( #2423, #2424, #2425, #2426 ) );
#1522 = AXIS2_PLACEMENT_3D( '', #2427, #2428, #2429 );
#1523 = SURFACE_SIDE_STYLE( '', ( #2430 ) );
#1524 = EDGE_LOOP( '', ( #2431, #2432, #2433, #2434 ) );
#1525 = AXIS2_PLACEMENT_3D( '', #2435, #2436, #2437 );
#1526 = SURFACE_SIDE_STYLE( '', ( #2438 ) );
#1527 = EDGE_LOOP( '', ( #2439, #2440, #2441, #2442 ) );
#1528 = AXIS2_PLACEMENT_3D( '', #2443, #2444, #2445 );
#1529 = SURFACE_SIDE_STYLE( '', ( #2446 ) );
#1530 = EDGE_LOOP( '', ( #2447, #2448, #2449, #2450 ) );
#1531 = AXIS2_PLACEMENT_3D( '', #2451, #2452, #2453 );
#1532 = SURFACE_SIDE_STYLE( '', ( #2454 ) );
#1533 = EDGE_LOOP( '', ( #2455, #2456, #2457, #2458, #2459, #2460, #2461, #2462, #2463, #2464, #2465, #2466, #2467, #2468, #2469, #2470, #2471, #2472, #2473, #2474, #2475, #2476 ) );
#1534 = AXIS2_PLACEMENT_3D( '', #2477, #2478, #2479 );
#1535 = SURFACE_SIDE_STYLE( '', ( #2480 ) );
#1536 = EDGE_LOOP( '', ( #2481, #2482, #2483, #2484 ) );
#1537 = AXIS2_PLACEMENT_3D( '', #2485, #2486, #2487 );
#1538 = SURFACE_SIDE_STYLE( '', ( #2488 ) );
#1539 = EDGE_LOOP( '', ( #2489, #2490, #2491, #2492, #2493, #2494 ) );
#1540 = AXIS2_PLACEMENT_3D( '', #2495, #2496, #2497 );
#1541 = SURFACE_SIDE_STYLE( '', ( #2498 ) );
#1542 = EDGE_LOOP( '', ( #2499, #2500, #2501, #2502 ) );
#1543 = AXIS2_PLACEMENT_3D( '', #2503, #2504, #2505 );
#1544 = SURFACE_SIDE_STYLE( '', ( #2506 ) );
#1545 = EDGE_LOOP( '', ( #2507, #2508, #2509, #2510, #2511, #2512, #2513, #2514, #2515, #2516 ) );
#1546 = AXIS2_PLACEMENT_3D( '', #2517, #2518, #2519 );
#1547 = SURFACE_SIDE_STYLE( '', ( #2520 ) );
#1548 = EDGE_LOOP( '', ( #2521, #2522, #2523, #2524 ) );
#1549 = AXIS2_PLACEMENT_3D( '', #2525, #2526, #2527 );
#1550 = SURFACE_SIDE_STYLE( '', ( #2528 ) );
#1551 = EDGE_LOOP( '', ( #2529 ) );
#1552 = EDGE_LOOP( '', ( #2530 ) );
#1553 = AXIS2_PLACEMENT_3D( '', #2531, #2532, #2533 );
#1554 = SURFACE_SIDE_STYLE( '', ( #2534 ) );
#1555 = EDGE_LOOP( '', ( #2535, #2536, #2537, #2538 ) );
#1556 = AXIS2_PLACEMENT_3D( '', #2539, #2540, #2541 );
#1557 = SURFACE_SIDE_STYLE( '', ( #2542 ) );
#1558 = EDGE_LOOP( '', ( #2543, #2544, #2545, #2546 ) );
#1559 = AXIS2_PLACEMENT_3D( '', #2547, #2548, #2549 );
#1560 = SURFACE_SIDE_STYLE( '', ( #2550 ) );
#1561 = EDGE_LOOP( '', ( #2551, #2552, #2553, #2554 ) );
#1562 = AXIS2_PLACEMENT_3D( '', #2555, #2556, #2557 );
#1563 = SURFACE_SIDE_STYLE( '', ( #2558 ) );
#1564 = EDGE_LOOP( '', ( #2559, #2560, #2561, #2562 ) );
#1565 = AXIS2_PLACEMENT_3D( '', #2563, #2564, #2565 );
#1566 = SURFACE_SIDE_STYLE( '', ( #2566 ) );
#1567 = EDGE_LOOP( '', ( #2567 ) );
#1568 = EDGE_LOOP( '', ( #2568 ) );
#1569 = AXIS2_PLACEMENT_3D( '', #2569, #2570, #2571 );
#1570 = SURFACE_SIDE_STYLE( '', ( #2572 ) );
#1571 = EDGE_LOOP( '', ( #2573 ) );
#1572 = EDGE_LOOP( '', ( #2574, #2575, #2576, #2577, #2578, #2579, #2580, #2581 ) );
#1573 = AXIS2_PLACEMENT_3D( '', #2582, #2583, #2584 );
#1574 = SURFACE_SIDE_STYLE( '', ( #2585 ) );
#1575 = EDGE_LOOP( '', ( #2586, #2587, #2588, #2589 ) );
#1576 = AXIS2_PLACEMENT_3D( '', #2590, #2591, #2592 );
#1577 = SURFACE_SIDE_STYLE( '', ( #2593 ) );
#1578 = EDGE_LOOP( '', ( #2594 ) );
#1579 = AXIS2_PLACEMENT_3D( '', #2595, #2596, #2597 );
#1580 = SURFACE_SIDE_STYLE( '', ( #2598 ) );
#1581 = EDGE_LOOP( '', ( #2599, #2600, #2601, #2602 ) );
#1582 = AXIS2_PLACEMENT_3D( '', #2603, #2604, #2605 );
#1583 = SURFACE_SIDE_STYLE( '', ( #2606 ) );
#1584 = EDGE_LOOP( '', ( #2607, #2608, #2609, #2610 ) );
#1585 = AXIS2_PLACEMENT_3D( '', #2611, #2612, #2613 );
#1586 = SURFACE_SIDE_STYLE( '', ( #2614 ) );
#1587 = EDGE_LOOP( '', ( #2615, #2616, #2617, #2618 ) );
#1588 = AXIS2_PLACEMENT_3D( '', #2619, #2620, #2621 );
#1589 = SURFACE_SIDE_STYLE( '', ( #2622 ) );
#1590 = EDGE_LOOP( '', ( #2623, #2624, #2625 ) );
#1591 = AXIS2_PLACEMENT_3D( '', #2626, #2627, #2628 );
#1592 = SURFACE_SIDE_STYLE( '', ( #2629 ) );
#1593 = EDGE_LOOP( '', ( #2630, #2631, #2632, #2633 ) );
#1594 = AXIS2_PLACEMENT_3D( '', #2634, #2635, #2636 );
#1595 = SURFACE_SIDE_STYLE( '', ( #2637 ) );
#1596 = EDGE_LOOP( '', ( #2638 ) );
#1597 = AXIS2_PLACEMENT_3D( '', #2639, #2640, #2641 );
#1598 = SURFACE_SIDE_STYLE( '', ( #2642 ) );
#1599 = EDGE_LOOP( '', ( #2643, #2644, #2645, #2646, #2647, #2648, #2649, #2650 ) );
#1600 = AXIS2_PLACEMENT_3D( '', #2651, #2652, #2653 );
#1601 = SURFACE_SIDE_STYLE( '', ( #2654 ) );
#1602 = EDGE_LOOP( '', ( #2655, #2656, #2657, #2658 ) );
#1603 = AXIS2_PLACEMENT_3D( '', #2659, #2660, #2661 );
#1604 = SURFACE_SIDE_STYLE( '', ( #2662 ) );
#1605 = EDGE_LOOP( '', ( #2663, #2664, #2665, #2666, #2667, #2668, #2669, #2670, #2671 ) );
#1606 = AXIS2_PLACEMENT_3D( '', #2672, #2673, #2674 );
#1607 = SURFACE_SIDE_STYLE( '', ( #2675 ) );
#1608 = EDGE_LOOP( '', ( #2676, #2677, #2678, #2679 ) );
#1609 = AXIS2_PLACEMENT_3D( '', #2680, #2681, #2682 );
#1610 = SURFACE_SIDE_STYLE( '', ( #2683 ) );
#1611 = EDGE_LOOP( '', ( #2684, #2685, #2686, #2687 ) );
#1612 = AXIS2_PLACEMENT_3D( '', #2688, #2689, #2690 );
#1613 = SURFACE_SIDE_STYLE( '', ( #2691 ) );
#1614 = EDGE_LOOP( '', ( #2692, #2693, #2694, #2695, #2696, #2697, #2698, #2699, #2700, #2701 ) );
#1615 = AXIS2_PLACEMENT_3D( '', #2702, #2703, #2704 );
#1616 = SURFACE_SIDE_STYLE( '', ( #2705 ) );
#1617 = EDGE_LOOP( '', ( #2706, #2707, #2708, #2709 ) );
#1618 = AXIS2_PLACEMENT_3D( '', #2710, #2711, #2712 );
#1619 = SURFACE_SIDE_STYLE( '', ( #2713 ) );
#1620 = EDGE_LOOP( '', ( #2714, #2715, #2716, #2717 ) );
#1621 = AXIS2_PLACEMENT_3D( '', #2718, #2719, #2720 );
#1622 = SURFACE_SIDE_STYLE( '', ( #2721 ) );
#1623 = EDGE_LOOP( '', ( #2722, #2723, #2724, #2725 ) );
#1624 = AXIS2_PLACEMENT_3D( '', #2726, #2727, #2728 );
#1625 = SURFACE_SIDE_STYLE( '', ( #2729 ) );
#1626 = EDGE_LOOP( '', ( #2730, #2731, #2732, #2733 ) );
#1627 = AXIS2_PLACEMENT_3D( '', #2734, #2735, #2736 );
#1628 = SURFACE_SIDE_STYLE( '', ( #2737 ) );
#1629 = EDGE_LOOP( '', ( #2738 ) );
#1630 = AXIS2_PLACEMENT_3D( '', #2739, #2740, #2741 );
#1631 = SURFACE_SIDE_STYLE( '', ( #2742 ) );
#1632 = EDGE_LOOP( '', ( #2743, #2744, #2745, #2746, #2747 ) );
#1633 = AXIS2_PLACEMENT_3D( '', #2748, #2749, #2750 );
#1634 = SURFACE_SIDE_STYLE( '', ( #2751 ) );
#1635 = EDGE_LOOP( '', ( #2752, #2753, #2754, #2755 ) );
#1636 = AXIS2_PLACEMENT_3D( '', #2756, #2757, #2758 );
#1637 = SURFACE_SIDE_STYLE( '', ( #2759 ) );
#1638 = EDGE_LOOP( '', ( #2760, #2761, #2762, #2763 ) );
#1639 = AXIS2_PLACEMENT_3D( '', #2764, #2765, #2766 );
#1640 = SURFACE_SIDE_STYLE( '', ( #2767 ) );
#1641 = EDGE_LOOP( '', ( #2768, #2769, #2770, #2771 ) );
#1642 = AXIS2_PLACEMENT_3D( '', #2772, #2773, #2774 );
#1643 = SURFACE_SIDE_STYLE( '', ( #2775 ) );
#1644 = EDGE_LOOP( '', ( #2776, #2777, #2778, #2779 ) );
#1645 = AXIS2_PLACEMENT_3D( '', #2780, #2781, #2782 );
#1646 = SURFACE_SIDE_STYLE( '', ( #2783 ) );
#1647 = EDGE_LOOP( '', ( #2784, #2785, #2786, #2787 ) );
#1648 = AXIS2_PLACEMENT_3D( '', #2788, #2789, #2790 );
#1649 = SURFACE_SIDE_STYLE( '', ( #2791 ) );
#1650 = EDGE_LOOP( '', ( #2792, #2793, #2794, #2795, #2796 ) );
#1651 = AXIS2_PLACEMENT_3D( '', #2797, #2798, #2799 );
#1652 = SURFACE_SIDE_STYLE( '', ( #2800 ) );
#1653 = EDGE_LOOP( '', ( #2801, #2802, #2803, #2804, #2805, #2806, #2807, #2808, #2809, #2810, #2811, #2812, #2813, #2814 ) );
#1654 = AXIS2_PLACEMENT_3D( '', #2815, #2816, #2817 );
#1655 = SURFACE_SIDE_STYLE( '', ( #2818 ) );
#1656 = EDGE_LOOP( '', ( #2819, #2820, #2821, #2822, #2823, #2824 ) );
#1657 = AXIS2_PLACEMENT_3D( '', #2825, #2826, #2827 );
#1658 = SURFACE_SIDE_STYLE( '', ( #2828 ) );
#1659 = EDGE_LOOP( '', ( #2829, #2830, #2831, #2832 ) );
#1660 = AXIS2_PLACEMENT_3D( '', #2833, #2834, #2835 );
#1661 = SURFACE_SIDE_STYLE( '', ( #2836 ) );
#1662 = EDGE_LOOP( '', ( #2837, #2838, #2839, #2840 ) );
#1663 = AXIS2_PLACEMENT_3D( '', #2841, #2842, #2843 );
#1664 = SURFACE_SIDE_STYLE( '', ( #2844 ) );
#1665 = EDGE_LOOP( '', ( #2845 ) );
#1666 = AXIS2_PLACEMENT_3D( '', #2846, #2847, #2848 );
#1667 = SURFACE_SIDE_STYLE( '', ( #2849 ) );
#1668 = EDGE_LOOP( '', ( #2850, #2851, #2852, #2853, #2854, #2855, #2856, #2857, #2858, #2859, #2860, #2861, #2862, #2863 ) );
#1669 = EDGE_LOOP( '', ( #2864 ) );
#1670 = AXIS2_PLACEMENT_3D( '', #2865, #2866, #2867 );
#1671 = SURFACE_SIDE_STYLE( '', ( #2868 ) );
#1672 = EDGE_LOOP( '', ( #2869, #2870, #2871, #2872 ) );
#1673 = AXIS2_PLACEMENT_3D( '', #2873, #2874, #2875 );
#1674 = SURFACE_SIDE_STYLE( '', ( #2876 ) );
#1675 = EDGE_LOOP( '', ( #2877, #2878, #2879, #2880, #2881, #2882, #2883 ) );
#1676 = AXIS2_PLACEMENT_3D( '', #2884, #2885, #2886 );
#1677 = SURFACE_SIDE_STYLE( '', ( #2887 ) );
#1678 = EDGE_LOOP( '', ( #2888, #2889, #2890, #2891 ) );
#1679 = AXIS2_PLACEMENT_3D( '', #2892, #2893, #2894 );
#1680 = SURFACE_SIDE_STYLE( '', ( #2895 ) );
#1681 = EDGE_LOOP( '', ( #2896, #2897, #2898, #2899 ) );
#1682 = AXIS2_PLACEMENT_3D( '', #2900, #2901, #2902 );
#1683 = SURFACE_SIDE_STYLE( '', ( #2903 ) );
#1684 = EDGE_LOOP( '', ( #2904, #2905, #2906, #2907 ) );
#1685 = AXIS2_PLACEMENT_3D( '', #2908, #2909, #2910 );
#1686 = SURFACE_SIDE_STYLE( '', ( #2911 ) );
#1687 = EDGE_LOOP( '', ( #2912, #2913, #2914, #2915, #2916, #2917, #2918, #2919, #2920, #2921 ) );
#1688 = AXIS2_PLACEMENT_3D( '', #2922, #2923, #2924 );
#1689 = SURFACE_SIDE_STYLE( '', ( #2925 ) );
#1690 = EDGE_LOOP( '', ( #2926, #2927, #2928, #2929, #2930, #2931 ) );
#1691 = AXIS2_PLACEMENT_3D( '', #2932, #2933, #2934 );
#1692 = SURFACE_SIDE_STYLE( '', ( #2935 ) );
#1693 = EDGE_LOOP( '', ( #2936, #2937, #2938, #2939 ) );
#1694 = AXIS2_PLACEMENT_3D( '', #2940, #2941, #2942 );
#1695 = SURFACE_SIDE_STYLE( '', ( #2943 ) );
#1696 = EDGE_LOOP( '', ( #2944, #2945, #2946, #2947 ) );
#1697 = AXIS2_PLACEMENT_3D( '', #2948, #2949, #2950 );
#1698 = SURFACE_SIDE_STYLE( '', ( #2951 ) );
#1699 = EDGE_LOOP( '', ( #2952, #2953, #2954, #2955 ) );
#1700 = AXIS2_PLACEMENT_3D( '', #2956, #2957, #2958 );
#1701 = SURFACE_SIDE_STYLE( '', ( #2959 ) );
#1702 = EDGE_LOOP( '', ( #2960, #2961, #2962, #2963 ) );
#1703 = AXIS2_PLACEMENT_3D( '', #2964, #2965, #2966 );
#1704 = SURFACE_SIDE_STYLE( '', ( #2967 ) );
#1705 = EDGE_LOOP( '', ( #2968, #2969, #2970 ) );
#1706 = AXIS2_PLACEMENT_3D( '', #2971, #2972, #2973 );
#1707 = SURFACE_SIDE_STYLE( '', ( #2974 ) );
#1708 = EDGE_LOOP( '', ( #2975, #2976, #2977, #2978, #2979, #2980 ) );
#1709 = AXIS2_PLACEMENT_3D( '', #2981, #2982, #2983 );
#1710 = SURFACE_SIDE_STYLE( '', ( #2984 ) );
#1711 = EDGE_LOOP( '', ( #2985, #2986, #2987, #2988 ) );
#1712 = AXIS2_PLACEMENT_3D( '', #2989, #2990, #2991 );
#1713 = SURFACE_SIDE_STYLE( '', ( #2992 ) );
#1714 = EDGE_LOOP( '', ( #2993, #2994, #2995, #2996 ) );
#1715 = AXIS2_PLACEMENT_3D( '', #2997, #2998, #2999 );
#1716 = SURFACE_SIDE_STYLE( '', ( #3000 ) );
#1717 = EDGE_LOOP( '', ( #3001, #3002, #3003, #3004, #3005, #3006, #3007, #3008, #3009 ) );
#1718 = AXIS2_PLACEMENT_3D( '', #3010, #3011, #3012 );
#1719 = SURFACE_SIDE_STYLE( '', ( #3013 ) );
#1720 = EDGE_LOOP( '', ( #3014, #3015, #3016, #3017 ) );
#1721 = AXIS2_PLACEMENT_3D( '', #3018, #3019, #3020 );
#1722 = SURFACE_SIDE_STYLE( '', ( #3021 ) );
#1723 = EDGE_LOOP( '', ( #3022, #3023, #3024, #3025 ) );
#1724 = AXIS2_PLACEMENT_3D( '', #3026, #3027, #3028 );
#1725 = SURFACE_SIDE_STYLE( '', ( #3029 ) );
#1726 = EDGE_LOOP( '', ( #3030, #3031, #3032, #3033, #3034 ) );
#1727 = AXIS2_PLACEMENT_3D( '', #3035, #3036, #3037 );
#1728 = SURFACE_SIDE_STYLE( '', ( #3038 ) );
#1729 = EDGE_LOOP( '', ( #3039 ) );
#1730 = EDGE_LOOP( '', ( #3040 ) );
#1731 = AXIS2_PLACEMENT_3D( '', #3041, #3042, #3043 );
#1732 = SURFACE_SIDE_STYLE( '', ( #3044 ) );
#1733 = EDGE_LOOP( '', ( #3045, #3046, #3047, #3048, #3049, #3050 ) );
#1734 = AXIS2_PLACEMENT_3D( '', #3051, #3052, #3053 );
#1735 = SURFACE_SIDE_STYLE( '', ( #3054 ) );
#1736 = EDGE_LOOP( '', ( #3055, #3056, #3057, #3058 ) );
#1737 = AXIS2_PLACEMENT_3D( '', #3059, #3060, #3061 );
#1738 = SURFACE_SIDE_STYLE( '', ( #3062 ) );
#1739 = EDGE_LOOP( '', ( #3063, #3064, #3065, #3066 ) );
#1740 = AXIS2_PLACEMENT_3D( '', #3067, #3068, #3069 );
#1741 = SURFACE_SIDE_STYLE( '', ( #3070 ) );
#1742 = EDGE_LOOP( '', ( #3071 ) );
#1743 = EDGE_LOOP( '', ( #3072, #3073, #3074, #3075 ) );
#1744 = AXIS2_PLACEMENT_3D( '', #3076, #3077, #3078 );
#1745 = SURFACE_SIDE_STYLE( '', ( #3079 ) );
#1746 = EDGE_LOOP( '', ( #3080, #3081, #3082, #3083, #3084, #3085 ) );
#1747 = AXIS2_PLACEMENT_3D( '', #3086, #3087, #3088 );
#1748 = SURFACE_SIDE_STYLE( '', ( #3089 ) );
#1749 = EDGE_LOOP( '', ( #3090 ) );
#1750 = EDGE_LOOP( '', ( #3091 ) );
#1751 = AXIS2_PLACEMENT_3D( '', #3092, #3093, #3094 );
#1752 = SURFACE_SIDE_STYLE( '', ( #3095 ) );
#1753 = EDGE_LOOP( '', ( #3096, #3097, #3098, #3099, #3100, #3101 ) );
#1754 = AXIS2_PLACEMENT_3D( '', #3102, #3103, #3104 );
#1755 = SURFACE_SIDE_STYLE( '', ( #3105 ) );
#1756 = EDGE_LOOP( '', ( #3106, #3107, #3108, #3109, #3110, #3111, #3112, #3113 ) );
#1757 = AXIS2_PLACEMENT_3D( '', #3114, #3115, #3116 );
#1758 = SURFACE_SIDE_STYLE( '', ( #3117 ) );
#1759 = EDGE_LOOP( '', ( #3118, #3119, #3120, #3121 ) );
#1760 = AXIS2_PLACEMENT_3D( '', #3122, #3123, #3124 );
#1761 = SURFACE_SIDE_STYLE( '', ( #3125 ) );
#1762 = EDGE_LOOP( '', ( #3126, #3127, #3128, #3129 ) );
#1763 = AXIS2_PLACEMENT_3D( '', #3130, #3131, #3132 );
#1764 = SURFACE_SIDE_STYLE( '', ( #3133 ) );
#1765 = EDGE_LOOP( '', ( #3134, #3135, #3136, #3137, #3138 ) );
#1766 = AXIS2_PLACEMENT_3D( '', #3139, #3140, #3141 );
#1767 = SURFACE_SIDE_STYLE( '', ( #3142 ) );
#1768 = EDGE_LOOP( '', ( #3143, #3144, #3145, #3146, #3147, #3148, #3149, #3150, #3151, #3152, #3153, #3154, #3155, #3156, #3157, #3158, #3159, #3160, #3161, #3162, #3163, #3164, #3165, #3166 ) );
#1769 = AXIS2_PLACEMENT_3D( '', #3167, #3168, #3169 );
#1770 = SURFACE_SIDE_STYLE( '', ( #3170 ) );
#1771 = EDGE_LOOP( '', ( #3171, #3172, #3173, #3174 ) );
#1772 = AXIS2_PLACEMENT_3D( '', #3175, #3176, #3177 );
#1773 = SURFACE_SIDE_STYLE( '', ( #3178 ) );
#1774 = EDGE_LOOP( '', ( #3179, #3180, #3181, #3182 ) );
#1775 = AXIS2_PLACEMENT_3D( '', #3183, #3184, #3185 );
#1776 = SURFACE_SIDE_STYLE( '', ( #3186 ) );
#1777 = EDGE_LOOP( '', ( #3187, #3188, #3189, #3190 ) );
#1778 = AXIS2_PLACEMENT_3D( '', #3191, #3192, #3193 );
#1779 = SURFACE_SIDE_STYLE( '', ( #3194 ) );
#1780 = EDGE_LOOP( '', ( #3195, #3196, #3197, #3198 ) );
#1781 = AXIS2_PLACEMENT_3D( '', #3199, #3200, #3201 );
#1782 = SURFACE_SIDE_STYLE( '', ( #3202 ) );
#1783 = EDGE_LOOP( '', ( #3203, #3204, #3205, #3206 ) );
#1784 = AXIS2_PLACEMENT_3D( '', #3207, #3208, #3209 );
#1785 = SURFACE_SIDE_STYLE( '', ( #3210 ) );
#1786 = EDGE_LOOP( '', ( #3211, #3212, #3213, #3214 ) );
#1787 = AXIS2_PLACEMENT_3D( '', #3215, #3216, #3217 );
#1788 = SURFACE_SIDE_STYLE( '', ( #3218 ) );
#1789 = EDGE_LOOP( '', ( #3219 ) );
#1790 = AXIS2_PLACEMENT_3D( '', #3220, #3221, #3222 );
#1791 = SURFACE_SIDE_STYLE( '', ( #3223 ) );
#1792 = EDGE_LOOP( '', ( #3224, #3225, #3226, #3227, #3228, #3229 ) );
#1793 = AXIS2_PLACEMENT_3D( '', #3230, #3231, #3232 );
#1794 = SURFACE_SIDE_STYLE( '', ( #3233 ) );
#1795 = EDGE_LOOP( '', ( #3234, #3235, #3236, #3237, #3238, #3239 ) );
#1796 = AXIS2_PLACEMENT_3D( '', #3240, #3241, #3242 );
#1797 = SURFACE_SIDE_STYLE( '', ( #3243 ) );
#1798 = EDGE_LOOP( '', ( #3244, #3245, #3246, #3247 ) );
#1799 = AXIS2_PLACEMENT_3D( '', #3248, #3249, #3250 );
#1800 = SURFACE_SIDE_STYLE( '', ( #3251 ) );
#1801 = EDGE_LOOP( '', ( #3252 ) );
#1802 = EDGE_LOOP( '', ( #3253 ) );
#1803 = AXIS2_PLACEMENT_3D( '', #3254, #3255, #3256 );
#1804 = SURFACE_SIDE_STYLE( '', ( #3257 ) );
#1805 = EDGE_LOOP( '', ( #3258, #3259, #3260, #3261 ) );
#1806 = AXIS2_PLACEMENT_3D( '', #3262, #3263, #3264 );
#1807 = SURFACE_SIDE_STYLE( '', ( #3265 ) );
#1808 = EDGE_LOOP( '', ( #3266, #3267, #3268, #3269 ) );
#1809 = AXIS2_PLACEMENT_3D( '', #3270, #3271, #3272 );
#1810 = SURFACE_SIDE_STYLE( '', ( #3273 ) );
#1811 = EDGE_LOOP( '', ( #3274, #3275, #3276, #3277 ) );
#1812 = AXIS2_PLACEMENT_3D( '', #3278, #3279, #3280 );
#1813 = SURFACE_SIDE_STYLE( '', ( #3281 ) );
#1814 = EDGE_LOOP( '', ( #3282 ) );
#1815 = AXIS2_PLACEMENT_3D( '', #3283, #3284, #3285 );
#1816 = SURFACE_SIDE_STYLE( '', ( #3286 ) );
#1817 = EDGE_LOOP( '', ( #3287, #3288, #3289 ) );
#1818 = AXIS2_PLACEMENT_3D( '', #3290, #3291, #3292 );
#1819 = SURFACE_SIDE_STYLE( '', ( #3293 ) );
#1820 = EDGE_LOOP( '', ( #3294, #3295, #3296, #3297 ) );
#1821 = AXIS2_PLACEMENT_3D( '', #3298, #3299, #3300 );
#1822 = SURFACE_SIDE_STYLE( '', ( #3301 ) );
#1823 = EDGE_LOOP( '', ( #3302, #3303, #3304, #3305 ) );
#1824 = AXIS2_PLACEMENT_3D( '', #3306, #3307, #3308 );
#1825 = SURFACE_SIDE_STYLE( '', ( #3309 ) );
#1826 = EDGE_LOOP( '', ( #3310, #3311, #3312, #3313, #3314, #3315 ) );
#1827 = AXIS2_PLACEMENT_3D( '', #3316, #3317, #3318 );
#1828 = SURFACE_SIDE_STYLE( '', ( #3319 ) );
#1829 = EDGE_LOOP( '', ( #3320, #3321, #3322, #3323 ) );
#1830 = AXIS2_PLACEMENT_3D( '', #3324, #3325, #3326 );
#1831 = SURFACE_SIDE_STYLE( '', ( #3327 ) );
#1832 = EDGE_LOOP( '', ( #3328, #3329, #3330, #3331 ) );
#1833 = AXIS2_PLACEMENT_3D( '', #3332, #3333, #3334 );
#1834 = SURFACE_SIDE_STYLE( '', ( #3335 ) );
#1835 = EDGE_LOOP( '', ( #3336 ) );
#1836 = EDGE_LOOP( '', ( #3337 ) );
#1837 = AXIS2_PLACEMENT_3D( '', #3338, #3339, #3340 );
#1838 = SURFACE_SIDE_STYLE( '', ( #3341 ) );
#1839 = EDGE_LOOP( '', ( #3342 ) );
#1840 = AXIS2_PLACEMENT_3D( '', #3343, #3344, #3345 );
#1841 = SURFACE_SIDE_STYLE( '', ( #3346 ) );
#1842 = EDGE_LOOP( '', ( #3347, #3348, #3349, #3350, #3351, #3352, #3353, #3354, #3355, #3356 ) );
#1843 = AXIS2_PLACEMENT_3D( '', #3357, #3358, #3359 );
#1844 = SURFACE_SIDE_STYLE( '', ( #3360 ) );
#1845 = EDGE_LOOP( '', ( #3361, #3362, #3363, #3364 ) );
#1846 = AXIS2_PLACEMENT_3D( '', #3365, #3366, #3367 );
#1847 = SURFACE_SIDE_STYLE( '', ( #3368 ) );
#1848 = EDGE_LOOP( '', ( #3369, #3370, #3371, #3372, #3373, #3374 ) );
#1849 = AXIS2_PLACEMENT_3D( '', #3375, #3376, #3377 );
#1850 = SURFACE_SIDE_STYLE( '', ( #3378 ) );
#1851 = EDGE_LOOP( '', ( #3379, #3380, #3381, #3382 ) );
#1852 = AXIS2_PLACEMENT_3D( '', #3383, #3384, #3385 );
#1853 = SURFACE_SIDE_STYLE( '', ( #3386 ) );
#1854 = EDGE_LOOP( '', ( #3387, #3388, #3389, #3390 ) );
#1855 = AXIS2_PLACEMENT_3D( '', #3391, #3392, #3393 );
#1856 = SURFACE_SIDE_STYLE( '', ( #3394 ) );
#1857 = EDGE_LOOP( '', ( #3395, #3396, #3397, #3398 ) );
#1858 = AXIS2_PLACEMENT_3D( '', #3399, #3400, #3401 );
#1859 = SURFACE_SIDE_STYLE( '', ( #3402 ) );
#1860 = EDGE_LOOP( '', ( #3403, #3404, #3405, #3406, #3407, #3408 ) );
#1861 = AXIS2_PLACEMENT_3D( '', #3409, #3410, #3411 );
#1862 = SURFACE_SIDE_STYLE( '', ( #3412 ) );
#1863 = EDGE_LOOP( '', ( #3413, #3414, #3415, #3416 ) );
#1864 = AXIS2_PLACEMENT_3D( '', #3417, #3418, #3419 );
#1865 = SURFACE_SIDE_STYLE( '', ( #3420 ) );
#1866 = EDGE_LOOP( '', ( #3421, #3422, #3423, #3424, #3425 ) );
#1867 = AXIS2_PLACEMENT_3D( '', #3426, #3427, #3428 );
#1868 = SURFACE_SIDE_STYLE( '', ( #3429 ) );
#1869 = EDGE_LOOP( '', ( #3430, #3431, #3432, #3433, #3434, #3435, #3436 ) );
#1870 = AXIS2_PLACEMENT_3D( '', #3437, #3438, #3439 );
#1871 = SURFACE_SIDE_STYLE( '', ( #3440 ) );
#1872 = EDGE_LOOP( '', ( #3441, #3442, #3443, #3444 ) );
#1873 = AXIS2_PLACEMENT_3D( '', #3445, #3446, #3447 );
#1874 = SURFACE_SIDE_STYLE( '', ( #3448 ) );
#1875 = EDGE_LOOP( '', ( #3449 ) );
#1876 = AXIS2_PLACEMENT_3D( '', #3450, #3451, #3452 );
#1877 = SURFACE_SIDE_STYLE( '', ( #3453 ) );
#1878 = EDGE_LOOP( '', ( #3454 ) );
#1879 = AXIS2_PLACEMENT_3D( '', #3455, #3456, #3457 );
#1880 = SURFACE_SIDE_STYLE( '', ( #3458 ) );
#1881 = EDGE_LOOP( '', ( #3459, #3460, #3461, #3462, #3463, #3464, #3465, #3466, #3467, #3468, #3469, #3470 ) );
#1882 = AXIS2_PLACEMENT_3D( '', #3471, #3472, #3473 );
#1883 = SURFACE_SIDE_STYLE( '', ( #3474 ) );
#1884 = EDGE_LOOP( '', ( #3475, #3476, #3477, #3478, #3479 ) );
#1885 = AXIS2_PLACEMENT_3D( '', #3480, #3481, #3482 );
#1886 = SURFACE_SIDE_STYLE( '', ( #3483 ) );
#1887 = EDGE_LOOP( '', ( #3484, #3485, #3486, #3487, #3488, #3489, #3490, #3491, #3492, #3493 ) );
#1888 = AXIS2_PLACEMENT_3D( '', #3494, #3495, #3496 );
#1889 = SURFACE_SIDE_STYLE( '', ( #3497 ) );
#1890 = EDGE_LOOP( '', ( #3498, #3499, #3500 ) );
#1891 = AXIS2_PLACEMENT_3D( '', #3501, #3502, #3503 );
#1892 = SURFACE_SIDE_STYLE( '', ( #3504 ) );
#1893 = EDGE_LOOP( '', ( #3505, #3506, #3507, #3508 ) );
#1894 = AXIS2_PLACEMENT_3D( '', #3509, #3510, #3511 );
#1895 = SURFACE_SIDE_STYLE( '', ( #3512 ) );
#1896 = EDGE_LOOP( '', ( #3513, #3514, #3515, #3516 ) );
#1897 = AXIS2_PLACEMENT_3D( '', #3517, #3518, #3519 );
#1898 = SURFACE_SIDE_STYLE( '', ( #3520 ) );
#1899 = EDGE_LOOP( '', ( #3521, #3522, #3523, #3524 ) );
#1900 = AXIS2_PLACEMENT_3D( '', #3525, #3526, #3527 );
#1901 = SURFACE_SIDE_STYLE( '', ( #3528 ) );
#1902 = EDGE_LOOP( '', ( #3529, #3530, #3531, #3532, #3533, #3534, #3535, #3536, #3537, #3538, #3539, #3540, #3541, #3542, #3543, #3544 ) );
#1903 = AXIS2_PLACEMENT_3D( '', #3545, #3546, #3547 );
#1904 = SURFACE_SIDE_STYLE( '', ( #3548 ) );
#1905 = EDGE_LOOP( '', ( #3549, #3550, #3551, #3552, #3553, #3554, #3555, #3556, #3557, #3558, #3559, #3560, #3561, #3562, #3563, #3564, #3565, #3566, #3567, #3568, #3569, #3570 ) );
#1906 = AXIS2_PLACEMENT_3D( '', #3571, #3572, #3573 );
#1907 = SURFACE_SIDE_STYLE( '', ( #3574 ) );
#1908 = EDGE_LOOP( '', ( #3575, #3576, #3577, #3578 ) );
#1909 = AXIS2_PLACEMENT_3D( '', #3579, #3580, #3581 );
#1910 = SURFACE_SIDE_STYLE( '', ( #3582 ) );
#1911 = EDGE_LOOP( '', ( #3583 ) );
#1912 = EDGE_LOOP( '', ( #3584 ) );
#1913 = AXIS2_PLACEMENT_3D( '', #3585, #3586, #3587 );
#1914 = SURFACE_SIDE_STYLE( '', ( #3588 ) );
#1915 = EDGE_LOOP( '', ( #3589, #3590, #3591, #3592 ) );
#1916 = AXIS2_PLACEMENT_3D( '', #3593, #3594, #3595 );
#1917 = SURFACE_SIDE_STYLE( '', ( #3596 ) );
#1918 = EDGE_LOOP( '', ( #3597, #3598, #3599, #3600 ) );
#1919 = EDGE_LOOP( '', ( #3601 ) );
#1920 = AXIS2_PLACEMENT_3D( '', #3602, #3603, #3604 );
#1921 = SURFACE_SIDE_STYLE( '', ( #3605 ) );
#1922 = EDGE_LOOP( '', ( #3606, #3607, #3608, #3609 ) );
#1923 = AXIS2_PLACEMENT_3D( '', #3610, #3611, #3612 );
#1924 = SURFACE_SIDE_STYLE( '', ( #3613 ) );
#1925 = EDGE_LOOP( '', ( #3614, #3615, #3616, #3617 ) );
#1926 = AXIS2_PLACEMENT_3D( '', #3618, #3619, #3620 );
#1927 = SURFACE_SIDE_STYLE( '', ( #3621 ) );
#1928 = EDGE_LOOP( '', ( #3622, #3623, #3624 ) );
#1929 = AXIS2_PLACEMENT_3D( '', #3625, #3626, #3627 );
#1930 = SURFACE_SIDE_STYLE( '', ( #3628 ) );
#1931 = EDGE_LOOP( '', ( #3629, #3630, #3631, #3632 ) );
#1932 = AXIS2_PLACEMENT_3D( '', #3633, #3634, #3635 );
#1933 = SURFACE_SIDE_STYLE( '', ( #3636 ) );
#1934 = EDGE_LOOP( '', ( #3637, #3638, #3639, #3640 ) );
#1935 = AXIS2_PLACEMENT_3D( '', #3641, #3642, #3643 );
#1936 = SURFACE_SIDE_STYLE( '', ( #3644 ) );
#1937 = EDGE_LOOP( '', ( #3645, #3646, #3647, #3648 ) );
#1938 = AXIS2_PLACEMENT_3D( '', #3649, #3650, #3651 );
#1939 = SURFACE_SIDE_STYLE( '', ( #3652 ) );
#1940 = EDGE_LOOP( '', ( #3653, #3654, #3655, #3656 ) );
#1941 = AXIS2_PLACEMENT_3D( '', #3657, #3658, #3659 );
#1942 = SURFACE_SIDE_STYLE( '', ( #3660 ) );
#1943 = EDGE_LOOP( '', ( #3661, #3662, #3663, #3664, #3665, #3666, #3667, #3668, #3669, #3670 ) );
#1944 = AXIS2_PLACEMENT_3D( '', #3671, #3672, #3673 );
#1945 = SURFACE_SIDE_STYLE( '', ( #3674 ) );
#1946 = EDGE_LOOP( '', ( #3675, #3676, #3677, #3678 ) );
#1947 = AXIS2_PLACEMENT_3D( '', #3679, #3680, #3681 );
#1948 = SURFACE_SIDE_STYLE( '', ( #3682 ) );
#1949 = EDGE_LOOP( '', ( #3683, #3684, #3685, #3686 ) );
#1950 = AXIS2_PLACEMENT_3D( '', #3687, #3688, #3689 );
#1951 = SURFACE_SIDE_STYLE( '', ( #3690 ) );
#1952 = EDGE_LOOP( '', ( #3691 ) );
#1953 = EDGE_LOOP( '', ( #3692 ) );
#1954 = AXIS2_PLACEMENT_3D( '', #3693, #3694, #3695 );
#1955 = SURFACE_SIDE_STYLE( '', ( #3696 ) );
#1956 = EDGE_LOOP( '', ( #3697, #3698, #3699 ) );
#1957 = AXIS2_PLACEMENT_3D( '', #3700, #3701, #3702 );
#1958 = SURFACE_SIDE_STYLE( '', ( #3703 ) );
#1959 = EDGE_LOOP( '', ( #3704, #3705, #3706, #3707, #3708, #3709, #3710, #3711 ) );
#1960 = AXIS2_PLACEMENT_3D( '', #3712, #3713, #3714 );
#1961 = SURFACE_SIDE_STYLE( '', ( #3715 ) );
#1962 = EDGE_LOOP( '', ( #3716 ) );
#1963 = AXIS2_PLACEMENT_3D( '', #3717, #3718, #3719 );
#1964 = SURFACE_SIDE_STYLE( '', ( #3720 ) );
#1965 = EDGE_LOOP( '', ( #3721, #3722, #3723, #3724 ) );
#1966 = AXIS2_PLACEMENT_3D( '', #3725, #3726, #3727 );
#1967 = SURFACE_SIDE_STYLE( '', ( #3728 ) );
#1968 = EDGE_LOOP( '', ( #3729, #3730, #3731, #3732, #3733, #3734, #3735, #3736, #3737, #3738, #3739, #3740, #3741, #3742, #3743, #3744, #3745, #3746, #3747, #3748, #3749, #3750, #3751, #3752, #3753, #3754, #3755, #3756, #3757, #3758, #3759, #3760 ) );
#1969 = EDGE_LOOP( '', ( #3761 ) );
#1970 = EDGE_LOOP( '', ( #3762 ) );
#1971 = EDGE_LOOP( '', ( #3763 ) );
#1972 = EDGE_LOOP( '', ( #3764 ) );
#1973 = EDGE_LOOP( '', ( #3765 ) );
#1974 = EDGE_LOOP( '', ( #3766 ) );
#1975 = AXIS2_PLACEMENT_3D( '', #3767, #3768, #3769 );
#1976 = SURFACE_SIDE_STYLE( '', ( #3770 ) );
#1977 = EDGE_LOOP( '', ( #3771, #3772, #3773, #3774, #3775, #3776, #3777, #3778 ) );
#1978 = AXIS2_PLACEMENT_3D( '', #3779, #3780, #3781 );
#1979 = SURFACE_SIDE_STYLE( '', ( #3782 ) );
#1980 = EDGE_LOOP( '', ( #3783, #3784, #3785, #3786 ) );
#1981 = AXIS2_PLACEMENT_3D( '', #3787, #3788, #3789 );
#1982 = SURFACE_SIDE_STYLE( '', ( #3790 ) );
#1983 = EDGE_LOOP( '', ( #3791 ) );
#1984 = AXIS2_PLACEMENT_3D( '', #3792, #3793, #3794 );
#1985 = SURFACE_SIDE_STYLE( '', ( #3795 ) );
#1986 = EDGE_LOOP( '', ( #3796, #3797, #3798, #3799 ) );
#1987 = AXIS2_PLACEMENT_3D( '', #3800, #3801, #3802 );
#1988 = SURFACE_SIDE_STYLE( '', ( #3803 ) );
#1989 = EDGE_LOOP( '', ( #3804, #3805, #3806, #3807 ) );
#1990 = AXIS2_PLACEMENT_3D( '', #3808, #3809, #3810 );
#1991 = SURFACE_SIDE_STYLE( '', ( #3811 ) );
#1992 = EDGE_LOOP( '', ( #3812, #3813, #3814, #3815, #3816, #3817, #3818, #3819, #3820, #3821, #3822, #3823, #3824, #3825, #3826, #3827 ) );
#1993 = AXIS2_PLACEMENT_3D( '', #3828, #3829, #3830 );
#1994 = SURFACE_SIDE_STYLE( '', ( #3831 ) );
#1995 = EDGE_LOOP( '', ( #3832, #3833, #3834, #3835, #3836, #3837 ) );
#1996 = AXIS2_PLACEMENT_3D( '', #3838, #3839, #3840 );
#1997 = SURFACE_SIDE_STYLE( '', ( #3841 ) );
#1998 = EDGE_LOOP( '', ( #3842, #3843, #3844, #3845 ) );
#1999 = AXIS2_PLACEMENT_3D( '', #3846, #3847, #3848 );
#2000 = SURFACE_SIDE_STYLE( '', ( #3849 ) );
#2001 = EDGE_LOOP( '', ( #3850, #3851, #3852, #3853 ) );
#2002 = AXIS2_PLACEMENT_3D( '', #3854, #3855, #3856 );
#2003 = SURFACE_SIDE_STYLE( '', ( #3857 ) );
#2004 = EDGE_LOOP( '', ( #3858, #3859, #3860, #3861, #3862 ) );
#2005 = AXIS2_PLACEMENT_3D( '', #3863, #3864, #3865 );
#2006 = SURFACE_SIDE_STYLE( '', ( #3866 ) );
#2007 = EDGE_LOOP( '', ( #3867, #3868, #3869, #3870, #3871, #3872, #3873, #3874, #3875, #3876, #3877, #3878, #3879 ) );
#2008 = AXIS2_PLACEMENT_3D( '', #3880, #3881, #3882 );
#2009 = SURFACE_SIDE_STYLE( '', ( #3883 ) );
#2010 = EDGE_LOOP( '', ( #3884, #3885, #3886, #3887 ) );
#2011 = EDGE_LOOP( '', ( #3888, #3889 ) );
#2012 = AXIS2_PLACEMENT_3D( '', #3890, #3891, #3892 );
#2013 = SURFACE_SIDE_STYLE( '', ( #3893 ) );
#2014 = EDGE_LOOP( '', ( #3894, #3895, #3896, #3897, #3898, #3899 ) );
#2015 = AXIS2_PLACEMENT_3D( '', #3900, #3901, #3902 );
#2016 = SURFACE_SIDE_STYLE( '', ( #3903 ) );
#2017 = EDGE_LOOP( '', ( #3904, #3905, #3906, #3907 ) );
#2018 = AXIS2_PLACEMENT_3D( '', #3908, #3909, #3910 );
#2019 = SURFACE_SIDE_STYLE( '', ( #3911 ) );
#2020 = EDGE_LOOP( '', ( #3912, #3913, #3914, #3915 ) );
#2021 = AXIS2_PLACEMENT_3D( '', #3916, #3917, #3918 );
#2022 = SURFACE_SIDE_STYLE( '', ( #3919 ) );
#2023 = EDGE_LOOP( '', ( #3920, #3921, #3922, #3923, #3924, #3925 ) );
#2024 = AXIS2_PLACEMENT_3D( '', #3926, #3927, #3928 );
#2025 = SURFACE_SIDE_STYLE( '', ( #3929 ) );
#2026 = EDGE_LOOP( '', ( #3930, #3931, #3932, #3933, #3934, #3935, #3936, #3937, #3938, #3939 ) );
#2027 = AXIS2_PLACEMENT_3D( '', #3940, #3941, #3942 );
#2028 = SURFACE_SIDE_STYLE( '', ( #3943 ) );
#2029 = EDGE_LOOP( '', ( #3944, #3945, #3946, #3947, #3948, #3949 ) );
#2030 = AXIS2_PLACEMENT_3D( '', #3950, #3951, #3952 );
#2031 = SURFACE_SIDE_STYLE( '', ( #3953 ) );
#2032 = EDGE_LOOP( '', ( #3954, #3955, #3956, #3957, #3958, #3959, #3960, #3961, #3962 ) );
#2033 = AXIS2_PLACEMENT_3D( '', #3963, #3964, #3965 );
#2034 = SURFACE_SIDE_STYLE( '', ( #3966 ) );
#2035 = EDGE_LOOP( '', ( #3967, #3968, #3969 ) );
#2036 = AXIS2_PLACEMENT_3D( '', #3970, #3971, #3972 );
#2037 = SURFACE_SIDE_STYLE( '', ( #3973 ) );
#2038 = EDGE_LOOP( '', ( #3974, #3975, #3976, #3977 ) );
#2039 = AXIS2_PLACEMENT_3D( '', #3978, #3979, #3980 );
#2040 = SURFACE_SIDE_STYLE( '', ( #3981 ) );
#2041 = EDGE_LOOP( '', ( #3982, #3983, #3984, #3985, #3986, #3987 ) );
#2042 = AXIS2_PLACEMENT_3D( '', #3988, #3989, #3990 );
#2043 = SURFACE_SIDE_STYLE( '', ( #3991 ) );
#2044 = EDGE_LOOP( '', ( #3992, #3993, #3994, #3995 ) );
#2045 = AXIS2_PLACEMENT_3D( '', #3996, #3997, #3998 );
#2046 = SURFACE_SIDE_STYLE( '', ( #3999 ) );
#2047 = EDGE_LOOP( '', ( #4000, #4001, #4002, #4003 ) );
#2048 = AXIS2_PLACEMENT_3D( '', #4004, #4005, #4006 );
#2049 = CARTESIAN_POINT( '', ( 0.000000000000000, 0.000000000000000, 0.000000000000000 ) );
#2050 = DIRECTION( '', ( 0.000000000000000, 0.000000000000000, 1.00000000000000 ) );
#2051 = DIRECTION( '', ( 1.00000000000000, 0.000000000000000, 0.000000000000000 ) );
#2052 = CARTESIAN_POINT( '', ( 0.000000000000000, 0.000000000000000, 0.000000000000000 ) );
#2053 = DIRECTION( '', ( -1.26634813746307E-016, -1.44118504218924E-016, 1.00000000000000 ) );
#2054 = DIRECTION( '', ( -1.00000000000000, -1.56763839098488E-017, -1.26634813746307E-016 ) );
#2055 = CARTESIAN_POINT( '', ( 0.000000000000000, 0.000000000000000, 0.000000000000000 ) );
#2056 = DIRECTION( '', ( 0.000000000000000, 0.000000000000000, 1.00000000000000 ) );
#2057 = DIRECTION( '', ( 1.00000000000000, 0.000000000000000, 0.000000000000000 ) );
#2058 = CARTESIAN_POINT( '', ( 0.000000000000000, 0.000000000000000, 0.000000000000000 ) );
#2059 = DIRECTION( '', ( 0.000000000000000, 0.000000000000000, 1.00000000000000 ) );
#2060 = DIRECTION( '', ( 1.00000000000000, 0.000000000000000, 0.000000000000000 ) );
#2061 = CARTESIAN_POINT( '', ( 1.21430643318376E-014, 1.56125112837912E-014, 18.6000000000000 ) );
#2062 = DIRECTION( '', ( -2.10329408696751E-016, 5.49817942422626E-017, -1.00000000000000 ) );
#2063 = DIRECTION( '', ( -1.00000000000000, 1.04083408558608E-016, 2.10329408696751E-016 ) );
#2065 = SURFACE_STYLE_FILL_AREA( #4007 );
#2066 = ORIENTED_EDGE( '', *, *, #4008, .T. );
#2067 = ORIENTED_EDGE( '', *, *, #4009, .T. );
#2068 = ORIENTED_EDGE( '', *, *, #4010, .F. );
#2069 = ORIENTED_EDGE( '', *, *, #4011, .F. );
#2070 = CARTESIAN_POINT( '', ( -12.1813738927149, -2.25000000000000, 0.833663981168579 ) );
#2071 = DIRECTION( '', ( -0.000000000000000, -1.00000000000000, -0.000000000000000 ) );
#2072 = DIRECTION( '', ( 0.000000000000000, 0.000000000000000, 1.00000000000000 ) );
#2073 = SURFACE_STYLE_FILL_AREA( #4012 );
#2074 = ORIENTED_EDGE( '', *, *, #4013, .T. );
#2075 = ORIENTED_EDGE( '', *, *, #4014, .T. );
#2076 = ORIENTED_EDGE( '', *, *, #4015, .F. );
#2077 = ORIENTED_EDGE( '', *, *, #4016, .T. );
#2078 = CARTESIAN_POINT( '', ( 5.25000000000000, -12.9000000000000, 1.42500000000000 ) );
#2079 = DIRECTION( '', ( 0.000000000000000, 1.00000000000000, 0.000000000000000 ) );
#2080 = DIRECTION( '', ( 0.000000000000000, 0.000000000000000, 1.00000000000000 ) );
#2081 = SURFACE_STYLE_FILL_AREA( #4017 );
#2082 = ORIENTED_EDGE( '', *, *, #4018, .F. );
#2083 = ORIENTED_EDGE( '', *, *, #4019, .T. );
#2084 = ORIENTED_EDGE( '', *, *, #4020, .T. );
#2085 = ORIENTED_EDGE( '', *, *, #4021, .T. );
#2086 = CARTESIAN_POINT( '', ( -3.15000000000000, -12.9000000000000, 1.42500000000000 ) );
#2087 = DIRECTION( '', ( 0.000000000000000, 1.00000000000000, 0.000000000000000 ) );
#2088 = DIRECTION( '', ( 0.000000000000000, 0.000000000000000, 1.00000000000000 ) );
#2089 = SURFACE_STYLE_FILL_AREA( #4022 );
#2090 = ORIENTED_EDGE( '', *, *, #4023, .F. );
#2091 = ORIENTED_EDGE( '', *, *, #4024, .T. );
#2092 = ORIENTED_EDGE( '', *, *, #4025, .F. );
#2093 = ORIENTED_EDGE( '', *, *, #4026, .F. );
#2094 = CARTESIAN_POINT( '', ( 8.67361737988404E-016, 0.000000000000000, 15.9750000000000 ) );
#2095 = DIRECTION( '', ( 0.000000000000000, 0.000000000000000, -1.00000000000000 ) );
#2096 = DIRECTION( '', ( -1.00000000000000, 0.000000000000000, 0.000000000000000 ) );
#2097 = SURFACE_STYLE_FILL_AREA( #4027 );
#2098 = ORIENTED_EDGE( '', *, *, #4028, .F. );
#2099 = ORIENTED_EDGE( '', *, *, #4029, .T. );
#2100 = CARTESIAN_POINT( '', ( 1.79500000000000, 12.5700000000000, -3.59500000000000 ) );
#2101 = DIRECTION( '', ( -0.000000000000000, -0.000000000000000, -1.00000000000000 ) );
#2102 = DIRECTION( '', ( 1.00000000000000, 0.000000000000000, 0.000000000000000 ) );
#2103 = SURFACE_STYLE_FILL_AREA( #4030 );
#2104 = ORIENTED_EDGE( '', *, *, #4031, .F. );
#2105 = CARTESIAN_POINT( '', ( 1.79500000000000, -12.5700000000000, -3.59500000000000 ) );
#2106 = DIRECTION( '', ( 0.000000000000000, 0.000000000000000, 1.00000000000000 ) );
#2107 = DIRECTION( '', ( 1.00000000000000, 0.000000000000000, 0.000000000000000 ) );
#2108 = SURFACE_STYLE_FILL_AREA( #4032 );
#2109 = ORIENTED_EDGE( '', *, *, #4033, .F. );
#2110 = ORIENTED_EDGE( '', *, *, #4034, .F. );
#2111 = ORIENTED_EDGE( '', *, *, #4035, .F. );
#2112 = ORIENTED_EDGE( '', *, *, #4036, .F. );
#2113 = CARTESIAN_POINT( '', ( 3.45000000000000, 13.2000000000000, 1.42500000000000 ) );
#2114 = DIRECTION( '', ( -0.000000000000000, -0.000000000000000, 1.00000000000000 ) );
#2115 = DIRECTION( '', ( -1.00000000000000, 0.000000000000000, 0.000000000000000 ) );
#2116 = SURFACE_STYLE_FILL_AREA( #4037 );
#2117 = ORIENTED_EDGE( '', *, *, #4038, .F. );
#2118 = ORIENTED_EDGE( '', *, *, #4039, .T. );
#2119 = ORIENTED_EDGE( '', *, *, #4040, .T. );
#2120 = ORIENTED_EDGE( '', *, *, #4041, .T. );
#2121 = CARTESIAN_POINT( '', ( -3.15000000000000, -14.1000000000000, 1.42500000000000 ) );
#2122 = DIRECTION( '', ( 1.00000000000000, -3.61400724161836E-016, 0.000000000000000 ) );
#2123 = DIRECTION( '', ( 3.61400724161836E-016, 1.00000000000000, 0.000000000000000 ) );
#2124 = SURFACE_STYLE_FILL_AREA( #4042 );
#2125 = ORIENTED_EDGE( '', *, *, #4043, .F. );
#2126 = ORIENTED_EDGE( '', *, *, #4044, .T. );
#2127 = ORIENTED_EDGE( '', *, *, #4045, .F. );
#2128 = ORIENTED_EDGE( '', *, *, #4046, .T. );
#2129 = ORIENTED_EDGE( '', *, *, #4047, .F. );
#2130 = ORIENTED_EDGE( '', *, *, #4048, .T. );
#2131 = CARTESIAN_POINT( '', ( -3.15000000000000, -6.70000000000000, 1.42500000000000 ) );
#2132 = DIRECTION( '', ( 0.000000000000000, -1.00000000000000, 0.000000000000000 ) );
#2133 = DIRECTION( '', ( 0.000000000000000, 0.000000000000000, -1.00000000000000 ) );
#2134 = SURFACE_STYLE_FILL_AREA( #4049 );
#2135 = ORIENTED_EDGE( '', *, *, #4050, .F. );
#2136 = ORIENTED_EDGE( '', *, *, #4051, .F. );
#2137 = ORIENTED_EDGE( '', *, *, #4052, .F. );
#2138 = ORIENTED_EDGE( '', *, *, #4053, .F. );
#2139 = CARTESIAN_POINT( '', ( 7.30000000000000, -8.39497617626161, 29.5000000000000 ) );
#2140 = DIRECTION( '', ( -0.000000000000000, -0.000000000000000, 1.00000000000000 ) );
#2141 = DIRECTION( '', ( -1.00000000000000, 0.000000000000000, 0.000000000000000 ) );
#2142 = SURFACE_STYLE_FILL_AREA( #4054 );
#2143 = ORIENTED_EDGE( '', *, *, #4055, .F. );
#2144 = ORIENTED_EDGE( '', *, *, #4056, .T. );
#2145 = ORIENTED_EDGE( '', *, *, #4057, .T. );
#2146 = ORIENTED_EDGE( '', *, *, #4058, .F. );
#2147 = CARTESIAN_POINT( '', ( -13.2613442713971, -2.25000000000000, 1.74999999999997 ) );
#2148 = DIRECTION( '', ( -0.000000000000000, -1.00000000000000, -0.000000000000000 ) );
#2149 = DIRECTION( '', ( 0.000000000000000, 0.000000000000000, 1.00000000000000 ) );
#2150 = SURFACE_STYLE_FILL_AREA( #4059 );
#2151 = ORIENTED_EDGE( '', *, *, #4028, .T. );
#2152 = CARTESIAN_POINT( '', ( 1.79500000000000, 12.5700000000000, -3.59500000000000 ) );
#2153 = DIRECTION( '', ( 0.000000000000000, 0.000000000000000, -1.00000000000000 ) );
#2154 = DIRECTION( '', ( -1.00000000000000, 0.000000000000000, 0.000000000000000 ) );
#2155 = SURFACE_STYLE_FILL_AREA( #4060 );
#2156 = ORIENTED_EDGE( '', *, *, #4061, .T. );
#2157 = ORIENTED_EDGE( '', *, *, #4062, .T. );
#2158 = CARTESIAN_POINT( '', ( 1.79500000000000, -8.98000000000000, -3.59500000000000 ) );
#2159 = DIRECTION( '', ( -0.000000000000000, -0.000000000000000, -1.00000000000000 ) );
#2160 = DIRECTION( '', ( 1.00000000000000, 0.000000000000000, 0.000000000000000 ) );
#2161 = SURFACE_STYLE_FILL_AREA( #4063 );
#2162 = ORIENTED_EDGE( '', *, *, #4064, .F. );
#2163 = ORIENTED_EDGE( '', *, *, #4065, .T. );
#2164 = ORIENTED_EDGE( '', *, *, #4066, .T. );
#2165 = ORIENTED_EDGE( '', *, *, #4067, .T. );
#2166 = CARTESIAN_POINT( '', ( -10.0000000000000, 0.000000000000000, 3.97500000000000 ) );
#2167 = DIRECTION( '', ( 0.000000000000000, 0.000000000000000, 1.00000000000000 ) );
#2168 = DIRECTION( '', ( 1.00000000000000, 0.000000000000000, 0.000000000000000 ) );
#2169 = SURFACE_STYLE_FILL_AREA( #4068 );
#2170 = ORIENTED_EDGE( '', *, *, #4069, .T. );
#2171 = ORIENTED_EDGE( '', *, *, #4070, .T. );
#2172 = ORIENTED_EDGE( '', *, *, #4071, .F. );
#2173 = ORIENTED_EDGE( '', *, *, #4072, .F. );
#2174 = CARTESIAN_POINT( '', ( -12.1813738927149, -2.25000000000000, 0.833663981168579 ) );
#2175 = DIRECTION( '', ( -0.000000000000000, -1.00000000000000, -0.000000000000000 ) );
#2176 = DIRECTION( '', ( 0.000000000000000, 0.000000000000000, 1.00000000000000 ) );
#2177 = SURFACE_STYLE_FILL_AREA( #4073 );
#2178 = ORIENTED_EDGE( '', *, *, #4074, .T. );
#2179 = ORIENTED_EDGE( '', *, *, #4075, .F. );
#2180 = ORIENTED_EDGE( '', *, *, #4076, .F. );
#2181 = ORIENTED_EDGE( '', *, *, #4077, .T. );
#2182 = CARTESIAN_POINT( '', ( -4.61500000000000, -0.300000000000000, 1.16315926586006 ) );
#2183 = DIRECTION( '', ( -0.000000000000000, -1.00000000000000, -0.000000000000000 ) );
#2184 = DIRECTION( '', ( 0.000000000000000, 0.000000000000000, 1.00000000000000 ) );
#2185 = SURFACE_STYLE_FILL_AREA( #4078 );
#2186 = ORIENTED_EDGE( '', *, *, #4079, .F. );
#2187 = ORIENTED_EDGE( '', *, *, #4041, .F. );
#2188 = ORIENTED_EDGE( '', *, *, #4080, .F. );
#2189 = ORIENTED_EDGE( '', *, *, #4019, .F. );
#2190 = CARTESIAN_POINT( '', ( -3.45000000000000, -13.2000000000000, 1.42500000000000 ) );
#2191 = DIRECTION( '', ( -0.000000000000000, -0.000000000000000, 1.00000000000000 ) );
#2192 = DIRECTION( '', ( -1.00000000000000, 0.000000000000000, 0.000000000000000 ) );
#2193 = SURFACE_STYLE_FILL_AREA( #4081 );
#2194 = ORIENTED_EDGE( '', *, *, #4082, .T. );
#2195 = ORIENTED_EDGE( '', *, *, #4083, .T. );
#2196 = ORIENTED_EDGE( '', *, *, #4084, .T. );
#2197 = ORIENTED_EDGE( '', *, *, #4085, .T. );
#2198 = ORIENTED_EDGE( '', *, *, #4050, .T. );
#2199 = ORIENTED_EDGE( '', *, *, #4086, .F. );
#2200 = ORIENTED_EDGE( '', *, *, #4087, .T. );
#2201 = ORIENTED_EDGE( '', *, *, #4088, .F. );
#2202 = ORIENTED_EDGE( '', *, *, #4089, .F. );
#2203 = ORIENTED_EDGE( '', *, *, #4090, .T. );
#2204 = CARTESIAN_POINT( '', ( 0.000000000000000, 0.000000000000000, 2.95000000000000 ) );
#2205 = DIRECTION( '', ( 0.000000000000000, 0.000000000000000, -1.00000000000000 ) );
#2206 = DIRECTION( '', ( -1.00000000000000, 0.000000000000000, 0.000000000000000 ) );
#2207 = SURFACE_STYLE_FILL_AREA( #4091 );
#2208 = ORIENTED_EDGE( '', *, *, #4092, .T. );
#2209 = ORIENTED_EDGE( '', *, *, #4093, .T. );
#2210 = ORIENTED_EDGE( '', *, *, #4008, .F. );
#2211 = ORIENTED_EDGE( '', *, *, #4094, .F. );
#2212 = CARTESIAN_POINT( '', ( -13.2613442713971, -2.25000000000000, 1.74999999999997 ) );
#2213 = DIRECTION( '', ( -0.000000000000000, -1.00000000000000, -0.000000000000000 ) );
#2214 = DIRECTION( '', ( 0.000000000000000, 0.000000000000000, 1.00000000000000 ) );
#2215 = SURFACE_STYLE_FILL_AREA( #4095 );
#2216 = ORIENTED_EDGE( '', *, *, #4096, .F. );
#2217 = ORIENTED_EDGE( '', *, *, #4014, .F. );
#2218 = ORIENTED_EDGE( '', *, *, #4097, .F. );
#2219 = ORIENTED_EDGE( '', *, *, #4098, .F. );
#2220 = CARTESIAN_POINT( '', ( 3.45000000000000, -13.2000000000000, 1.42500000000000 ) );
#2221 = DIRECTION( '', ( -0.000000000000000, -0.000000000000000, 1.00000000000000 ) );
#2222 = DIRECTION( '', ( -1.00000000000000, 0.000000000000000, 0.000000000000000 ) );
#2223 = SURFACE_STYLE_FILL_AREA( #4099 );
#2224 = ORIENTED_EDGE( '', *, *, #4100, .F. );
#2225 = ORIENTED_EDGE( '', *, *, #4101, .T. );
#2226 = ORIENTED_EDGE( '', *, *, #4102, .T. );
#2227 = ORIENTED_EDGE( '', *, *, #4103, .F. );
#2228 = ORIENTED_EDGE( '', *, *, #4104, .F. );
#2229 = ORIENTED_EDGE( '', *, *, #4105, .F. );
#2230 = ORIENTED_EDGE( '', *, *, #4106, .T. );
#2231 = ORIENTED_EDGE( '', *, *, #4107, .T. );
#2232 = ORIENTED_EDGE( '', *, *, #4064, .T. );
#2233 = CARTESIAN_POINT( '', ( 0.550000000000000, 14.1000000000000, -33.8699468225283 ) );
#2234 = DIRECTION( '', ( -1.00000000000000, -1.45950292449972E-016, 0.000000000000000 ) );
#2235 = DIRECTION( '', ( 1.45950292449972E-016, -1.00000000000000, 0.000000000000000 ) );
#2236 = SURFACE_STYLE_FILL_AREA( #4108 );
#2237 = ORIENTED_EDGE( '', *, *, #4109, .F. );
#2238 = ORIENTED_EDGE( '', *, *, #4110, .F. );
#2239 = ORIENTED_EDGE( '', *, *, #4111, .T. );
#2240 = ORIENTED_EDGE( '', *, *, #4112, .F. );
#2241 = CARTESIAN_POINT( '', ( 0.000000000000000, -37.8449468225284, 4.29500000000000 ) );
#2242 = DIRECTION( '', ( -0.000000000000000, -1.00000000000000, -0.000000000000000 ) );
#2243 = DIRECTION( '', ( 0.000000000000000, 0.000000000000000, 1.00000000000000 ) );
#2244 = SURFACE_STYLE_FILL_AREA( #4113 );
#2245 = ORIENTED_EDGE( '', *, *, #4114, .T. );
#2246 = ORIENTED_EDGE( '', *, *, #4115, .F. );
#2247 = ORIENTED_EDGE( '', *, *, #4116, .F. );
#2248 = ORIENTED_EDGE( '', *, *, #4117, .T. );
#2249 = CARTESIAN_POINT( '', ( -12.1813738926934, -2.25000000000000, 17.7663360189454 ) );
#2250 = DIRECTION( '', ( -0.000000000000000, -1.00000000000000, -0.000000000000000 ) );
#2251 = DIRECTION( '', ( 0.000000000000000, 0.000000000000000, 1.00000000000000 ) );
#2252 = SURFACE_STYLE_FILL_AREA( #4118 );
#2253 = ORIENTED_EDGE( '', *, *, #4119, .T. );
#2254 = CARTESIAN_POINT( '', ( -3.59000000000000, -10.7750000000000, -3.59500000000000 ) );
#2255 = DIRECTION( '', ( 0.000000000000000, 0.000000000000000, -1.00000000000000 ) );
#2256 = DIRECTION( '', ( -1.00000000000000, 0.000000000000000, 0.000000000000000 ) );
#2257 = SURFACE_STYLE_FILL_AREA( #4120 );
#2258 = ORIENTED_EDGE( '', *, *, #4121, .F. );
#2259 = ORIENTED_EDGE( '', *, *, #4122, .F. );
#2260 = ORIENTED_EDGE( '', *, *, #4123, .F. );
#2261 = ORIENTED_EDGE( '', *, *, #4124, .F. );
#2262 = CARTESIAN_POINT( '', ( -0.850000000000000, -13.8000000000000, 1.42500000000000 ) );
#2263 = DIRECTION( '', ( -0.000000000000000, -0.000000000000000, -1.00000000000000 ) );
#2264 = DIRECTION( '', ( 1.00000000000000, 0.000000000000000, 0.000000000000000 ) );
#2265 = SURFACE_STYLE_FILL_AREA( #4125 );
#2266 = ORIENTED_EDGE( '', *, *, #4126, .F. );
#2267 = ORIENTED_EDGE( '', *, *, #4127, .F. );
#2268 = ORIENTED_EDGE( '', *, *, #4128, .F. );
#2269 = ORIENTED_EDGE( '', *, *, #4129, .F. );
#2270 = CARTESIAN_POINT( '', ( -2.65141471671257, -34.5930973696680, 2.65000000000000 ) );
#2271 = DIRECTION( '', ( -0.000000000000000, -1.00000000000000, -0.000000000000000 ) );
#2272 = DIRECTION( '', ( 0.000000000000000, 0.000000000000000, 1.00000000000000 ) );
#2273 = SURFACE_STYLE_FILL_AREA( #4130 );
#2274 = ORIENTED_EDGE( '', *, *, #4131, .T. );
#2275 = ORIENTED_EDGE( '', *, *, #4132, .T. );
#2276 = ORIENTED_EDGE( '', *, *, #4133, .F. );
#2277 = ORIENTED_EDGE( '', *, *, #4134, .T. );
#2278 = ORIENTED_EDGE( '', *, *, #4135, .T. );
#2279 = ORIENTED_EDGE( '', *, *, #4136, .T. );
#2280 = CARTESIAN_POINT( '', ( -5.25000000000000, 12.9000000000000, 1.42500000000000 ) );
#2281 = DIRECTION( '', ( -1.00000000000000, 2.50634296273553E-015, 0.000000000000000 ) );
#2282 = DIRECTION( '', ( -2.50634296273553E-015, -1.00000000000000, 0.000000000000000 ) );
#2283 = SURFACE_STYLE_FILL_AREA( #4137 );
#2284 = ORIENTED_EDGE( '', *, *, #4138, .F. );
#2285 = ORIENTED_EDGE( '', *, *, #4139, .T. );
#2286 = CARTESIAN_POINT( '', ( 1.79500000000000, 8.98000000000000, -3.59500000000000 ) );
#2287 = DIRECTION( '', ( -0.000000000000000, -0.000000000000000, -1.00000000000000 ) );
#2288 = DIRECTION( '', ( 1.00000000000000, 0.000000000000000, 0.000000000000000 ) );
#2289 = SURFACE_STYLE_FILL_AREA( #4140 );
#2290 = ORIENTED_EDGE( '', *, *, #4135, .F. );
#2291 = ORIENTED_EDGE( '', *, *, #4141, .T. );
#2292 = ORIENTED_EDGE( '', *, *, #4142, .F. );
#2293 = ORIENTED_EDGE( '', *, *, #4143, .T. );
#2294 = ORIENTED_EDGE( '', *, *, #4144, .F. );
#2295 = ORIENTED_EDGE( '', *, *, #4145, .T. );
#2296 = ORIENTED_EDGE( '', *, *, #4146, .F. );
#2297 = ORIENTED_EDGE( '', *, *, #4147, .T. );
#2298 = ORIENTED_EDGE( '', *, *, #4148, .F. );
#2299 = ORIENTED_EDGE( '', *, *, #4149, .T. );
#2300 = ORIENTED_EDGE( '', *, *, #4150, .T. );
#2301 = ORIENTED_EDGE( '', *, *, #4151, .T. );
#2302 = ORIENTED_EDGE( '', *, *, #4152, .F. );
#2303 = ORIENTED_EDGE( '', *, *, #4153, .F. );
#2304 = ORIENTED_EDGE( '', *, *, #4106, .F. );
#2305 = ORIENTED_EDGE( '', *, *, #4154, .T. );
#2306 = ORIENTED_EDGE( '', *, *, #4155, .T. );
#2307 = ORIENTED_EDGE( '', *, *, #4156, .T. );
#2308 = ORIENTED_EDGE( '', *, *, #4102, .F. );
#2309 = ORIENTED_EDGE( '', *, *, #4157, .T. );
#2310 = ORIENTED_EDGE( '', *, *, #4158, .F. );
#2311 = ORIENTED_EDGE( '', *, *, #4159, .T. );
#2312 = ORIENTED_EDGE( '', *, *, #4160, .F. );
#2313 = ORIENTED_EDGE( '', *, *, #4033, .T. );
#2314 = ORIENTED_EDGE( '', *, *, #4161, .F. );
#2315 = ORIENTED_EDGE( '', *, *, #4162, .T. );
#2316 = ORIENTED_EDGE( '', *, *, #4163, .F. );
#2317 = ORIENTED_EDGE( '', *, *, #4164, .F. );
#2318 = ORIENTED_EDGE( '', *, *, #4165, .T. );
#2319 = ORIENTED_EDGE( '', *, *, #4166, .F. );
#2320 = ORIENTED_EDGE( '', *, *, #4167, .F. );
#2321 = ORIENTED_EDGE( '', *, *, #4029, .F. );
#2322 = ORIENTED_EDGE( '', *, *, #4139, .F. );
#2323 = ORIENTED_EDGE( '', *, *, #4168, .F. );
#2324 = ORIENTED_EDGE( '', *, *, #4169, .T. );
#2325 = ORIENTED_EDGE( '', *, *, #4170, .T. );
#2326 = ORIENTED_EDGE( '', *, *, #4171, .T. );
#2327 = CARTESIAN_POINT( '', ( -5.25000000000000, 12.9000000000000, 1.42500000000000 ) );
#2328 = DIRECTION( '', ( 0.000000000000000, 0.000000000000000, 1.00000000000000 ) );
#2329 = DIRECTION( '', ( 1.00000000000000, 0.000000000000000, 0.000000000000000 ) );
#2330 = SURFACE_STYLE_FILL_AREA( #4172 );
#2331 = ORIENTED_EDGE( '', *, *, #4105, .T. );
#2332 = ORIENTED_EDGE( '', *, *, #4173, .T. );
#2333 = ORIENTED_EDGE( '', *, *, #4154, .F. );
#2334 = CARTESIAN_POINT( '', ( -1.79500000000000, 9.87500000000000, -37.8150841668140 ) );
#2335 = DIRECTION( '', ( 0.000000000000000, -1.00000000000000, 0.000000000000000 ) );
#2336 = DIRECTION( '', ( 0.000000000000000, 0.000000000000000, -1.00000000000000 ) );
#2337 = SURFACE_STYLE_FILL_AREA( #4174 );
#2338 = ORIENTED_EDGE( '', *, *, #4175, .F. );
#2339 = ORIENTED_EDGE( '', *, *, #4176, .T. );
#2340 = ORIENTED_EDGE( '', *, *, #4177, .T. );
#2341 = ORIENTED_EDGE( '', *, *, #4178, .F. );
#2342 = ORIENTED_EDGE( '', *, *, #4179, .F. );
#2343 = CARTESIAN_POINT( '', ( -4.12118243949224E-015, -2.85000000000000, 1.55000000000000 ) );
#2344 = DIRECTION( '', ( -1.31054727603877E-015, -0.906307787036650, 0.422618261740699 ) );
#2345 = DIRECTION( '', ( 0.000000000000000, -0.422618261740699, -0.906307787036650 ) );
#2346 = SURFACE_STYLE_FILL_AREA( #4180 );
#2347 = ORIENTED_EDGE( '', *, *, #4181, .F. );
#2348 = ORIENTED_EDGE( '', *, *, #4182, .T. );
#2349 = ORIENTED_EDGE( '', *, *, #4183, .T. );
#2350 = ORIENTED_EDGE( '', *, *, #4056, .F. );
#2351 = CARTESIAN_POINT( '', ( -12.1813738927149, -2.25000000000000, 0.833663981168579 ) );
#2352 = DIRECTION( '', ( -0.000000000000000, -1.00000000000000, -0.000000000000000 ) );
#2353 = DIRECTION( '', ( 0.000000000000000, 0.000000000000000, 1.00000000000000 ) );
#2354 = SURFACE_STYLE_FILL_AREA( #4184 );
#2355 = ORIENTED_EDGE( '', *, *, #4185, .T. );
#2356 = ORIENTED_EDGE( '', *, *, #4186, .T. );
#2357 = ORIENTED_EDGE( '', *, *, #4187, .T. );
#2358 = ORIENTED_EDGE( '', *, *, #4188, .T. );
#2359 = CARTESIAN_POINT( '', ( 0.875000000000000, -6.50000000000000, -22.4199468225283 ) );
#2360 = DIRECTION( '', ( 0.000000000000000, 1.00000000000000, 0.000000000000000 ) );
#2361 = DIRECTION( '', ( 0.000000000000000, 0.000000000000000, 1.00000000000000 ) );
#2362 = SURFACE_STYLE_FILL_AREA( #4189 );
#2363 = ORIENTED_EDGE( '', *, *, #4190, .F. );
#2364 = ORIENTED_EDGE( '', *, *, #4191, .F. );
#2365 = ORIENTED_EDGE( '', *, *, #4192, .F. );
#2366 = ORIENTED_EDGE( '', *, *, #4193, .F. );
#2367 = CARTESIAN_POINT( '', ( 7.90243794704844, 8.99741412331005, 45.2925462753644 ) );
#2368 = DIRECTION( '', ( -0.000000000000000, -0.000000000000000, -1.00000000000000 ) );
#2369 = DIRECTION( '', ( 1.00000000000000, 0.000000000000000, 0.000000000000000 ) );
#2370 = SURFACE_STYLE_FILL_AREA( #4194 );
#2371 = ORIENTED_EDGE( '', *, *, #4195, .T. );
#2372 = ORIENTED_EDGE( '', *, *, #4169, .F. );
#2373 = CARTESIAN_POINT( '', ( -1.79500000000000, 8.98000000000000, -3.59500000000000 ) );
#2374 = DIRECTION( '', ( -0.000000000000000, -0.000000000000000, -1.00000000000000 ) );
#2375 = DIRECTION( '', ( 1.00000000000000, 0.000000000000000, 0.000000000000000 ) );
#2376 = SURFACE_STYLE_FILL_AREA( #4196 );
#2377 = ORIENTED_EDGE( '', *, *, #4025, .T. );
#2378 = ORIENTED_EDGE( '', *, *, #4197, .T. );
#2379 = ORIENTED_EDGE( '', *, *, #4198, .F. );
#2380 = ORIENTED_EDGE( '', *, *, #4199, .T. );
#2381 = CARTESIAN_POINT( '', ( -2.76690734369030, -7.00000000000000, 15.4250000000000 ) );
#2382 = DIRECTION( '', ( -7.83692431882790E-017, -1.00000000000000, 0.000000000000000 ) );
#2383 = DIRECTION( '', ( 1.00000000000000, -7.83692431882790E-017, 0.000000000000000 ) );
#2384 = SURFACE_STYLE_FILL_AREA( #4200 );
#2385 = ORIENTED_EDGE( '', *, *, #4201, .F. );
#2386 = ORIENTED_EDGE( '', *, *, #4202, .F. );
#2387 = ORIENTED_EDGE( '', *, *, #4203, .F. );
#2388 = ORIENTED_EDGE( '', *, *, #4188, .F. );
#2389 = CARTESIAN_POINT( '', ( 0.575000000000000, -6.80000000000000, -22.4199468225283 ) );
#2390 = DIRECTION( '', ( -0.000000000000000, -0.000000000000000, 1.00000000000000 ) );
#2391 = DIRECTION( '', ( -1.00000000000000, 0.000000000000000, 0.000000000000000 ) );
#2392 = SURFACE_STYLE_FILL_AREA( #4204 );
#2393 = ORIENTED_EDGE( '', *, *, #4205, .F. );
#2394 = ORIENTED_EDGE( '', *, *, #4124, .T. );
#2395 = ORIENTED_EDGE( '', *, *, #4206, .T. );
#2396 = ORIENTED_EDGE( '', *, *, #4207, .T. );
#2397 = CARTESIAN_POINT( '', ( 3.15000000000000, -14.1000000000000, 1.42500000000000 ) );
#2398 = DIRECTION( '', ( 0.000000000000000, 1.00000000000000, 0.000000000000000 ) );
#2399 = DIRECTION( '', ( 0.000000000000000, 0.000000000000000, 1.00000000000000 ) );
#2400 = SURFACE_STYLE_FILL_AREA( #4208 );
#2401 = ORIENTED_EDGE( '', *, *, #4209, .T. );
#2402 = ORIENTED_EDGE( '', *, *, #4171, .F. );
#2403 = CARTESIAN_POINT( '', ( -3.59000000000000, 10.7750000000000, -3.59500000000000 ) );
#2404 = DIRECTION( '', ( -0.000000000000000, -0.000000000000000, -1.00000000000000 ) );
#2405 = DIRECTION( '', ( 1.00000000000000, 0.000000000000000, 0.000000000000000 ) );
#2406 = SURFACE_STYLE_FILL_AREA( #4210 );
#2407 = ORIENTED_EDGE( '', *, *, #4211, .T. );
#2408 = ORIENTED_EDGE( '', *, *, #4212, .T. );
#2409 = ORIENTED_EDGE( '', *, *, #4069, .F. );
#2410 = ORIENTED_EDGE( '', *, *, #4213, .F. );
#2411 = CARTESIAN_POINT( '', ( -11.8417323132024, -2.25000000000000, 1.46436271221378 ) );
#2412 = DIRECTION( '', ( -0.474137235296934, 0.000000000000000, -0.880450953832739 ) );
#2413 = DIRECTION( '', ( -0.880450953832739, 0.000000000000000, 0.474137235296934 ) );
#2414 = SURFACE_STYLE_FILL_AREA( #4214 );
#2415 = ORIENTED_EDGE( '', *, *, #4215, .F. );
#2416 = ORIENTED_EDGE( '', *, *, #4216, .F. );
#2417 = ORIENTED_EDGE( '', *, *, #4217, .F. );
#2418 = ORIENTED_EDGE( '', *, *, #4016, .F. );
#2419 = CARTESIAN_POINT( '', ( 4.95000000000000, -12.6000000000000, 1.42500000000000 ) );
#2420 = DIRECTION( '', ( -0.000000000000000, -0.000000000000000, -1.00000000000000 ) );
#2421 = DIRECTION( '', ( 1.00000000000000, 0.000000000000000, 0.000000000000000 ) );
#2422 = SURFACE_STYLE_FILL_AREA( #4218 );
#2423 = ORIENTED_EDGE( '', *, *, #4219, .T. );
#2424 = ORIENTED_EDGE( '', *, *, #4220, .T. );
#2425 = ORIENTED_EDGE( '', *, *, #4221, .F. );
#2426 = ORIENTED_EDGE( '', *, *, #4222, .T. );
#2427 = CARTESIAN_POINT( '', ( 0.000000000000000, 0.000000000000000, 54.0000000000000 ) );
#2428 = DIRECTION( '', ( -0.000000000000000, -0.000000000000000, 1.00000000000000 ) );
#2429 = DIRECTION( '', ( -1.00000000000000, 0.000000000000000, 0.000000000000000 ) );
#2430 = SURFACE_STYLE_FILL_AREA( #4223 );
#2431 = ORIENTED_EDGE( '', *, *, #4160, .T. );
#2432 = ORIENTED_EDGE( '', *, *, #4224, .T. );
#2433 = ORIENTED_EDGE( '', *, *, #4225, .F. );
#2434 = ORIENTED_EDGE( '', *, *, #4034, .T. );
#2435 = CARTESIAN_POINT( '', ( 3.15000000000000, 12.9000000000000, 1.42500000000000 ) );
#2436 = DIRECTION( '', ( 1.00000000000000, 1.08420217248550E-014, 0.000000000000000 ) );
#2437 = DIRECTION( '', ( -1.08420217248550E-014, 1.00000000000000, 0.000000000000000 ) );
#2438 = SURFACE_STYLE_FILL_AREA( #4226 );
#2439 = ORIENTED_EDGE( '', *, *, #4227, .F. );
#2440 = ORIENTED_EDGE( '', *, *, #4228, .F. );
#2441 = ORIENTED_EDGE( '', *, *, #4229, .F. );
#2442 = ORIENTED_EDGE( '', *, *, #4132, .F. );
#2443 = CARTESIAN_POINT( '', ( -5.55000000000000, 9.26485294000936, 54.0000000000000 ) );
#2444 = DIRECTION( '', ( -0.000000000000000, -0.000000000000000, 1.00000000000000 ) );
#2445 = DIRECTION( '', ( -1.00000000000000, 0.000000000000000, 0.000000000000000 ) );
#2446 = SURFACE_STYLE_FILL_AREA( #4230 );
#2447 = ORIENTED_EDGE( '', *, *, #4231, .F. );
#2448 = ORIENTED_EDGE( '', *, *, #4232, .T. );
#2449 = ORIENTED_EDGE( '', *, *, #4233, .F. );
#2450 = ORIENTED_EDGE( '', *, *, #4234, .F. );
#2451 = CARTESIAN_POINT( '', ( 8.67361737988404E-016, 0.000000000000000, 15.9750000000000 ) );
#2452 = DIRECTION( '', ( 0.000000000000000, 0.000000000000000, -1.00000000000000 ) );
#2453 = DIRECTION( '', ( -1.00000000000000, 0.000000000000000, 0.000000000000000 ) );
#2454 = SURFACE_STYLE_FILL_AREA( #4235 );
#2455 = ORIENTED_EDGE( '', *, *, #4206, .F. );
#2456 = ORIENTED_EDGE( '', *, *, #4123, .T. );
#2457 = ORIENTED_EDGE( '', *, *, #4236, .F. );
#2458 = ORIENTED_EDGE( '', *, *, #4237, .T. );
#2459 = ORIENTED_EDGE( '', *, *, #4238, .T. );
#2460 = ORIENTED_EDGE( '', *, *, #4239, .T. );
#2461 = ORIENTED_EDGE( '', *, *, #4240, .T. );
#2462 = ORIENTED_EDGE( '', *, *, #4241, .T. );
#2463 = ORIENTED_EDGE( '', *, *, #4242, .T. );
#2464 = ORIENTED_EDGE( '', *, *, #4243, .T. );
#2465 = ORIENTED_EDGE( '', *, *, #4244, .T. );
#2466 = ORIENTED_EDGE( '', *, *, #4245, .T. );
#2467 = ORIENTED_EDGE( '', *, *, #4133, .T. );
#2468 = ORIENTED_EDGE( '', *, *, #4229, .T. );
#2469 = ORIENTED_EDGE( '', *, *, #4246, .F. );
#2470 = ORIENTED_EDGE( '', *, *, #4247, .T. );
#2471 = ORIENTED_EDGE( '', *, *, #4248, .F. );
#2472 = ORIENTED_EDGE( '', *, *, #4249, .T. );
#2473 = ORIENTED_EDGE( '', *, *, #4020, .F. );
#2474 = ORIENTED_EDGE( '', *, *, #4080, .T. );
#2475 = ORIENTED_EDGE( '', *, *, #4040, .F. );
#2476 = ORIENTED_EDGE( '', *, *, #4250, .T. );
#2477 = CARTESIAN_POINT( '', ( -10.5000000000000, 0.000000000000000, 3.97500000000000 ) );
#2478 = DIRECTION( '', ( 0.000000000000000, 0.000000000000000, 1.00000000000000 ) );
#2479 = DIRECTION( '', ( 1.00000000000000, 0.000000000000000, 0.000000000000000 ) );
#2480 = SURFACE_STYLE_FILL_AREA( #4251 );
#2481 = ORIENTED_EDGE( '', *, *, #4146, .T. );
#2482 = ORIENTED_EDGE( '', *, *, #4252, .T. );
#2483 = ORIENTED_EDGE( '', *, *, #4240, .F. );
#2484 = ORIENTED_EDGE( '', *, *, #4253, .T. );
#2485 = CARTESIAN_POINT( '', ( 3.15000000000000, 14.1000000000000, 1.42500000000000 ) );
#2486 = DIRECTION( '', ( -1.10141173077892E-015, 1.00000000000000, 0.000000000000000 ) );
#2487 = DIRECTION( '', ( -1.00000000000000, -1.10141173077892E-015, 0.000000000000000 ) );
#2488 = SURFACE_STYLE_FILL_AREA( #4254 );
#2489 = ORIENTED_EDGE( '', *, *, #4255, .F. );
#2490 = ORIENTED_EDGE( '', *, *, #4256, .F. );
#2491 = ORIENTED_EDGE( '', *, *, #4257, .F. );
#2492 = ORIENTED_EDGE( '', *, *, #4258, .T. );
#2493 = ORIENTED_EDGE( '', *, *, #4259, .F. );
#2494 = ORIENTED_EDGE( '', *, *, #4260, .T. );
#2495 = CARTESIAN_POINT( '', ( -10.4959580301030, -21.4700741691735, 1.55000000000000 ) );
#2496 = DIRECTION( '', ( 0.324576191382359, -0.324576191382359, -0.888425906857429 ) );
#2497 = DIRECTION( '', ( -0.939278884537689, 0.000000000000000, -0.343154742152334 ) );
#2498 = SURFACE_STYLE_FILL_AREA( #4261 );
#2499 = ORIENTED_EDGE( '', *, *, #4262, .F. );
#2500 = ORIENTED_EDGE( '', *, *, #4263, .T. );
#2501 = ORIENTED_EDGE( '', *, *, #4161, .T. );
#2502 = ORIENTED_EDGE( '', *, *, #4036, .T. );
#2503 = CARTESIAN_POINT( '', ( 5.25000000000000, 12.9000000000000, 1.42500000000000 ) );
#2504 = DIRECTION( '', ( 0.000000000000000, 1.00000000000000, 0.000000000000000 ) );
#2505 = DIRECTION( '', ( 0.000000000000000, 0.000000000000000, 1.00000000000000 ) );
#2506 = SURFACE_STYLE_FILL_AREA( #4264 );
#2507 = ORIENTED_EDGE( '', *, *, #4265, .F. );
#2508 = ORIENTED_EDGE( '', *, *, #4266, .T. );
#2509 = ORIENTED_EDGE( '', *, *, #4267, .F. );
#2510 = ORIENTED_EDGE( '', *, *, #4268, .T. );
#2511 = ORIENTED_EDGE( '', *, *, #4269, .T. );
#2512 = ORIENTED_EDGE( '', *, *, #4270, .T. );
#2513 = ORIENTED_EDGE( '', *, *, #4271, .T. );
#2514 = ORIENTED_EDGE( '', *, *, #4272, .T. );
#2515 = ORIENTED_EDGE( '', *, *, #4273, .T. );
#2516 = ORIENTED_EDGE( '', *, *, #4274, .T. );
#2517 = CARTESIAN_POINT( '', ( -17.3241161390705, 0.000000000000000, 9.30000000000000 ) );
#2518 = DIRECTION( '', ( 0.000000000000000, 0.000000000000000, 1.00000000000000 ) );
#2519 = DIRECTION( '', ( 1.00000000000000, 0.000000000000000, 0.000000000000000 ) );
#2520 = SURFACE_STYLE_FILL_AREA( #4275 );
#2521 = ORIENTED_EDGE( '', *, *, #4276, .F. );
#2522 = ORIENTED_EDGE( '', *, *, #4277, .F. );
#2523 = ORIENTED_EDGE( '', *, *, #4278, .F. );
#2524 = ORIENTED_EDGE( '', *, *, #4044, .F. );
#2525 = CARTESIAN_POINT( '', ( -3.01412134699054, -7.00000000000000, 1.42500000000000 ) );
#2526 = DIRECTION( '', ( -0.000000000000000, -0.000000000000000, -1.00000000000000 ) );
#2527 = DIRECTION( '', ( 1.00000000000000, 0.000000000000000, 0.000000000000000 ) );
#2528 = SURFACE_STYLE_FILL_AREA( #4279 );
#2529 = ORIENTED_EDGE( '', *, *, #4119, .F. );
#2530 = ORIENTED_EDGE( '', *, *, #4280, .T. );
#2531 = CARTESIAN_POINT( '', ( -3.59000000000000, -10.7750000000000, -3.59500000000000 ) );
#2532 = DIRECTION( '', ( -0.000000000000000, -0.000000000000000, -1.00000000000000 ) );
#2533 = DIRECTION( '', ( 1.00000000000000, 0.000000000000000, 0.000000000000000 ) );
#2534 = SURFACE_STYLE_FILL_AREA( #4281 );
#2535 = ORIENTED_EDGE( '', *, *, #4282, .T. );
#2536 = ORIENTED_EDGE( '', *, *, #4283, .F. );
#2537 = ORIENTED_EDGE( '', *, *, #4284, .F. );
#2538 = ORIENTED_EDGE( '', *, *, #4285, .T. );
#2539 = CARTESIAN_POINT( '', ( -4.61500000000000, -0.300000000000000, 1.16315926586006 ) );
#2540 = DIRECTION( '', ( -0.000000000000000, -1.00000000000000, -0.000000000000000 ) );
#2541 = DIRECTION( '', ( 0.000000000000000, 0.000000000000000, 1.00000000000000 ) );
#2542 = SURFACE_STYLE_FILL_AREA( #4286 );
#2543 = ORIENTED_EDGE( '', *, *, #4287, .T. );
#2544 = ORIENTED_EDGE( '', *, *, #4288, .F. );
#2545 = ORIENTED_EDGE( '', *, *, #4289, .F. );
#2546 = ORIENTED_EDGE( '', *, *, #4075, .T. );
#2547 = CARTESIAN_POINT( '', ( -23.9773290789995, -0.300000000000000, 3.47621193204202 ) );
#2548 = DIRECTION( '', ( -0.000000000000000, -1.00000000000000, -0.000000000000000 ) );
#2549 = DIRECTION( '', ( 0.000000000000000, 0.000000000000000, 1.00000000000000 ) );
#2550 = SURFACE_STYLE_FILL_AREA( #4290 );
#2551 = ORIENTED_EDGE( '', *, *, #4143, .F. );
#2552 = ORIENTED_EDGE( '', *, *, #4291, .F. );
#2553 = ORIENTED_EDGE( '', *, *, #4243, .F. );
#2554 = ORIENTED_EDGE( '', *, *, #4292, .F. );
#2555 = CARTESIAN_POINT( '', ( -3.45000000000000, 13.2000000000000, 1.42500000000000 ) );
#2556 = DIRECTION( '', ( -0.000000000000000, -0.000000000000000, 1.00000000000000 ) );
#2557 = DIRECTION( '', ( -1.00000000000000, 0.000000000000000, 0.000000000000000 ) );
#2558 = SURFACE_STYLE_FILL_AREA( #4293 );
#2559 = ORIENTED_EDGE( '', *, *, #4145, .F. );
#2560 = ORIENTED_EDGE( '', *, *, #4294, .F. );
#2561 = ORIENTED_EDGE( '', *, *, #4241, .F. );
#2562 = ORIENTED_EDGE( '', *, *, #4252, .F. );
#2563 = CARTESIAN_POINT( '', ( -2.85000000000000, 13.8000000000000, 1.42500000000000 ) );
#2564 = DIRECTION( '', ( -0.000000000000000, -0.000000000000000, -1.00000000000000 ) );
#2565 = DIRECTION( '', ( 1.00000000000000, 0.000000000000000, 0.000000000000000 ) );
#2566 = SURFACE_STYLE_FILL_AREA( #4295 );
#2567 = ORIENTED_EDGE( '', *, *, #4296, .T. );
#2568 = ORIENTED_EDGE( '', *, *, #4297, .T. );
#2569 = CARTESIAN_POINT( '', ( 1.82988447574487E-015, 9.00000000000000, 17.4750000000000 ) );
#2570 = DIRECTION( '', ( -0.000000000000000, -0.000000000000000, 1.00000000000000 ) );
#2571 = DIRECTION( '', ( -1.00000000000000, 0.000000000000000, 0.000000000000000 ) );
#2572 = SURFACE_STYLE_FILL_AREA( #4298 );
#2573 = ORIENTED_EDGE( '', *, *, #4299, .F. );
#2574 = ORIENTED_EDGE( '', *, *, #4082, .F. );
#2575 = ORIENTED_EDGE( '', *, *, #4300, .T. );
#2576 = ORIENTED_EDGE( '', *, *, #4301, .T. );
#2577 = ORIENTED_EDGE( '', *, *, #4128, .T. );
#2578 = ORIENTED_EDGE( '', *, *, #4302, .F. );
#2579 = ORIENTED_EDGE( '', *, *, #4303, .T. );
#2580 = ORIENTED_EDGE( '', *, *, #4304, .T. );
#2581 = ORIENTED_EDGE( '', *, *, #4305, .T. );
#2582 = CARTESIAN_POINT( '', ( 0.000000000000000, 0.000000000000000, 29.5000000000000 ) );
#2583 = DIRECTION( '', ( -0.000000000000000, -0.000000000000000, 1.00000000000000 ) );
#2584 = DIRECTION( '', ( -1.00000000000000, 0.000000000000000, 0.000000000000000 ) );
#2585 = SURFACE_STYLE_FILL_AREA( #4306 );
#2586 = ORIENTED_EDGE( '', *, *, #4307, .T. );
#2587 = ORIENTED_EDGE( '', *, *, #4308, .F. );
#2588 = ORIENTED_EDGE( '', *, *, #4309, .T. );
#2589 = ORIENTED_EDGE( '', *, *, #4310, .T. );
#2590 = CARTESIAN_POINT( '', ( 13.8241161390704, -2.85000000000000, 1.55000000000000 ) );
#2591 = DIRECTION( '', ( 0.000000000000000, 0.000000000000000, -1.00000000000000 ) );
#2592 = DIRECTION( '', ( -1.00000000000000, 0.000000000000000, 0.000000000000000 ) );
#2593 = SURFACE_STYLE_FILL_AREA( #4311 );
#2594 = ORIENTED_EDGE( '', *, *, #4195, .F. );
#2595 = CARTESIAN_POINT( '', ( -1.79500000000000, 8.98000000000000, -3.59500000000000 ) );
#2596 = DIRECTION( '', ( 0.000000000000000, 0.000000000000000, 1.00000000000000 ) );
#2597 = DIRECTION( '', ( 1.00000000000000, 0.000000000000000, 0.000000000000000 ) );
#2598 = SURFACE_STYLE_FILL_AREA( #4312 );
#2599 = ORIENTED_EDGE( '', *, *, #4313, .T. );
#2600 = ORIENTED_EDGE( '', *, *, #4314, .T. );
#2601 = ORIENTED_EDGE( '', *, *, #4211, .F. );
#2602 = ORIENTED_EDGE( '', *, *, #4315, .F. );
#2603 = CARTESIAN_POINT( '', ( -11.1983499770184, -2.25000000000000, 0.549999999999979 ) );
#2604 = DIRECTION( '', ( -0.880450953832740, 0.000000000000000, 0.474137235296933 ) );
#2605 = DIRECTION( '', ( 0.474137235296933, 0.000000000000000, 0.880450953832740 ) );
#2606 = SURFACE_STYLE_FILL_AREA( #4316 );
#2607 = ORIENTED_EDGE( '', *, *, #4317, .T. );
#2608 = ORIENTED_EDGE( '', *, *, #4318, .T. );
#2609 = ORIENTED_EDGE( '', *, *, #4164, .T. );
#2610 = ORIENTED_EDGE( '', *, *, #4319, .T. );
#2611 = CARTESIAN_POINT( '', ( 3.15000000000000, 6.70000000000000, 1.42500000000000 ) );
#2612 = DIRECTION( '', ( 0.751658957746749, -0.659551977662922, 0.000000000000000 ) );
#2613 = DIRECTION( '', ( 0.659551977662922, 0.751658957746749, 0.000000000000000 ) );
#2614 = SURFACE_STYLE_FILL_AREA( #4320 );
#2615 = ORIENTED_EDGE( '', *, *, #4147, .F. );
#2616 = ORIENTED_EDGE( '', *, *, #4253, .F. );
#2617 = ORIENTED_EDGE( '', *, *, #4239, .F. );
#2618 = ORIENTED_EDGE( '', *, *, #4321, .F. );
#2619 = CARTESIAN_POINT( '', ( -0.850000000000000, 13.8000000000000, -33.8699468225283 ) );
#2620 = DIRECTION( '', ( -0.000000000000000, -0.000000000000000, -1.00000000000000 ) );
#2621 = DIRECTION( '', ( 1.00000000000000, 0.000000000000000, 0.000000000000000 ) );
#2622 = SURFACE_STYLE_FILL_AREA( #4322 );
#2623 = ORIENTED_EDGE( '', *, *, #4323, .F. );
#2624 = ORIENTED_EDGE( '', *, *, #4324, .T. );
#2625 = ORIENTED_EDGE( '', *, *, #4151, .F. );
#2626 = CARTESIAN_POINT( '', ( -1.79500000000000, 9.87500000000000, -37.8150841668140 ) );
#2627 = DIRECTION( '', ( 0.000000000000000, -1.00000000000000, 0.000000000000000 ) );
#2628 = DIRECTION( '', ( 0.000000000000000, 0.000000000000000, -1.00000000000000 ) );
#2629 = SURFACE_STYLE_FILL_AREA( #4325 );
#2630 = ORIENTED_EDGE( '', *, *, #4326, .T. );
#2631 = ORIENTED_EDGE( '', *, *, #4327, .T. );
#2632 = ORIENTED_EDGE( '', *, *, #4328, .F. );
#2633 = ORIENTED_EDGE( '', *, *, #4329, .T. );
#2634 = CARTESIAN_POINT( '', ( 3.15000000000000, -14.1000000000000, 1.42500000000000 ) );
#2635 = DIRECTION( '', ( 0.000000000000000, 1.00000000000000, 0.000000000000000 ) );
#2636 = DIRECTION( '', ( 0.000000000000000, 0.000000000000000, 1.00000000000000 ) );
#2637 = SURFACE_STYLE_FILL_AREA( #4330 );
#2638 = ORIENTED_EDGE( '', *, *, #4331, .T. );
#2639 = CARTESIAN_POINT( '', ( -1.79500000000000, -8.98000000000000, -3.59500000000000 ) );
#2640 = DIRECTION( '', ( 0.000000000000000, 0.000000000000000, -1.00000000000000 ) );
#2641 = DIRECTION( '', ( -1.00000000000000, 0.000000000000000, 0.000000000000000 ) );
#2642 = SURFACE_STYLE_FILL_AREA( #4332 );
#2643 = ORIENTED_EDGE( '', *, *, #4333, .F. );
#2644 = ORIENTED_EDGE( '', *, *, #4282, .F. );
#2645 = ORIENTED_EDGE( '', *, *, #4334, .F. );
#2646 = ORIENTED_EDGE( '', *, *, #4335, .F. );
#2647 = ORIENTED_EDGE( '', *, *, #4287, .F. );
#2648 = ORIENTED_EDGE( '', *, *, #4074, .F. );
#2649 = ORIENTED_EDGE( '', *, *, #4336, .F. );
#2650 = ORIENTED_EDGE( '', *, *, #4337, .F. );
#2651 = CARTESIAN_POINT( '', ( -4.61500000000000, 0.300000000000000, 1.16315926586006 ) );
#2652 = DIRECTION( '', ( 0.000000000000000, 1.00000000000000, 0.000000000000000 ) );
#2653 = DIRECTION( '', ( 0.000000000000000, 0.000000000000000, 1.00000000000000 ) );
#2654 = SURFACE_STYLE_FILL_AREA( #4338 );
#2655 = ORIENTED_EDGE( '', *, *, #4141, .F. );
#2656 = ORIENTED_EDGE( '', *, *, #4134, .F. );
#2657 = ORIENTED_EDGE( '', *, *, #4245, .F. );
#2658 = ORIENTED_EDGE( '', *, *, #4339, .F. );
#2659 = CARTESIAN_POINT( '', ( -4.95000000000000, 12.6000000000000, 1.42500000000000 ) );
#2660 = DIRECTION( '', ( -0.000000000000000, -0.000000000000000, -1.00000000000000 ) );
#2661 = DIRECTION( '', ( 1.00000000000000, 0.000000000000000, 0.000000000000000 ) );
#2662 = SURFACE_STYLE_FILL_AREA( #4340 );
#2663 = ORIENTED_EDGE( '', *, *, #4341, .T. );
#2664 = ORIENTED_EDGE( '', *, *, #4342, .T. );
#2665 = ORIENTED_EDGE( '', *, *, #4343, .T. );
#2666 = ORIENTED_EDGE( '', *, *, #4344, .F. );
#2667 = ORIENTED_EDGE( '', *, *, #4345, .F. );
#2668 = ORIENTED_EDGE( '', *, *, #4346, .T. );
#2669 = ORIENTED_EDGE( '', *, *, #4347, .F. );
#2670 = ORIENTED_EDGE( '', *, *, #4348, .F. );
#2671 = ORIENTED_EDGE( '', *, *, #4349, .F. );
#2672 = CARTESIAN_POINT( '', ( 0.550000000000000, -14.1000000000000, -33.8699468225283 ) );
#2673 = DIRECTION( '', ( 1.00000000000000, -1.45950292449972E-016, 0.000000000000000 ) );
#2674 = DIRECTION( '', ( 1.45950292449972E-016, 1.00000000000000, 0.000000000000000 ) );
#2675 = SURFACE_STYLE_FILL_AREA( #4350 );
#2676 = ORIENTED_EDGE( '', *, *, #4026, .T. );
#2677 = ORIENTED_EDGE( '', *, *, #4199, .F. );
#2678 = ORIENTED_EDGE( '', *, *, #4351, .F. );
#2679 = ORIENTED_EDGE( '', *, *, #4352, .T. );
#2680 = CARTESIAN_POINT( '', ( -5.00000000000000, -9.23309265630969, 15.4250000000000 ) );
#2681 = DIRECTION( '', ( 0.707106781186546, -0.707106781186549, 0.000000000000000 ) );
#2682 = DIRECTION( '', ( 0.707106781186549, 0.707106781186546, 0.000000000000000 ) );
#2683 = SURFACE_STYLE_FILL_AREA( #4353 );
#2684 = ORIENTED_EDGE( '', *, *, #4354, .F. );
#2685 = ORIENTED_EDGE( '', *, *, #4348, .T. );
#2686 = ORIENTED_EDGE( '', *, *, #4355, .T. );
#2687 = ORIENTED_EDGE( '', *, *, #4356, .F. );
#2688 = CARTESIAN_POINT( '', ( 0.549999999999993, -51.7650841668141, 3.17500000000000 ) );
#2689 = DIRECTION( '', ( 0.814833136847615, 0.000000000000000, 0.579695574500164 ) );
#2690 = DIRECTION( '', ( 0.579695574500164, 0.000000000000000, -0.814833136847615 ) );
#2691 = SURFACE_STYLE_FILL_AREA( #4357 );
#2692 = ORIENTED_EDGE( '', *, *, #4358, .T. );
#2693 = ORIENTED_EDGE( '', *, *, #4359, .T. );
#2694 = ORIENTED_EDGE( '', *, *, #4360, .T. );
#2695 = ORIENTED_EDGE( '', *, *, #4361, .T. );
#2696 = ORIENTED_EDGE( '', *, *, #4362, .T. );
#2697 = ORIENTED_EDGE( '', *, *, #4363, .T. );
#2698 = ORIENTED_EDGE( '', *, *, #4181, .T. );
#2699 = ORIENTED_EDGE( '', *, *, #4055, .T. );
#2700 = ORIENTED_EDGE( '', *, *, #4364, .T. );
#2701 = ORIENTED_EDGE( '', *, *, #4365, .F. );
#2702 = CARTESIAN_POINT( '', ( -14.4999999999986, 0.310000000000000, 8.89049105656836E-016 ) );
#2703 = DIRECTION( '', ( 0.000000000000000, -1.00000000000000, 0.000000000000000 ) );
#2704 = DIRECTION( '', ( 0.000000000000000, 0.000000000000000, -1.00000000000000 ) );
#2705 = SURFACE_STYLE_FILL_AREA( #4366 );
#2706 = ORIENTED_EDGE( '', *, *, #4367, .F. );
#2707 = ORIENTED_EDGE( '', *, *, #4277, .T. );
#2708 = ORIENTED_EDGE( '', *, *, #4368, .F. );
#2709 = ORIENTED_EDGE( '', *, *, #4369, .T. );
#2710 = CARTESIAN_POINT( '', ( -5.25000000000000, -9.09326673973660, 1.42500000000000 ) );
#2711 = DIRECTION( '', ( 0.751658957746748, -0.659551977662923, 0.000000000000000 ) );
#2712 = DIRECTION( '', ( 0.659551977662923, 0.751658957746748, 0.000000000000000 ) );
#2713 = SURFACE_STYLE_FILL_AREA( #4370 );
#2714 = ORIENTED_EDGE( '', *, *, #4371, .F. );
#2715 = ORIENTED_EDGE( '', *, *, #4186, .F. );
#2716 = ORIENTED_EDGE( '', *, *, #4372, .F. );
#2717 = ORIENTED_EDGE( '', *, *, #4373, .F. );
#2718 = CARTESIAN_POINT( '', ( -0.575000000000000, -6.80000000000000, -22.4199468225283 ) );
#2719 = DIRECTION( '', ( -0.000000000000000, -0.000000000000000, 1.00000000000000 ) );
#2720 = DIRECTION( '', ( -1.00000000000000, 0.000000000000000, 0.000000000000000 ) );
#2721 = SURFACE_STYLE_FILL_AREA( #4374 );
#2722 = ORIENTED_EDGE( '', *, *, #4162, .F. );
#2723 = ORIENTED_EDGE( '', *, *, #4263, .F. );
#2724 = ORIENTED_EDGE( '', *, *, #4375, .F. );
#2725 = ORIENTED_EDGE( '', *, *, #4376, .F. );
#2726 = CARTESIAN_POINT( '', ( 4.95000000000000, 12.6000000000000, 1.42500000000000 ) );
#2727 = DIRECTION( '', ( -0.000000000000000, -0.000000000000000, -1.00000000000000 ) );
#2728 = DIRECTION( '', ( 1.00000000000000, 0.000000000000000, 0.000000000000000 ) );
#2729 = SURFACE_STYLE_FILL_AREA( #4377 );
#2730 = ORIENTED_EDGE( '', *, *, #4157, .F. );
#2731 = ORIENTED_EDGE( '', *, *, #4101, .F. );
#2732 = ORIENTED_EDGE( '', *, *, #4378, .F. );
#2733 = ORIENTED_EDGE( '', *, *, #4379, .F. );
#2734 = CARTESIAN_POINT( '', ( 0.850000000000000, 13.8000000000000, 1.42500000000000 ) );
#2735 = DIRECTION( '', ( -0.000000000000000, -0.000000000000000, -1.00000000000000 ) );
#2736 = DIRECTION( '', ( 1.00000000000000, 0.000000000000000, 0.000000000000000 ) );
#2737 = SURFACE_STYLE_FILL_AREA( #4380 );
#2738 = ORIENTED_EDGE( '', *, *, #4381, .T. );
#2739 = CARTESIAN_POINT( '', ( 3.59000000000000, 10.7750000000000, -3.59500000000000 ) );
#2740 = DIRECTION( '', ( 0.000000000000000, 0.000000000000000, -1.00000000000000 ) );
#2741 = DIRECTION( '', ( -1.00000000000000, 0.000000000000000, 0.000000000000000 ) );
#2742 = SURFACE_STYLE_FILL_AREA( #4382 );
#2743 = ORIENTED_EDGE( '', *, *, #4383, .T. );
#2744 = ORIENTED_EDGE( '', *, *, #4384, .F. );
#2745 = ORIENTED_EDGE( '', *, *, #4271, .F. );
#2746 = ORIENTED_EDGE( '', *, *, #4385, .T. );
#2747 = ORIENTED_EDGE( '', *, *, #4386, .T. );
#2748 = CARTESIAN_POINT( '', ( 4.17424493773362E-016, 17.3241161390704, 9.30000000000000 ) );
#2749 = DIRECTION( '', ( 0.707106781186547, -0.707106781186548, 0.000000000000000 ) );
#2750 = DIRECTION( '', ( 0.707106781186548, 0.707106781186547, 0.000000000000000 ) );
#2751 = SURFACE_STYLE_FILL_AREA( #4387 );
#2752 = ORIENTED_EDGE( '', *, *, #4336, .T. );
#2753 = ORIENTED_EDGE( '', *, *, #4077, .F. );
#2754 = ORIENTED_EDGE( '', *, *, #4388, .F. );
#2755 = ORIENTED_EDGE( '', *, *, #4389, .T. );
#2756 = CARTESIAN_POINT( '', ( -14.1150000000000, -0.300000000000000, -3.59000000000000 ) );
#2757 = DIRECTION( '', ( -1.00000000000000, 0.000000000000000, -3.64962202810370E-016 ) );
#2758 = DIRECTION( '', ( -3.64962202810370E-016, 0.000000000000000, 1.00000000000000 ) );
#2759 = SURFACE_STYLE_FILL_AREA( #4390 );
#2760 = ORIENTED_EDGE( '', *, *, #4391, .F. );
#2761 = ORIENTED_EDGE( '', *, *, #4046, .F. );
#2762 = ORIENTED_EDGE( '', *, *, #4392, .T. );
#2763 = ORIENTED_EDGE( '', *, *, #4393, .F. );
#2764 = CARTESIAN_POINT( '', ( 0.000000000000000, -37.8449468225284, 4.29500000000000 ) );
#2765 = DIRECTION( '', ( -0.000000000000000, -1.00000000000000, -0.000000000000000 ) );
#2766 = DIRECTION( '', ( 0.000000000000000, 0.000000000000000, 1.00000000000000 ) );
#2767 = SURFACE_STYLE_FILL_AREA( #4394 );
#2768 = ORIENTED_EDGE( '', *, *, #4395, .T. );
#2769 = ORIENTED_EDGE( '', *, *, #4396, .F. );
#2770 = ORIENTED_EDGE( '', *, *, #4397, .F. );
#2771 = ORIENTED_EDGE( '', *, *, #4115, .T. );
#2772 = CARTESIAN_POINT( '', ( -13.2613442712526, -2.25000000000000, 16.8499999995967 ) );
#2773 = DIRECTION( '', ( -0.000000000000000, -1.00000000000000, -0.000000000000000 ) );
#2774 = DIRECTION( '', ( 0.000000000000000, 0.000000000000000, 1.00000000000000 ) );
#2775 = SURFACE_STYLE_FILL_AREA( #4398 );
#2776 = ORIENTED_EDGE( '', *, *, #4399, .F. );
#2777 = ORIENTED_EDGE( '', *, *, #4400, .T. );
#2778 = ORIENTED_EDGE( '', *, *, #4255, .T. );
#2779 = ORIENTED_EDGE( '', *, *, #4401, .T. );
#2780 = CARTESIAN_POINT( '', ( 13.1182337861293, -34.5930973696680, 1.23104843031233 ) );
#2781 = DIRECTION( '', ( -0.411764705882353, 0.000000000000000, 0.911290199107628 ) );
#2782 = DIRECTION( '', ( 0.911290199107628, 0.000000000000000, 0.411764705882353 ) );
#2783 = SURFACE_STYLE_FILL_AREA( #4402 );
#2784 = ORIENTED_EDGE( '', *, *, #4267, .T. );
#2785 = ORIENTED_EDGE( '', *, *, #4403, .T. );
#2786 = ORIENTED_EDGE( '', *, *, #4404, .T. );
#2787 = ORIENTED_EDGE( '', *, *, #4405, .T. );
#2788 = CARTESIAN_POINT( '', ( 0.000000000000000, 0.000000000000000, 29.5000000000000 ) );
#2789 = DIRECTION( '', ( -0.000000000000000, -0.000000000000000, 1.00000000000000 ) );
#2790 = DIRECTION( '', ( -1.00000000000000, 0.000000000000000, 0.000000000000000 ) );
#2791 = SURFACE_STYLE_FILL_AREA( #4406 );
#2792 = ORIENTED_EDGE( '', *, *, #4407, .T. );
#2793 = ORIENTED_EDGE( '', *, *, #4259, .T. );
#2794 = ORIENTED_EDGE( '', *, *, #4408, .T. );
#2795 = ORIENTED_EDGE( '', *, *, #4191, .T. );
#2796 = ORIENTED_EDGE( '', *, *, #4409, .F. );
#2797 = CARTESIAN_POINT( '', ( 13.8241161390704, 3.50000000000000, 9.30000000000000 ) );
#2798 = DIRECTION( '', ( -0.707106781186547, -0.707106781186548, 0.000000000000000 ) );
#2799 = DIRECTION( '', ( 0.707106781186548, -0.707106781186547, 0.000000000000000 ) );
#2800 = SURFACE_STYLE_FILL_AREA( #4410 );
#2801 = ORIENTED_EDGE( '', *, *, #4411, .F. );
#2802 = ORIENTED_EDGE( '', *, *, #4109, .T. );
#2803 = ORIENTED_EDGE( '', *, *, #4412, .F. );
#2804 = ORIENTED_EDGE( '', *, *, #4413, .T. );
#2805 = ORIENTED_EDGE( '', *, *, #4317, .F. );
#2806 = ORIENTED_EDGE( '', *, *, #4414, .F. );
#2807 = ORIENTED_EDGE( '', *, *, #4415, .T. );
#2808 = ORIENTED_EDGE( '', *, *, #4221, .T. );
#2809 = ORIENTED_EDGE( '', *, *, #4416, .T. );
#2810 = ORIENTED_EDGE( '', *, *, #4417, .F. );
#2811 = ORIENTED_EDGE( '', *, *, #4418, .T. );
#2812 = ORIENTED_EDGE( '', *, *, #4419, .T. );
#2813 = ORIENTED_EDGE( '', *, *, #4047, .T. );
#2814 = ORIENTED_EDGE( '', *, *, #4391, .T. );
#2815 = CARTESIAN_POINT( '', ( 0.000000000000000, 0.000000000000000, 3.17500000000000 ) );
#2816 = DIRECTION( '', ( 0.000000000000000, 0.000000000000000, -1.00000000000000 ) );
#2817 = DIRECTION( '', ( -1.00000000000000, 0.000000000000000, 0.000000000000000 ) );
#2818 = SURFACE_STYLE_FILL_AREA( #4420 );
#2819 = ORIENTED_EDGE( '', *, *, #4187, .F. );
#2820 = ORIENTED_EDGE( '', *, *, #4371, .T. );
#2821 = ORIENTED_EDGE( '', *, *, #4421, .T. );
#2822 = ORIENTED_EDGE( '', *, *, #4422, .F. );
#2823 = ORIENTED_EDGE( '', *, *, #4423, .F. );
#2824 = ORIENTED_EDGE( '', *, *, #4201, .T. );
#2825 = CARTESIAN_POINT( '', ( -6.07500000000000, 0.000000000000000, 14.7750000000000 ) );
#2826 = DIRECTION( '', ( 0.000000000000000, 0.000000000000000, -1.00000000000000 ) );
#2827 = DIRECTION( '', ( -1.00000000000000, 0.000000000000000, 0.000000000000000 ) );
#2828 = SURFACE_STYLE_FILL_AREA( #4424 );
#2829 = ORIENTED_EDGE( '', *, *, #4425, .T. );
#2830 = ORIENTED_EDGE( '', *, *, #4426, .T. );
#2831 = ORIENTED_EDGE( '', *, *, #4136, .F. );
#2832 = ORIENTED_EDGE( '', *, *, #4167, .T. );
#2833 = CARTESIAN_POINT( '', ( -5.25000000000000, 9.09326673973660, 1.42500000000000 ) );
#2834 = DIRECTION( '', ( -0.751658957746748, -0.659551977662923, 0.000000000000000 ) );
#2835 = DIRECTION( '', ( 0.659551977662923, -0.751658957746748, 0.000000000000000 ) );
#2836 = SURFACE_STYLE_FILL_AREA( #4427 );
#2837 = ORIENTED_EDGE( '', *, *, #4333, .T. );
#2838 = ORIENTED_EDGE( '', *, *, #4428, .F. );
#2839 = ORIENTED_EDGE( '', *, *, #4429, .F. );
#2840 = ORIENTED_EDGE( '', *, *, #4283, .T. );
#2841 = CARTESIAN_POINT( '', ( -14.6150000000000, -0.300000000000000, -3.59000000000000 ) );
#2842 = DIRECTION( '', ( 1.00000000000000, 0.000000000000000, 7.29924405620740E-016 ) );
#2843 = DIRECTION( '', ( 7.29924405620740E-016, 0.000000000000000, -1.00000000000000 ) );
#2844 = SURFACE_STYLE_FILL_AREA( #4430 );
#2845 = ORIENTED_EDGE( '', *, *, #4431, .F. );
#2846 = CARTESIAN_POINT( '', ( -1.79500000000000, 12.5700000000000, -3.59500000000000 ) );
#2847 = DIRECTION( '', ( 0.000000000000000, 0.000000000000000, 1.00000000000000 ) );
#2848 = DIRECTION( '', ( 1.00000000000000, 0.000000000000000, 0.000000000000000 ) );
#2849 = SURFACE_STYLE_FILL_AREA( #4432 );
#2850 = ORIENTED_EDGE( '', *, *, #4433, .F. );
#2851 = ORIENTED_EDGE( '', *, *, #4434, .F. );
#2852 = ORIENTED_EDGE( '', *, *, #4351, .T. );
#2853 = ORIENTED_EDGE( '', *, *, #4198, .T. );
#2854 = ORIENTED_EDGE( '', *, *, #4435, .F. );
#2855 = ORIENTED_EDGE( '', *, *, #4372, .T. );
#2856 = ORIENTED_EDGE( '', *, *, #4185, .F. );
#2857 = ORIENTED_EDGE( '', *, *, #4203, .T. );
#2858 = ORIENTED_EDGE( '', *, *, #4436, .F. );
#2859 = ORIENTED_EDGE( '', *, *, #4437, .T. );
#2860 = ORIENTED_EDGE( '', *, *, #4438, .T. );
#2861 = ORIENTED_EDGE( '', *, *, #4439, .F. );
#2862 = ORIENTED_EDGE( '', *, *, #4440, .F. );
#2863 = ORIENTED_EDGE( '', *, *, #4441, .F. );
#2864 = ORIENTED_EDGE( '', *, *, #4442, .F. );
#2865 = CARTESIAN_POINT( '', ( -10.5000000000000, 0.000000000000000, 15.4250000000000 ) );
#2866 = DIRECTION( '', ( 0.000000000000000, 0.000000000000000, 1.00000000000000 ) );
#2867 = DIRECTION( '', ( 1.00000000000000, 0.000000000000000, 0.000000000000000 ) );
#2868 = SURFACE_STYLE_FILL_AREA( #4443 );
#2869 = ORIENTED_EDGE( '', *, *, #4444, .F. );
#2870 = ORIENTED_EDGE( '', *, *, #4445, .F. );
#2871 = ORIENTED_EDGE( '', *, *, #4446, .F. );
#2872 = ORIENTED_EDGE( '', *, *, #4329, .F. );
#2873 = CARTESIAN_POINT( '', ( 2.85000000000000, -13.8000000000000, 1.42500000000000 ) );
#2874 = DIRECTION( '', ( -0.000000000000000, -0.000000000000000, -1.00000000000000 ) );
#2875 = DIRECTION( '', ( 1.00000000000000, 0.000000000000000, 0.000000000000000 ) );
#2876 = SURFACE_STYLE_FILL_AREA( #4447 );
#2877 = ORIENTED_EDGE( '', *, *, #4421, .F. );
#2878 = ORIENTED_EDGE( '', *, *, #4373, .T. );
#2879 = ORIENTED_EDGE( '', *, *, #4435, .T. );
#2880 = ORIENTED_EDGE( '', *, *, #4197, .F. );
#2881 = ORIENTED_EDGE( '', *, *, #4024, .F. );
#2882 = ORIENTED_EDGE( '', *, *, #4448, .T. );
#2883 = ORIENTED_EDGE( '', *, *, #4449, .T. );
#2884 = CARTESIAN_POINT( '', ( -0.875000000000000, -6.50000000000000, -22.4199468225283 ) );
#2885 = DIRECTION( '', ( -1.00000000000000, -1.62630325872825E-016, 0.000000000000000 ) );
#2886 = DIRECTION( '', ( 1.62630325872825E-016, -1.00000000000000, 0.000000000000000 ) );
#2887 = SURFACE_STYLE_FILL_AREA( #4450 );
#2888 = ORIENTED_EDGE( '', *, *, #4451, .F. );
#2889 = ORIENTED_EDGE( '', *, *, #4452, .F. );
#2890 = ORIENTED_EDGE( '', *, *, #4433, .T. );
#2891 = ORIENTED_EDGE( '', *, *, #4453, .T. );
#2892 = CARTESIAN_POINT( '', ( -5.00000000000000, 9.23309265630970, 15.4250000000000 ) );
#2893 = DIRECTION( '', ( -0.707106781186548, -0.707106781186548, 0.000000000000000 ) );
#2894 = DIRECTION( '', ( 0.707106781186548, -0.707106781186548, 0.000000000000000 ) );
#2895 = SURFACE_STYLE_FILL_AREA( #4454 );
#2896 = ORIENTED_EDGE( '', *, *, #4300, .F. );
#2897 = ORIENTED_EDGE( '', *, *, #4090, .F. );
#2898 = ORIENTED_EDGE( '', *, *, #4455, .F. );
#2899 = ORIENTED_EDGE( '', *, *, #4456, .F. );
#2900 = CARTESIAN_POINT( '', ( 2.65141471671257, -34.5930973696680, 2.65000000000000 ) );
#2901 = DIRECTION( '', ( -0.000000000000000, -1.00000000000000, -0.000000000000000 ) );
#2902 = DIRECTION( '', ( 0.000000000000000, 0.000000000000000, 1.00000000000000 ) );
#2903 = SURFACE_STYLE_FILL_AREA( #4457 );
#2904 = ORIENTED_EDGE( '', *, *, #4165, .F. );
#2905 = ORIENTED_EDGE( '', *, *, #4318, .F. );
#2906 = ORIENTED_EDGE( '', *, *, #4413, .F. );
#2907 = ORIENTED_EDGE( '', *, *, #4458, .F. );
#2908 = CARTESIAN_POINT( '', ( 3.01412134699055, 7.00000000000000, 1.42500000000000 ) );
#2909 = DIRECTION( '', ( -0.000000000000000, -0.000000000000000, -1.00000000000000 ) );
#2910 = DIRECTION( '', ( 1.00000000000000, 0.000000000000000, 0.000000000000000 ) );
#2911 = SURFACE_STYLE_FILL_AREA( #4459 );
#2912 = ORIENTED_EDGE( '', *, *, #4460, .T. );
#2913 = ORIENTED_EDGE( '', *, *, #4461, .F. );
#2914 = ORIENTED_EDGE( '', *, *, #4462, .T. );
#2915 = ORIENTED_EDGE( '', *, *, #4463, .T. );
#2916 = ORIENTED_EDGE( '', *, *, #4092, .F. );
#2917 = ORIENTED_EDGE( '', *, *, #4464, .F. );
#2918 = ORIENTED_EDGE( '', *, *, #4396, .T. );
#2919 = ORIENTED_EDGE( '', *, *, #4465, .T. );
#2920 = ORIENTED_EDGE( '', *, *, #4466, .F. );
#2921 = ORIENTED_EDGE( '', *, *, #4358, .F. );
#2922 = CARTESIAN_POINT( '', ( 724.029191947735, -2.25000000000000, 9.30000000001263 ) );
#2923 = DIRECTION( '', ( -0.000000000000000, -1.00000000000000, -0.000000000000000 ) );
#2924 = DIRECTION( '', ( 0.000000000000000, 0.000000000000000, 1.00000000000000 ) );
#2925 = SURFACE_STYLE_FILL_AREA( #4467 );
#2926 = ORIENTED_EDGE( '', *, *, #4468, .T. );
#2927 = ORIENTED_EDGE( '', *, *, #4399, .T. );
#2928 = ORIENTED_EDGE( '', *, *, #4469, .T. );
#2929 = ORIENTED_EDGE( '', *, *, #4470, .F. );
#2930 = ORIENTED_EDGE( '', *, *, #4471, .F. );
#2931 = ORIENTED_EDGE( '', *, *, #4472, .F. );
#2932 = CARTESIAN_POINT( '', ( -12.6172783736627, 19.3487538256139, 2.60208521396522E-015 ) );
#2933 = DIRECTION( '', ( 0.324576191382359, 0.324576191382359, -0.888425906857429 ) );
#2934 = DIRECTION( '', ( -0.939278884537689, 0.000000000000000, -0.343154742152334 ) );
#2935 = SURFACE_STYLE_FILL_AREA( #4473 );
#2936 = ORIENTED_EDGE( '', *, *, #4474, .F. );
#2937 = ORIENTED_EDGE( '', *, *, #4475, .F. );
#2938 = ORIENTED_EDGE( '', *, *, #4476, .F. );
#2939 = ORIENTED_EDGE( '', *, *, #4477, .F. );
#2940 = CARTESIAN_POINT( '', ( 7.90243794704844, -8.99741412331005, 9.30000000000000 ) );
#2941 = DIRECTION( '', ( -0.000000000000000, -0.000000000000000, 1.00000000000000 ) );
#2942 = DIRECTION( '', ( -1.00000000000000, 0.000000000000000, 0.000000000000000 ) );
#2943 = SURFACE_STYLE_FILL_AREA( #4478 );
#2944 = ORIENTED_EDGE( '', *, *, #4479, .F. );
#2945 = ORIENTED_EDGE( '', *, *, #4480, .F. );
#2946 = ORIENTED_EDGE( '', *, *, #4481, .F. );
#2947 = ORIENTED_EDGE( '', *, *, #4462, .F. );
#2948 = CARTESIAN_POINT( '', ( -14.4999999999986, -0.310000000000000, 3.55000000000000 ) );
#2949 = DIRECTION( '', ( -0.00778550908261550, 0.000000000000000, 0.999969692464889 ) );
#2950 = DIRECTION( '', ( 0.999969692464889, 0.000000000000000, 0.00778550908261550 ) );
#2951 = SURFACE_STYLE_FILL_AREA( #4482 );
#2952 = ORIENTED_EDGE( '', *, *, #4483, .F. );
#2953 = ORIENTED_EDGE( '', *, *, #4484, .T. );
#2954 = ORIENTED_EDGE( '', *, *, #4323, .T. );
#2955 = ORIENTED_EDGE( '', *, *, #4150, .F. );
#2956 = CARTESIAN_POINT( '', ( -1.79500000000000, 51.7650841668141, 1.42500000000000 ) );
#2957 = DIRECTION( '', ( 0.814833136847615, 0.000000000000000, -0.579695574500164 ) );
#2958 = DIRECTION( '', ( -0.579695574500164, 0.000000000000000, -0.814833136847615 ) );
#2959 = SURFACE_STYLE_FILL_AREA( #4485 );
#2960 = ORIENTED_EDGE( '', *, *, #4486, .T. );
#2961 = ORIENTED_EDGE( '', *, *, #4487, .F. );
#2962 = ORIENTED_EDGE( '', *, *, #4488, .F. );
#2963 = ORIENTED_EDGE( '', *, *, #4177, .F. );
#2964 = CARTESIAN_POINT( '', ( -13.8241161390704, -2.85000000000000, 1.55000000000000 ) );
#2965 = DIRECTION( '', ( 0.000000000000000, 0.000000000000000, 1.00000000000000 ) );
#2966 = DIRECTION( '', ( 1.00000000000000, 0.000000000000000, 0.000000000000000 ) );
#2967 = SURFACE_STYLE_FILL_AREA( #4489 );
#2968 = ORIENTED_EDGE( '', *, *, #4355, .F. );
#2969 = ORIENTED_EDGE( '', *, *, #4347, .T. );
#2970 = ORIENTED_EDGE( '', *, *, #4490, .F. );
#2971 = CARTESIAN_POINT( '', ( -1.79500000000000, -9.87500000000000, -37.8150841668140 ) );
#2972 = DIRECTION( '', ( 0.000000000000000, -1.00000000000000, 0.000000000000000 ) );
#2973 = DIRECTION( '', ( 0.000000000000000, 0.000000000000000, -1.00000000000000 ) );
#2974 = SURFACE_STYLE_FILL_AREA( #4491 );
#2975 = ORIENTED_EDGE( '', *, *, #4492, .T. );
#2976 = ORIENTED_EDGE( '', *, *, #4216, .T. );
#2977 = ORIENTED_EDGE( '', *, *, #4493, .F. );
#2978 = ORIENTED_EDGE( '', *, *, #4494, .T. );
#2979 = ORIENTED_EDGE( '', *, *, #4417, .T. );
#2980 = ORIENTED_EDGE( '', *, *, #4495, .T. );
#2981 = CARTESIAN_POINT( '', ( 5.25000000000000, -9.09326673973660, 1.42500000000000 ) );
#2982 = DIRECTION( '', ( -1.00000000000000, 2.50634296273553E-015, 0.000000000000000 ) );
#2983 = DIRECTION( '', ( -2.50634296273553E-015, -1.00000000000000, 0.000000000000000 ) );
#2984 = SURFACE_STYLE_FILL_AREA( #4496 );
#2985 = ORIENTED_EDGE( '', *, *, #4497, .F. );
#2986 = ORIENTED_EDGE( '', *, *, #4498, .F. );
#2987 = ORIENTED_EDGE( '', *, *, #4303, .F. );
#2988 = ORIENTED_EDGE( '', *, *, #4499, .F. );
#2989 = CARTESIAN_POINT( '', ( -2.65141471671257, -34.5930973696680, 2.65000000000000 ) );
#2990 = DIRECTION( '', ( -0.000000000000000, -1.00000000000000, -0.000000000000000 ) );
#2991 = DIRECTION( '', ( 0.000000000000000, 0.000000000000000, 1.00000000000000 ) );
#2992 = SURFACE_STYLE_FILL_AREA( #4500 );
#2993 = ORIENTED_EDGE( '', *, *, #4501, .F. );
#2994 = ORIENTED_EDGE( '', *, *, #4098, .T. );
#2995 = ORIENTED_EDGE( '', *, *, #4502, .T. );
#2996 = ORIENTED_EDGE( '', *, *, #4445, .T. );
#2997 = CARTESIAN_POINT( '', ( 3.15000000000000, -12.9000000000000, 1.42500000000000 ) );
#2998 = DIRECTION( '', ( -1.00000000000000, -3.61400724161836E-016, 0.000000000000000 ) );
#2999 = DIRECTION( '', ( 3.61400724161836E-016, -1.00000000000000, 0.000000000000000 ) );
#3000 = SURFACE_STYLE_FILL_AREA( #4503 );
#3001 = ORIENTED_EDGE( '', *, *, #4236, .T. );
#3002 = ORIENTED_EDGE( '', *, *, #4122, .T. );
#3003 = ORIENTED_EDGE( '', *, *, #4504, .T. );
#3004 = ORIENTED_EDGE( '', *, *, #4505, .F. );
#3005 = ORIENTED_EDGE( '', *, *, #4506, .F. );
#3006 = ORIENTED_EDGE( '', *, *, #4507, .F. );
#3007 = ORIENTED_EDGE( '', *, *, #4508, .T. );
#3008 = ORIENTED_EDGE( '', *, *, #4509, .T. );
#3009 = ORIENTED_EDGE( '', *, *, #4510, .T. );
#3010 = CARTESIAN_POINT( '', ( -0.549999999999992, -8.90000000000000, -33.8699468225283 ) );
#3011 = DIRECTION( '', ( -1.00000000000000, 2.71050543121377E-016, 0.000000000000000 ) );
#3012 = DIRECTION( '', ( -2.71050543121377E-016, -1.00000000000000, 0.000000000000000 ) );
#3013 = SURFACE_STYLE_FILL_AREA( #4511 );
#3014 = ORIENTED_EDGE( '', *, *, #4512, .F. );
#3015 = ORIENTED_EDGE( '', *, *, #4513, .F. );
#3016 = ORIENTED_EDGE( '', *, *, #4247, .F. );
#3017 = ORIENTED_EDGE( '', *, *, #4514, .F. );
#3018 = CARTESIAN_POINT( '', ( -5.55000000000000, -9.26485294000936, 54.0000000000000 ) );
#3019 = DIRECTION( '', ( -0.000000000000000, -0.000000000000000, 1.00000000000000 ) );
#3020 = DIRECTION( '', ( -1.00000000000000, 0.000000000000000, 0.000000000000000 ) );
#3021 = SURFACE_STYLE_FILL_AREA( #4515 );
#3022 = ORIENTED_EDGE( '', *, *, #4301, .F. );
#3023 = ORIENTED_EDGE( '', *, *, #4456, .T. );
#3024 = ORIENTED_EDGE( '', *, *, #4516, .F. );
#3025 = ORIENTED_EDGE( '', *, *, #4129, .T. );
#3026 = CARTESIAN_POINT( '', ( 0.000000000000000, -34.5930973696680, 4.70384615384616 ) );
#3027 = DIRECTION( '', ( -0.000000000000000, -1.00000000000000, -0.000000000000000 ) );
#3028 = DIRECTION( '', ( 0.000000000000000, 0.000000000000000, 1.00000000000000 ) );
#3029 = SURFACE_STYLE_FILL_AREA( #4517 );
#3030 = ORIENTED_EDGE( '', *, *, #4470, .T. );
#3031 = ORIENTED_EDGE( '', *, *, #4518, .F. );
#3032 = ORIENTED_EDGE( '', *, *, #4519, .F. );
#3033 = ORIENTED_EDGE( '', *, *, #4477, .T. );
#3034 = ORIENTED_EDGE( '', *, *, #4520, .T. );
#3035 = CARTESIAN_POINT( '', ( 4.17424493773362E-016, -17.3241161390704, 9.30000000000000 ) );
#3036 = DIRECTION( '', ( -0.707106781186547, 0.707106781186548, 0.000000000000000 ) );
#3037 = DIRECTION( '', ( -0.707106781186548, -0.707106781186547, 0.000000000000000 ) );
#3038 = SURFACE_STYLE_FILL_AREA( #4521 );
#3039 = ORIENTED_EDGE( '', *, *, #4522, .T. );
#3040 = ORIENTED_EDGE( '', *, *, #4523, .T. );
#3041 = CARTESIAN_POINT( '', ( 3.59000000000000, -10.7750000000000, -3.59500000000000 ) );
#3042 = DIRECTION( '', ( -0.000000000000000, -0.000000000000000, -1.00000000000000 ) );
#3043 = DIRECTION( '', ( 1.00000000000000, 0.000000000000000, 0.000000000000000 ) );
#3044 = SURFACE_STYLE_FILL_AREA( #4524 );
#3045 = ORIENTED_EDGE( '', *, *, #4163, .T. );
#3046 = ORIENTED_EDGE( '', *, *, #4376, .T. );
#3047 = ORIENTED_EDGE( '', *, *, #4525, .F. );
#3048 = ORIENTED_EDGE( '', *, *, #4526, .T. );
#3049 = ORIENTED_EDGE( '', *, *, #4414, .T. );
#3050 = ORIENTED_EDGE( '', *, *, #4319, .F. );
#3051 = CARTESIAN_POINT( '', ( 5.25000000000000, 9.09326673973660, 1.42500000000000 ) );
#3052 = DIRECTION( '', ( 1.00000000000000, 2.50634296273553E-015, 0.000000000000000 ) );
#3053 = DIRECTION( '', ( -2.50634296273553E-015, 1.00000000000000, 0.000000000000000 ) );
#3054 = SURFACE_STYLE_FILL_AREA( #4527 );
#3055 = ORIENTED_EDGE( '', *, *, #4528, .F. );
#3056 = ORIENTED_EDGE( '', *, *, #4048, .F. );
#3057 = ORIENTED_EDGE( '', *, *, #4419, .F. );
#3058 = ORIENTED_EDGE( '', *, *, #4529, .F. );
#3059 = CARTESIAN_POINT( '', ( 3.01412134699054, -7.00000000000000, 1.42500000000000 ) );
#3060 = DIRECTION( '', ( -0.000000000000000, -0.000000000000000, -1.00000000000000 ) );
#3061 = DIRECTION( '', ( 1.00000000000000, 0.000000000000000, 0.000000000000000 ) );
#3062 = SURFACE_STYLE_FILL_AREA( #4530 );
#3063 = ORIENTED_EDGE( '', *, *, #4531, .F. );
#3064 = ORIENTED_EDGE( '', *, *, #4514, .T. );
#3065 = ORIENTED_EDGE( '', *, *, #4246, .T. );
#3066 = ORIENTED_EDGE( '', *, *, #4228, .T. );
#3067 = CARTESIAN_POINT( '', ( 0.000000000000000, 0.000000000000000, 54.0000000000000 ) );
#3068 = DIRECTION( '', ( -0.000000000000000, -0.000000000000000, 1.00000000000000 ) );
#3069 = DIRECTION( '', ( -1.00000000000000, 0.000000000000000, 0.000000000000000 ) );
#3070 = SURFACE_STYLE_FILL_AREA( #4532 );
#3071 = ORIENTED_EDGE( '', *, *, #4297, .F. );
#3072 = ORIENTED_EDGE( '', *, *, #4533, .T. );
#3073 = ORIENTED_EDGE( '', *, *, #4451, .T. );
#3074 = ORIENTED_EDGE( '', *, *, #4534, .T. );
#3075 = ORIENTED_EDGE( '', *, *, #4535, .T. );
#3076 = CARTESIAN_POINT( '', ( 8.67361737988404E-016, 0.000000000000000, 15.9750000000000 ) );
#3077 = DIRECTION( '', ( 0.000000000000000, 0.000000000000000, 1.00000000000000 ) );
#3078 = DIRECTION( '', ( 1.00000000000000, 0.000000000000000, 0.000000000000000 ) );
#3079 = SURFACE_STYLE_FILL_AREA( #4536 );
#3080 = ORIENTED_EDGE( '', *, *, #4176, .F. );
#3081 = ORIENTED_EDGE( '', *, *, #4537, .T. );
#3082 = ORIENTED_EDGE( '', *, *, #4538, .T. );
#3083 = ORIENTED_EDGE( '', *, *, #4539, .F. );
#3084 = ORIENTED_EDGE( '', *, *, #4540, .T. );
#3085 = ORIENTED_EDGE( '', *, *, #4486, .F. );
#3086 = CARTESIAN_POINT( '', ( -12.9741161390704, -34.5930973696680, 1.55000000000000 ) );
#3087 = DIRECTION( '', ( -0.000000000000000, -1.00000000000000, -0.000000000000000 ) );
#3088 = DIRECTION( '', ( 0.000000000000000, 0.000000000000000, 1.00000000000000 ) );
#3089 = SURFACE_STYLE_FILL_AREA( #4541 );
#3090 = ORIENTED_EDGE( '', *, *, #4431, .T. );
#3091 = ORIENTED_EDGE( '', *, *, #4170, .F. );
#3092 = CARTESIAN_POINT( '', ( -1.79500000000000, 12.5700000000000, -3.59500000000000 ) );
#3093 = DIRECTION( '', ( -0.000000000000000, -0.000000000000000, -1.00000000000000 ) );
#3094 = DIRECTION( '', ( 1.00000000000000, 0.000000000000000, 0.000000000000000 ) );
#3095 = SURFACE_STYLE_FILL_AREA( #4542 );
#3096 = ORIENTED_EDGE( '', *, *, #4543, .T. );
#3097 = ORIENTED_EDGE( '', *, *, #4475, .T. );
#3098 = ORIENTED_EDGE( '', *, *, #4544, .T. );
#3099 = ORIENTED_EDGE( '', *, *, #4051, .T. );
#3100 = ORIENTED_EDGE( '', *, *, #4085, .F. );
#3101 = ORIENTED_EDGE( '', *, *, #4545, .T. );
#3102 = CARTESIAN_POINT( '', ( 5.23075975502646, -6.75000000000000, 39.5759050750217 ) );
#3103 = DIRECTION( '', ( 0.707106781186548, 0.707106781186547, 0.000000000000000 ) );
#3104 = DIRECTION( '', ( -0.707106781186547, 0.707106781186548, 0.000000000000000 ) );
#3105 = SURFACE_STYLE_FILL_AREA( #4546 );
#3106 = ORIENTED_EDGE( '', *, *, #4429, .T. );
#3107 = ORIENTED_EDGE( '', *, *, #4547, .T. );
#3108 = ORIENTED_EDGE( '', *, *, #4388, .T. );
#3109 = ORIENTED_EDGE( '', *, *, #4076, .T. );
#3110 = ORIENTED_EDGE( '', *, *, #4289, .T. );
#3111 = ORIENTED_EDGE( '', *, *, #4479, .T. );
#3112 = ORIENTED_EDGE( '', *, *, #4548, .T. );
#3113 = ORIENTED_EDGE( '', *, *, #4284, .T. );
#3114 = CARTESIAN_POINT( '', ( -4.61500000000000, -0.300000000000000, 1.16315926586006 ) );
#3115 = DIRECTION( '', ( 0.000000000000000, 1.00000000000000, 0.000000000000000 ) );
#3116 = DIRECTION( '', ( 0.000000000000000, 0.000000000000000, 1.00000000000000 ) );
#3117 = SURFACE_STYLE_FILL_AREA( #4549 );
#3118 = ORIENTED_EDGE( '', *, *, #4550, .T. );
#3119 = ORIENTED_EDGE( '', *, *, #4551, .F. );
#3120 = ORIENTED_EDGE( '', *, *, #4552, .F. );
#3121 = ORIENTED_EDGE( '', *, *, #4553, .T. );
#3122 = CARTESIAN_POINT( '', ( -13.2613442712526, -2.25000000000000, 16.8499999995967 ) );
#3123 = DIRECTION( '', ( -0.000000000000000, -1.00000000000000, -0.000000000000000 ) );
#3124 = DIRECTION( '', ( 0.000000000000000, 0.000000000000000, 1.00000000000000 ) );
#3125 = SURFACE_STYLE_FILL_AREA( #4554 );
#3126 = ORIENTED_EDGE( '', *, *, #4087, .F. );
#3127 = ORIENTED_EDGE( '', *, *, #4555, .F. );
#3128 = ORIENTED_EDGE( '', *, *, #4556, .F. );
#3129 = ORIENTED_EDGE( '', *, *, #4557, .F. );
#3130 = CARTESIAN_POINT( '', ( 7.30000000000000, 8.39497617626161, 29.5000000000000 ) );
#3131 = DIRECTION( '', ( -0.000000000000000, -0.000000000000000, 1.00000000000000 ) );
#3132 = DIRECTION( '', ( -1.00000000000000, 0.000000000000000, 0.000000000000000 ) );
#3133 = SURFACE_STYLE_FILL_AREA( #4558 );
#3134 = ORIENTED_EDGE( '', *, *, #4309, .F. );
#3135 = ORIENTED_EDGE( '', *, *, #4559, .T. );
#3136 = ORIENTED_EDGE( '', *, *, #4472, .T. );
#3137 = ORIENTED_EDGE( '', *, *, #4560, .T. );
#3138 = ORIENTED_EDGE( '', *, *, #4561, .T. );
#3139 = CARTESIAN_POINT( '', ( 1.23635473184767E-015, -2.85000000000000, 1.55000000000000 ) );
#3140 = DIRECTION( '', ( 3.93164182811630E-016, -0.906307787036650, 0.422618261740699 ) );
#3141 = DIRECTION( '', ( 0.000000000000000, -0.422618261740699, -0.906307787036650 ) );
#3142 = SURFACE_STYLE_FILL_AREA( #4562 );
#3143 = ORIENTED_EDGE( '', *, *, #4563, .T. );
#3144 = ORIENTED_EDGE( '', *, *, #4564, .T. );
#3145 = ORIENTED_EDGE( '', *, *, #4565, .T. );
#3146 = ORIENTED_EDGE( '', *, *, #4386, .F. );
#3147 = ORIENTED_EDGE( '', *, *, #4566, .T. );
#3148 = ORIENTED_EDGE( '', *, *, #4567, .T. );
#3149 = ORIENTED_EDGE( '', *, *, #4568, .T. );
#3150 = ORIENTED_EDGE( '', *, *, #4569, .T. );
#3151 = ORIENTED_EDGE( '', *, *, #4192, .T. );
#3152 = ORIENTED_EDGE( '', *, *, #4408, .F. );
#3153 = ORIENTED_EDGE( '', *, *, #4258, .F. );
#3154 = ORIENTED_EDGE( '', *, *, #4570, .F. );
#3155 = ORIENTED_EDGE( '', *, *, #4571, .F. );
#3156 = ORIENTED_EDGE( '', *, *, #4560, .F. );
#3157 = ORIENTED_EDGE( '', *, *, #4471, .T. );
#3158 = ORIENTED_EDGE( '', *, *, #4520, .F. );
#3159 = ORIENTED_EDGE( '', *, *, #4476, .T. );
#3160 = ORIENTED_EDGE( '', *, *, #4543, .F. );
#3161 = ORIENTED_EDGE( '', *, *, #4572, .F. );
#3162 = ORIENTED_EDGE( '', *, *, #4573, .F. );
#3163 = ORIENTED_EDGE( '', *, *, #4574, .T. );
#3164 = ORIENTED_EDGE( '', *, *, #4575, .F. );
#3165 = ORIENTED_EDGE( '', *, *, #4576, .F. );
#3166 = ORIENTED_EDGE( '', *, *, #4179, .T. );
#3167 = CARTESIAN_POINT( '', ( -17.3241161390705, 0.000000000000000, 0.000000000000000 ) );
#3168 = DIRECTION( '', ( 0.000000000000000, 0.000000000000000, 1.00000000000000 ) );
#3169 = DIRECTION( '', ( 1.00000000000000, 0.000000000000000, 0.000000000000000 ) );
#3170 = SURFACE_STYLE_FILL_AREA( #4577 );
#3171 = ORIENTED_EDGE( '', *, *, #4578, .F. );
#3172 = ORIENTED_EDGE( '', *, *, #4207, .F. );
#3173 = ORIENTED_EDGE( '', *, *, #4250, .F. );
#3174 = ORIENTED_EDGE( '', *, *, #4039, .F. );
#3175 = CARTESIAN_POINT( '', ( -2.85000000000000, -13.8000000000000, 1.42500000000000 ) );
#3176 = DIRECTION( '', ( -0.000000000000000, -0.000000000000000, -1.00000000000000 ) );
#3177 = DIRECTION( '', ( 1.00000000000000, 0.000000000000000, 0.000000000000000 ) );
#3178 = SURFACE_STYLE_FILL_AREA( #4579 );
#3179 = ORIENTED_EDGE( '', *, *, #4337, .T. );
#3180 = ORIENTED_EDGE( '', *, *, #4389, .F. );
#3181 = ORIENTED_EDGE( '', *, *, #4547, .F. );
#3182 = ORIENTED_EDGE( '', *, *, #4428, .T. );
#3183 = CARTESIAN_POINT( '', ( -14.6150000000000, -0.300000000000000, -3.59000000000000 ) );
#3184 = DIRECTION( '', ( 0.000000000000000, 0.000000000000000, 1.00000000000000 ) );
#3185 = DIRECTION( '', ( 1.00000000000000, 0.000000000000000, 0.000000000000000 ) );
#3186 = SURFACE_STYLE_FILL_AREA( #4580 );
#3187 = ORIENTED_EDGE( '', *, *, #4071, .T. );
#3188 = ORIENTED_EDGE( '', *, *, #4581, .T. );
#3189 = ORIENTED_EDGE( '', *, *, #4582, .F. );
#3190 = ORIENTED_EDGE( '', *, *, #4583, .F. );
#3191 = CARTESIAN_POINT( '', ( -13.2613442713971, -2.25000000000000, 1.74999999999997 ) );
#3192 = DIRECTION( '', ( -0.000000000000000, -1.00000000000000, -0.000000000000000 ) );
#3193 = DIRECTION( '', ( 0.000000000000000, 0.000000000000000, 1.00000000000000 ) );
#3194 = SURFACE_STYLE_FILL_AREA( #4584 );
#3195 = ORIENTED_EDGE( '', *, *, #4242, .F. );
#3196 = ORIENTED_EDGE( '', *, *, #4294, .T. );
#3197 = ORIENTED_EDGE( '', *, *, #4144, .T. );
#3198 = ORIENTED_EDGE( '', *, *, #4292, .T. );
#3199 = CARTESIAN_POINT( '', ( -3.15000000000000, 14.1000000000000, 1.42500000000000 ) );
#3200 = DIRECTION( '', ( -1.00000000000000, -3.61400724161837E-016, 0.000000000000000 ) );
#3201 = DIRECTION( '', ( 3.61400724161837E-016, -1.00000000000000, 0.000000000000000 ) );
#3202 = SURFACE_STYLE_FILL_AREA( #4585 );
#3203 = ORIENTED_EDGE( '', *, *, #4506, .T. );
#3204 = ORIENTED_EDGE( '', *, *, #4586, .T. );
#3205 = ORIENTED_EDGE( '', *, *, #4587, .F. );
#3206 = ORIENTED_EDGE( '', *, *, #4588, .F. );
#3207 = CARTESIAN_POINT( '', ( -0.549999999999993, -51.7650841668141, 3.17500000000000 ) );
#3208 = DIRECTION( '', ( 0.814833136847615, 0.000000000000000, -0.579695574500164 ) );
#3209 = DIRECTION( '', ( -0.579695574500164, 0.000000000000000, -0.814833136847615 ) );
#3210 = SURFACE_STYLE_FILL_AREA( #4589 );
#3211 = ORIENTED_EDGE( '', *, *, #4590, .T. );
#3212 = ORIENTED_EDGE( '', *, *, #4555, .T. );
#3213 = ORIENTED_EDGE( '', *, *, #4086, .T. );
#3214 = ORIENTED_EDGE( '', *, *, #4053, .T. );
#3215 = CARTESIAN_POINT( '', ( 0.000000000000000, 0.000000000000000, 29.5000000000000 ) );
#3216 = DIRECTION( '', ( -0.000000000000000, -0.000000000000000, 1.00000000000000 ) );
#3217 = DIRECTION( '', ( -1.00000000000000, 0.000000000000000, 0.000000000000000 ) );
#3218 = SURFACE_STYLE_FILL_AREA( #4591 );
#3219 = ORIENTED_EDGE( '', *, *, #4138, .T. );
#3220 = CARTESIAN_POINT( '', ( 1.79500000000000, 8.98000000000000, -3.59500000000000 ) );
#3221 = DIRECTION( '', ( 0.000000000000000, 0.000000000000000, -1.00000000000000 ) );
#3222 = DIRECTION( '', ( -1.00000000000000, 0.000000000000000, 0.000000000000000 ) );
#3223 = SURFACE_STYLE_FILL_AREA( #4592 );
#3224 = ORIENTED_EDGE( '', *, *, #4593, .F. );
#3225 = ORIENTED_EDGE( '', *, *, #4594, .T. );
#3226 = ORIENTED_EDGE( '', *, *, #4265, .T. );
#3227 = ORIENTED_EDGE( '', *, *, #4595, .T. );
#3228 = ORIENTED_EDGE( '', *, *, #4573, .T. );
#3229 = ORIENTED_EDGE( '', *, *, #4596, .F. );
#3230 = CARTESIAN_POINT( '', ( -7.90243794704843, -9.42167819202198, 39.5759050750217 ) );
#3231 = DIRECTION( '', ( -0.707106781186548, 0.707106781186547, 0.000000000000000 ) );
#3232 = DIRECTION( '', ( -0.707106781186547, -0.707106781186548, 0.000000000000000 ) );
#3233 = SURFACE_STYLE_FILL_AREA( #4597 );
#3234 = ORIENTED_EDGE( '', *, *, #4088, .T. );
#3235 = ORIENTED_EDGE( '', *, *, #4557, .T. );
#3236 = ORIENTED_EDGE( '', *, *, #4598, .F. );
#3237 = ORIENTED_EDGE( '', *, *, #4193, .T. );
#3238 = ORIENTED_EDGE( '', *, *, #4569, .F. );
#3239 = ORIENTED_EDGE( '', *, *, #4599, .F. );
#3240 = CARTESIAN_POINT( '', ( 5.23075975502647, 6.75000000000000, 45.2925462753644 ) );
#3241 = DIRECTION( '', ( -0.707106781186549, 0.707106781186546, 0.000000000000000 ) );
#3242 = DIRECTION( '', ( -0.707106781186546, -0.707106781186549, 0.000000000000000 ) );
#3243 = SURFACE_STYLE_FILL_AREA( #4600 );
#3244 = ORIENTED_EDGE( '', *, *, #4601, .F. );
#3245 = ORIENTED_EDGE( '', *, *, #4344, .T. );
#3246 = ORIENTED_EDGE( '', *, *, #4602, .T. );
#3247 = ORIENTED_EDGE( '', *, *, #4510, .F. );
#3248 = CARTESIAN_POINT( '', ( -10.0000000000000, 0.000000000000000, 3.97500000000000 ) );
#3249 = DIRECTION( '', ( 0.000000000000000, 0.000000000000000, 1.00000000000000 ) );
#3250 = DIRECTION( '', ( 1.00000000000000, 0.000000000000000, 0.000000000000000 ) );
#3251 = SURFACE_STYLE_FILL_AREA( #4603 );
#3252 = ORIENTED_EDGE( '', *, *, #4381, .F. );
#3253 = ORIENTED_EDGE( '', *, *, #4168, .T. );
#3254 = CARTESIAN_POINT( '', ( 3.59000000000000, 10.7750000000000, -3.59500000000000 ) );
#3255 = DIRECTION( '', ( -0.000000000000000, -0.000000000000000, -1.00000000000000 ) );
#3256 = DIRECTION( '', ( 1.00000000000000, 0.000000000000000, 0.000000000000000 ) );
#3257 = SURFACE_STYLE_FILL_AREA( #4604 );
#3258 = ORIENTED_EDGE( '', *, *, #4362, .F. );
#3259 = ORIENTED_EDGE( '', *, *, #4605, .T. );
#3260 = ORIENTED_EDGE( '', *, *, #4606, .T. );
#3261 = ORIENTED_EDGE( '', *, *, #4607, .F. );
#3262 = CARTESIAN_POINT( '', ( -11.1983499770184, -2.25000000000000, 0.549999999999979 ) );
#3263 = DIRECTION( '', ( -0.880450953832740, 0.000000000000000, 0.474137235296933 ) );
#3264 = DIRECTION( '', ( 0.474137235296933, 0.000000000000000, 0.880450953832740 ) );
#3265 = SURFACE_STYLE_FILL_AREA( #4608 );
#3266 = ORIENTED_EDGE( '', *, *, #4360, .F. );
#3267 = ORIENTED_EDGE( '', *, *, #4609, .T. );
#3268 = ORIENTED_EDGE( '', *, *, #4610, .T. );
#3269 = ORIENTED_EDGE( '', *, *, #4611, .F. );
#3270 = CARTESIAN_POINT( '', ( -12.1813738927149, -2.25000000000000, 0.833663981168579 ) );
#3271 = DIRECTION( '', ( -0.000000000000000, -1.00000000000000, -0.000000000000000 ) );
#3272 = DIRECTION( '', ( 0.000000000000000, 0.000000000000000, 1.00000000000000 ) );
#3273 = SURFACE_STYLE_FILL_AREA( #4612 );
#3274 = ORIENTED_EDGE( '', *, *, #4613, .T. );
#3275 = ORIENTED_EDGE( '', *, *, #4614, .F. );
#3276 = ORIENTED_EDGE( '', *, *, #4615, .F. );
#3277 = ORIENTED_EDGE( '', *, *, #4616, .T. );
#3278 = CARTESIAN_POINT( '', ( -10.9612813593697, -2.25000000000000, 17.6097745230831 ) );
#3279 = DIRECTION( '', ( -0.474137235296931, 0.000000000000000, 0.880450953832741 ) );
#3280 = DIRECTION( '', ( 0.880450953832741, 0.000000000000000, 0.474137235296931 ) );
#3281 = SURFACE_STYLE_FILL_AREA( #4617 );
#3282 = ORIENTED_EDGE( '', *, *, #4209, .F. );
#3283 = CARTESIAN_POINT( '', ( -3.59000000000000, 10.7750000000000, -3.59500000000000 ) );
#3284 = DIRECTION( '', ( 0.000000000000000, 0.000000000000000, 1.00000000000000 ) );
#3285 = DIRECTION( '', ( 1.00000000000000, 0.000000000000000, 0.000000000000000 ) );
#3286 = SURFACE_STYLE_FILL_AREA( #4618 );
#3287 = ORIENTED_EDGE( '', *, *, #4619, .F. );
#3288 = ORIENTED_EDGE( '', *, *, #4103, .T. );
#3289 = ORIENTED_EDGE( '', *, *, #4156, .F. );
#3290 = CARTESIAN_POINT( '', ( 1.79500000000000, 11.6750000000000, -37.8150841668140 ) );
#3291 = DIRECTION( '', ( 0.000000000000000, 1.00000000000000, 0.000000000000000 ) );
#3292 = DIRECTION( '', ( 0.000000000000000, 0.000000000000000, 1.00000000000000 ) );
#3293 = SURFACE_STYLE_FILL_AREA( #4620 );
#3294 = ORIENTED_EDGE( '', *, *, #4065, .F. );
#3295 = ORIENTED_EDGE( '', *, *, #4107, .F. );
#3296 = ORIENTED_EDGE( '', *, *, #4153, .T. );
#3297 = ORIENTED_EDGE( '', *, *, #4621, .T. );
#3298 = CARTESIAN_POINT( '', ( 0.000000000000000, 8.90000000000000, -33.8699468225283 ) );
#3299 = DIRECTION( '', ( -0.000000000000000, -0.000000000000000, -1.00000000000000 ) );
#3300 = DIRECTION( '', ( 1.00000000000000, 0.000000000000000, 0.000000000000000 ) );
#3301 = SURFACE_STYLE_FILL_AREA( #4622 );
#3302 = ORIENTED_EDGE( '', *, *, #4623, .T. );
#3303 = ORIENTED_EDGE( '', *, *, #4616, .F. );
#3304 = ORIENTED_EDGE( '', *, *, #4624, .F. );
#3305 = ORIENTED_EDGE( '', *, *, #4551, .T. );
#3306 = CARTESIAN_POINT( '', ( -12.1813738926934, -2.25000000000000, 17.7663360189454 ) );
#3307 = DIRECTION( '', ( -0.000000000000000, -1.00000000000000, -0.000000000000000 ) );
#3308 = DIRECTION( '', ( 0.000000000000000, 0.000000000000000, 1.00000000000000 ) );
#3309 = SURFACE_STYLE_FILL_AREA( #4625 );
#3310 = ORIENTED_EDGE( '', *, *, #4269, .F. );
#3311 = ORIENTED_EDGE( '', *, *, #4626, .T. );
#3312 = ORIENTED_EDGE( '', *, *, #4627, .T. );
#3313 = ORIENTED_EDGE( '', *, *, #4628, .T. );
#3314 = ORIENTED_EDGE( '', *, *, #4567, .F. );
#3315 = ORIENTED_EDGE( '', *, *, #4629, .T. );
#3316 = CARTESIAN_POINT( '', ( -7.90243794704843, 9.42167819202198, 45.2925462753644 ) );
#3317 = DIRECTION( '', ( 0.707106781186548, 0.707106781186547, 0.000000000000000 ) );
#3318 = DIRECTION( '', ( -0.707106781186547, 0.707106781186548, 0.000000000000000 ) );
#3319 = SURFACE_STYLE_FILL_AREA( #4630 );
#3320 = ORIENTED_EDGE( '', *, *, #4270, .F. );
#3321 = ORIENTED_EDGE( '', *, *, #4629, .F. );
#3322 = ORIENTED_EDGE( '', *, *, #4566, .F. );
#3323 = ORIENTED_EDGE( '', *, *, #4385, .F. );
#3324 = CARTESIAN_POINT( '', ( -7.90243794704844, 8.99741412331005, 9.30000000000000 ) );
#3325 = DIRECTION( '', ( -0.000000000000000, -0.000000000000000, -1.00000000000000 ) );
#3326 = DIRECTION( '', ( 1.00000000000000, 0.000000000000000, 0.000000000000000 ) );
#3327 = SURFACE_STYLE_FILL_AREA( #4631 );
#3328 = ORIENTED_EDGE( '', *, *, #4632, .F. );
#3329 = ORIENTED_EDGE( '', *, *, #4327, .F. );
#3330 = ORIENTED_EDGE( '', *, *, #4633, .F. );
#3331 = ORIENTED_EDGE( '', *, *, #4342, .F. );
#3332 = CARTESIAN_POINT( '', ( 0.850000000000000, -13.8000000000000, -33.8699468225283 ) );
#3333 = DIRECTION( '', ( -0.000000000000000, -0.000000000000000, -1.00000000000000 ) );
#3334 = DIRECTION( '', ( 1.00000000000000, 0.000000000000000, 0.000000000000000 ) );
#3335 = SURFACE_STYLE_FILL_AREA( #4634 );
#3336 = ORIENTED_EDGE( '', *, *, #4635, .F. );
#3337 = ORIENTED_EDGE( '', *, *, #4636, .T. );
#3338 = CARTESIAN_POINT( '', ( -1.79500000000000, -12.5700000000000, -3.59500000000000 ) );
#3339 = DIRECTION( '', ( -0.000000000000000, -0.000000000000000, -1.00000000000000 ) );
#3340 = DIRECTION( '', ( 1.00000000000000, 0.000000000000000, 0.000000000000000 ) );
#3341 = SURFACE_STYLE_FILL_AREA( #4637 );
#3342 = ORIENTED_EDGE( '', *, *, #4299, .T. );
#3343 = CARTESIAN_POINT( '', ( -17.3241161390705, 0.000000000000000, 9.30000000000000 ) );
#3344 = DIRECTION( '', ( 0.000000000000000, 0.000000000000000, 1.00000000000000 ) );
#3345 = DIRECTION( '', ( 1.00000000000000, 0.000000000000000, 0.000000000000000 ) );
#3346 = SURFACE_STYLE_FILL_AREA( #4638 );
#3347 = ORIENTED_EDGE( '', *, *, #4598, .T. );
#3348 = ORIENTED_EDGE( '', *, *, #4556, .T. );
#3349 = ORIENTED_EDGE( '', *, *, #4590, .F. );
#3350 = ORIENTED_EDGE( '', *, *, #4052, .T. );
#3351 = ORIENTED_EDGE( '', *, *, #4544, .F. );
#3352 = ORIENTED_EDGE( '', *, *, #4474, .T. );
#3353 = ORIENTED_EDGE( '', *, *, #4519, .T. );
#3354 = ORIENTED_EDGE( '', *, *, #4639, .T. );
#3355 = ORIENTED_EDGE( '', *, *, #4409, .T. );
#3356 = ORIENTED_EDGE( '', *, *, #4190, .T. );
#3357 = CARTESIAN_POINT( '', ( -17.3241161390705, 0.000000000000000, 9.30000000000000 ) );
#3358 = DIRECTION( '', ( 0.000000000000000, 0.000000000000000, 1.00000000000000 ) );
#3359 = DIRECTION( '', ( 1.00000000000000, 0.000000000000000, 0.000000000000000 ) );
#3360 = SURFACE_STYLE_FILL_AREA( #4640 );
#3361 = ORIENTED_EDGE( '', *, *, #4641, .T. );
#3362 = ORIENTED_EDGE( '', *, *, #4642, .F. );
#3363 = ORIENTED_EDGE( '', *, *, #4643, .F. );
#3364 = ORIENTED_EDGE( '', *, *, #4614, .T. );
#3365 = CARTESIAN_POINT( '', ( -11.1983499770184, -2.25000000000000, 18.0500000000000 ) );
#3366 = DIRECTION( '', ( -0.880450953832742, 0.000000000000000, -0.474137235296928 ) );
#3367 = DIRECTION( '', ( -0.474137235296928, 0.000000000000000, 0.880450953832742 ) );
#3368 = SURFACE_STYLE_FILL_AREA( #4644 );
#3369 = ORIENTED_EDGE( '', *, *, #4166, .T. );
#3370 = ORIENTED_EDGE( '', *, *, #4458, .T. );
#3371 = ORIENTED_EDGE( '', *, *, #4412, .T. );
#3372 = ORIENTED_EDGE( '', *, *, #4112, .T. );
#3373 = ORIENTED_EDGE( '', *, *, #4645, .T. );
#3374 = ORIENTED_EDGE( '', *, *, #4425, .F. );
#3375 = CARTESIAN_POINT( '', ( -3.15000000000000, 6.70000000000000, 1.42500000000000 ) );
#3376 = DIRECTION( '', ( 0.000000000000000, -1.00000000000000, 0.000000000000000 ) );
#3377 = DIRECTION( '', ( 0.000000000000000, 0.000000000000000, -1.00000000000000 ) );
#3378 = SURFACE_STYLE_FILL_AREA( #4646 );
#3379 = ORIENTED_EDGE( '', *, *, #4571, .T. );
#3380 = ORIENTED_EDGE( '', *, *, #4647, .T. );
#3381 = ORIENTED_EDGE( '', *, *, #4310, .F. );
#3382 = ORIENTED_EDGE( '', *, *, #4561, .F. );
#3383 = CARTESIAN_POINT( '', ( 10.8250000000000, 0.000000000000000, 1.55000000000000 ) );
#3384 = DIRECTION( '', ( -0.906307787036650, 0.000000000000000, 0.422618261740699 ) );
#3385 = DIRECTION( '', ( 0.422618261740699, 0.000000000000000, 0.906307787036650 ) );
#3386 = SURFACE_STYLE_FILL_AREA( #4648 );
#3387 = ORIENTED_EDGE( '', *, *, #4649, .F. );
#3388 = ORIENTED_EDGE( '', *, *, #4335, .T. );
#3389 = ORIENTED_EDGE( '', *, *, #4460, .F. );
#3390 = ORIENTED_EDGE( '', *, *, #4365, .T. );
#3391 = CARTESIAN_POINT( '', ( -14.4999999999986, -0.310000000000000, 3.55000000000000 ) );
#3392 = DIRECTION( '', ( -0.00778550908261550, 0.000000000000000, 0.999969692464889 ) );
#3393 = DIRECTION( '', ( 0.999969692464889, 0.000000000000000, 0.00778550908261550 ) );
#3394 = SURFACE_STYLE_FILL_AREA( #4650 );
#3395 = ORIENTED_EDGE( '', *, *, #4651, .F. );
#3396 = ORIENTED_EDGE( '', *, *, #4449, .F. );
#3397 = ORIENTED_EDGE( '', *, *, #4652, .T. );
#3398 = ORIENTED_EDGE( '', *, *, #4653, .F. );
#3399 = CARTESIAN_POINT( '', ( -6.07500000000000, 0.000000000000000, 14.7750000000000 ) );
#3400 = DIRECTION( '', ( 0.000000000000000, 0.000000000000000, -1.00000000000000 ) );
#3401 = DIRECTION( '', ( -1.00000000000000, 0.000000000000000, 0.000000000000000 ) );
#3402 = SURFACE_STYLE_FILL_AREA( #4654 );
#3403 = ORIENTED_EDGE( '', *, *, #4537, .F. );
#3404 = ORIENTED_EDGE( '', *, *, #4175, .T. );
#3405 = ORIENTED_EDGE( '', *, *, #4576, .T. );
#3406 = ORIENTED_EDGE( '', *, *, #4655, .F. );
#3407 = ORIENTED_EDGE( '', *, *, #4656, .T. );
#3408 = ORIENTED_EDGE( '', *, *, #4657, .F. );
#3409 = CARTESIAN_POINT( '', ( 10.4959580301030, 21.4700741691735, 1.55000000000000 ) );
#3410 = DIRECTION( '', ( -0.324576191382359, 0.324576191382359, -0.888425906857429 ) );
#3411 = DIRECTION( '', ( -0.939278884537689, 0.000000000000000, 0.343154742152334 ) );
#3412 = SURFACE_STYLE_FILL_AREA( #4658 );
#3413 = ORIENTED_EDGE( '', *, *, #4268, .F. );
#3414 = ORIENTED_EDGE( '', *, *, #4405, .F. );
#3415 = ORIENTED_EDGE( '', *, *, #4659, .F. );
#3416 = ORIENTED_EDGE( '', *, *, #4626, .F. );
#3417 = CARTESIAN_POINT( '', ( -7.30000000000000, 8.39497617626161, 29.5000000000000 ) );
#3418 = DIRECTION( '', ( -0.000000000000000, -0.000000000000000, 1.00000000000000 ) );
#3419 = DIRECTION( '', ( -1.00000000000000, 0.000000000000000, 0.000000000000000 ) );
#3420 = SURFACE_STYLE_FILL_AREA( #4660 );
#3421 = ORIENTED_EDGE( '', *, *, #4661, .T. );
#3422 = ORIENTED_EDGE( '', *, *, #4655, .T. );
#3423 = ORIENTED_EDGE( '', *, *, #4575, .T. );
#3424 = ORIENTED_EDGE( '', *, *, #4662, .T. );
#3425 = ORIENTED_EDGE( '', *, *, #4273, .F. );
#3426 = CARTESIAN_POINT( '', ( -13.8241161390704, -3.50000000000000, 9.30000000000000 ) );
#3427 = DIRECTION( '', ( 0.707106781186547, 0.707106781186548, 0.000000000000000 ) );
#3428 = DIRECTION( '', ( -0.707106781186548, 0.707106781186547, 0.000000000000000 ) );
#3429 = SURFACE_STYLE_FILL_AREA( #4663 );
#3430 = ORIENTED_EDGE( '', *, *, #4436, .T. );
#3431 = ORIENTED_EDGE( '', *, *, #4202, .T. );
#3432 = ORIENTED_EDGE( '', *, *, #4423, .T. );
#3433 = ORIENTED_EDGE( '', *, *, #4653, .T. );
#3434 = ORIENTED_EDGE( '', *, *, #4664, .T. );
#3435 = ORIENTED_EDGE( '', *, *, #4232, .F. );
#3436 = ORIENTED_EDGE( '', *, *, #4665, .F. );
#3437 = CARTESIAN_POINT( '', ( 0.875000000000000, -10.5000000000000, -22.4199468225283 ) );
#3438 = DIRECTION( '', ( 1.00000000000000, -1.62630325872825E-016, 0.000000000000000 ) );
#3439 = DIRECTION( '', ( 1.62630325872825E-016, 1.00000000000000, 0.000000000000000 ) );
#3440 = SURFACE_STYLE_FILL_AREA( #4666 );
#3441 = ORIENTED_EDGE( '', *, *, #4266, .F. );
#3442 = ORIENTED_EDGE( '', *, *, #4594, .F. );
#3443 = ORIENTED_EDGE( '', *, *, #4667, .F. );
#3444 = ORIENTED_EDGE( '', *, *, #4403, .F. );
#3445 = CARTESIAN_POINT( '', ( -7.30000000000000, -8.39497617626161, 29.5000000000000 ) );
#3446 = DIRECTION( '', ( -0.000000000000000, -0.000000000000000, 1.00000000000000 ) );
#3447 = DIRECTION( '', ( -1.00000000000000, 0.000000000000000, 0.000000000000000 ) );
#3448 = SURFACE_STYLE_FILL_AREA( #4668 );
#3449 = ORIENTED_EDGE( '', *, *, #4296, .F. );
#3450 = CARTESIAN_POINT( '', ( 1.82988447574487E-015, 9.00000000000000, 17.4750000000000 ) );
#3451 = DIRECTION( '', ( 0.000000000000000, 0.000000000000000, -1.00000000000000 ) );
#3452 = DIRECTION( '', ( -1.00000000000000, 0.000000000000000, 0.000000000000000 ) );
#3453 = SURFACE_STYLE_FILL_AREA( #4669 );
#3454 = ORIENTED_EDGE( '', *, *, #4635, .T. );
#3455 = CARTESIAN_POINT( '', ( -1.79500000000000, -12.5700000000000, -3.59500000000000 ) );
#3456 = DIRECTION( '', ( 0.000000000000000, 0.000000000000000, -1.00000000000000 ) );
#3457 = DIRECTION( '', ( -1.00000000000000, 0.000000000000000, 0.000000000000000 ) );
#3458 = SURFACE_STYLE_FILL_AREA( #4670 );
#3459 = ORIENTED_EDGE( '', *, *, #4448, .F. );
#3460 = ORIENTED_EDGE( '', *, *, #4023, .T. );
#3461 = ORIENTED_EDGE( '', *, *, #4352, .F. );
#3462 = ORIENTED_EDGE( '', *, *, #4434, .T. );
#3463 = ORIENTED_EDGE( '', *, *, #4452, .T. );
#3464 = ORIENTED_EDGE( '', *, *, #4533, .F. );
#3465 = ORIENTED_EDGE( '', *, *, #4671, .F. );
#3466 = ORIENTED_EDGE( '', *, *, #4439, .T. );
#3467 = ORIENTED_EDGE( '', *, *, #4672, .T. );
#3468 = ORIENTED_EDGE( '', *, *, #4233, .T. );
#3469 = ORIENTED_EDGE( '', *, *, #4664, .F. );
#3470 = ORIENTED_EDGE( '', *, *, #4652, .F. );
#3471 = CARTESIAN_POINT( '', ( 0.000000000000000, 0.000000000000000, 54.0000000000000 ) );
#3472 = DIRECTION( '', ( -0.000000000000000, -0.000000000000000, 1.00000000000000 ) );
#3473 = DIRECTION( '', ( -1.00000000000000, 0.000000000000000, 0.000000000000000 ) );
#3474 = SURFACE_STYLE_FILL_AREA( #4673 );
#3475 = ORIENTED_EDGE( '', *, *, #4540, .F. );
#3476 = ORIENTED_EDGE( '', *, *, #4674, .F. );
#3477 = ORIENTED_EDGE( '', *, *, #4564, .F. );
#3478 = ORIENTED_EDGE( '', *, *, #4675, .T. );
#3479 = ORIENTED_EDGE( '', *, *, #4487, .T. );
#3480 = CARTESIAN_POINT( '', ( -4.12118243949224E-015, 2.85000000000000, 1.55000000000000 ) );
#3481 = DIRECTION( '', ( -1.31054727603877E-015, 0.906307787036650, 0.422618261740699 ) );
#3482 = DIRECTION( '', ( 0.000000000000000, -0.422618261740699, 0.906307787036650 ) );
#3483 = SURFACE_STYLE_FILL_AREA( #4676 );
#3484 = ORIENTED_EDGE( '', *, *, #4302, .T. );
#3485 = ORIENTED_EDGE( '', *, *, #4127, .T. );
#3486 = ORIENTED_EDGE( '', *, *, #4677, .F. );
#3487 = ORIENTED_EDGE( '', *, *, #4627, .F. );
#3488 = ORIENTED_EDGE( '', *, *, #4659, .T. );
#3489 = ORIENTED_EDGE( '', *, *, #4404, .F. );
#3490 = ORIENTED_EDGE( '', *, *, #4667, .T. );
#3491 = ORIENTED_EDGE( '', *, *, #4593, .T. );
#3492 = ORIENTED_EDGE( '', *, *, #4678, .T. );
#3493 = ORIENTED_EDGE( '', *, *, #4499, .T. );
#3494 = CARTESIAN_POINT( '', ( 0.000000000000000, 0.000000000000000, 2.95000000000000 ) );
#3495 = DIRECTION( '', ( 0.000000000000000, 0.000000000000000, -1.00000000000000 ) );
#3496 = DIRECTION( '', ( -1.00000000000000, 0.000000000000000, 0.000000000000000 ) );
#3497 = SURFACE_STYLE_FILL_AREA( #4679 );
#3498 = ORIENTED_EDGE( '', *, *, #4586, .F. );
#3499 = ORIENTED_EDGE( '', *, *, #4505, .T. );
#3500 = ORIENTED_EDGE( '', *, *, #4680, .F. );
#3501 = CARTESIAN_POINT( '', ( 1.79500000000000, -11.6750000000000, -37.8150841668140 ) );
#3502 = DIRECTION( '', ( 0.000000000000000, 1.00000000000000, 0.000000000000000 ) );
#3503 = DIRECTION( '', ( 0.000000000000000, 0.000000000000000, 1.00000000000000 ) );
#3504 = SURFACE_STYLE_FILL_AREA( #4681 );
#3505 = ORIENTED_EDGE( '', *, *, #4416, .F. );
#3506 = ORIENTED_EDGE( '', *, *, #4220, .F. );
#3507 = ORIENTED_EDGE( '', *, *, #4682, .F. );
#3508 = ORIENTED_EDGE( '', *, *, #4495, .F. );
#3509 = CARTESIAN_POINT( '', ( 5.55000000000000, -9.26485294000935, 54.0000000000000 ) );
#3510 = DIRECTION( '', ( -0.000000000000000, -0.000000000000000, 1.00000000000000 ) );
#3511 = DIRECTION( '', ( -1.00000000000000, 0.000000000000000, 0.000000000000000 ) );
#3512 = SURFACE_STYLE_FILL_AREA( #4683 );
#3513 = ORIENTED_EDGE( '', *, *, #4415, .F. );
#3514 = ORIENTED_EDGE( '', *, *, #4526, .F. );
#3515 = ORIENTED_EDGE( '', *, *, #4684, .F. );
#3516 = ORIENTED_EDGE( '', *, *, #4222, .F. );
#3517 = CARTESIAN_POINT( '', ( 5.55000000000000, 9.26485294000935, 54.0000000000000 ) );
#3518 = DIRECTION( '', ( -0.000000000000000, -0.000000000000000, 1.00000000000000 ) );
#3519 = DIRECTION( '', ( -1.00000000000000, 0.000000000000000, 0.000000000000000 ) );
#3520 = SURFACE_STYLE_FILL_AREA( #4685 );
#3521 = ORIENTED_EDGE( '', *, *, #4305, .F. );
#3522 = ORIENTED_EDGE( '', *, *, #4686, .F. );
#3523 = ORIENTED_EDGE( '', *, *, #4687, .F. );
#3524 = ORIENTED_EDGE( '', *, *, #4083, .F. );
#3525 = CARTESIAN_POINT( '', ( 2.65141471671257, -34.5930973696680, 2.65000000000000 ) );
#3526 = DIRECTION( '', ( -0.000000000000000, -1.00000000000000, -0.000000000000000 ) );
#3527 = DIRECTION( '', ( 0.000000000000000, 0.000000000000000, 1.00000000000000 ) );
#3528 = SURFACE_STYLE_FILL_AREA( #4688 );
#3529 = ORIENTED_EDGE( '', *, *, #4641, .F. );
#3530 = ORIENTED_EDGE( '', *, *, #4613, .F. );
#3531 = ORIENTED_EDGE( '', *, *, #4623, .F. );
#3532 = ORIENTED_EDGE( '', *, *, #4550, .F. );
#3533 = ORIENTED_EDGE( '', *, *, #4689, .F. );
#3534 = ORIENTED_EDGE( '', *, *, #4057, .F. );
#3535 = ORIENTED_EDGE( '', *, *, #4183, .F. );
#3536 = ORIENTED_EDGE( '', *, *, #4690, .F. );
#3537 = ORIENTED_EDGE( '', *, *, #4606, .F. );
#3538 = ORIENTED_EDGE( '', *, *, #4691, .F. );
#3539 = ORIENTED_EDGE( '', *, *, #4610, .F. );
#3540 = ORIENTED_EDGE( '', *, *, #4692, .F. );
#3541 = ORIENTED_EDGE( '', *, *, #4465, .F. );
#3542 = ORIENTED_EDGE( '', *, *, #4395, .F. );
#3543 = ORIENTED_EDGE( '', *, *, #4114, .F. );
#3544 = ORIENTED_EDGE( '', *, *, #4693, .F. );
#3545 = CARTESIAN_POINT( '', ( -12.1813738926934, 2.25000000000000, 17.7663360189454 ) );
#3546 = DIRECTION( '', ( 0.000000000000000, 1.00000000000000, 0.000000000000000 ) );
#3547 = DIRECTION( '', ( 0.000000000000000, 0.000000000000000, 1.00000000000000 ) );
#3548 = SURFACE_STYLE_FILL_AREA( #4694 );
#3549 = ORIENTED_EDGE( '', *, *, #4343, .F. );
#3550 = ORIENTED_EDGE( '', *, *, #4633, .T. );
#3551 = ORIENTED_EDGE( '', *, *, #4326, .F. );
#3552 = ORIENTED_EDGE( '', *, *, #4446, .T. );
#3553 = ORIENTED_EDGE( '', *, *, #4502, .F. );
#3554 = ORIENTED_EDGE( '', *, *, #4097, .T. );
#3555 = ORIENTED_EDGE( '', *, *, #4013, .F. );
#3556 = ORIENTED_EDGE( '', *, *, #4217, .T. );
#3557 = ORIENTED_EDGE( '', *, *, #4492, .F. );
#3558 = ORIENTED_EDGE( '', *, *, #4682, .T. );
#3559 = ORIENTED_EDGE( '', *, *, #4219, .F. );
#3560 = ORIENTED_EDGE( '', *, *, #4684, .T. );
#3561 = ORIENTED_EDGE( '', *, *, #4525, .T. );
#3562 = ORIENTED_EDGE( '', *, *, #4375, .T. );
#3563 = ORIENTED_EDGE( '', *, *, #4262, .T. );
#3564 = ORIENTED_EDGE( '', *, *, #4035, .T. );
#3565 = ORIENTED_EDGE( '', *, *, #4225, .T. );
#3566 = ORIENTED_EDGE( '', *, *, #4695, .T. );
#3567 = ORIENTED_EDGE( '', *, *, #4696, .T. );
#3568 = ORIENTED_EDGE( '', *, *, #4378, .T. );
#3569 = ORIENTED_EDGE( '', *, *, #4100, .T. );
#3570 = ORIENTED_EDGE( '', *, *, #4697, .T. );
#3571 = CARTESIAN_POINT( '', ( -10.5000000000000, 0.000000000000000, 3.97500000000000 ) );
#3572 = DIRECTION( '', ( 0.000000000000000, 0.000000000000000, 1.00000000000000 ) );
#3573 = DIRECTION( '', ( 1.00000000000000, 0.000000000000000, 0.000000000000000 ) );
#3574 = SURFACE_STYLE_FILL_AREA( #4698 );
#3575 = ORIENTED_EDGE( '', *, *, #4601, .T. );
#3576 = ORIENTED_EDGE( '', *, *, #4509, .F. );
#3577 = ORIENTED_EDGE( '', *, *, #4699, .T. );
#3578 = ORIENTED_EDGE( '', *, *, #4345, .T. );
#3579 = CARTESIAN_POINT( '', ( 0.000000000000000, -8.90000000000000, -33.8699468225283 ) );
#3580 = DIRECTION( '', ( -0.000000000000000, -0.000000000000000, -1.00000000000000 ) );
#3581 = DIRECTION( '', ( 1.00000000000000, 0.000000000000000, 0.000000000000000 ) );
#3582 = SURFACE_STYLE_FILL_AREA( #4700 );
#3583 = ORIENTED_EDGE( '', *, *, #4031, .T. );
#3584 = ORIENTED_EDGE( '', *, *, #4701, .T. );
#3585 = CARTESIAN_POINT( '', ( 1.79500000000000, -12.5700000000000, -3.59500000000000 ) );
#3586 = DIRECTION( '', ( -0.000000000000000, -0.000000000000000, -1.00000000000000 ) );
#3587 = DIRECTION( '', ( 1.00000000000000, 0.000000000000000, 0.000000000000000 ) );
#3588 = SURFACE_STYLE_FILL_AREA( #4702 );
#3589 = ORIENTED_EDGE( '', *, *, #4159, .F. );
#3590 = ORIENTED_EDGE( '', *, *, #4703, .F. );
#3591 = ORIENTED_EDGE( '', *, *, #4695, .F. );
#3592 = ORIENTED_EDGE( '', *, *, #4224, .F. );
#3593 = CARTESIAN_POINT( '', ( 2.85000000000000, 13.8000000000000, 1.42500000000000 ) );
#3594 = DIRECTION( '', ( -0.000000000000000, -0.000000000000000, -1.00000000000000 ) );
#3595 = DIRECTION( '', ( 1.00000000000000, 0.000000000000000, 0.000000000000000 ) );
#3596 = SURFACE_STYLE_FILL_AREA( #4704 );
#3597 = ORIENTED_EDGE( '', *, *, #4110, .T. );
#3598 = ORIENTED_EDGE( '', *, *, #4411, .T. );
#3599 = ORIENTED_EDGE( '', *, *, #4393, .T. );
#3600 = ORIENTED_EDGE( '', *, *, #4705, .T. );
#3601 = ORIENTED_EDGE( '', *, *, #4442, .T. );
#3602 = CARTESIAN_POINT( '', ( 0.000000000000000, 0.000000000000000, 38.3949296782791 ) );
#3603 = DIRECTION( '', ( -0.000000000000000, -0.000000000000000, 1.00000000000000 ) );
#3604 = DIRECTION( '', ( -1.00000000000000, 0.000000000000000, 0.000000000000000 ) );
#3605 = SURFACE_STYLE_FILL_AREA( #4706 );
#3606 = ORIENTED_EDGE( '', *, *, #4158, .T. );
#3607 = ORIENTED_EDGE( '', *, *, #4379, .T. );
#3608 = ORIENTED_EDGE( '', *, *, #4696, .F. );
#3609 = ORIENTED_EDGE( '', *, *, #4703, .T. );
#3610 = CARTESIAN_POINT( '', ( 3.15000000000000, 14.1000000000000, 1.42500000000000 ) );
#3611 = DIRECTION( '', ( -1.10141173077892E-015, 1.00000000000000, 0.000000000000000 ) );
#3612 = DIRECTION( '', ( -1.00000000000000, -1.10141173077892E-015, 0.000000000000000 ) );
#3613 = SURFACE_STYLE_FILL_AREA( #4707 );
#3614 = ORIENTED_EDGE( '', *, *, #4675, .F. );
#3615 = ORIENTED_EDGE( '', *, *, #4563, .F. );
#3616 = ORIENTED_EDGE( '', *, *, #4178, .T. );
#3617 = ORIENTED_EDGE( '', *, *, #4488, .T. );
#3618 = CARTESIAN_POINT( '', ( -10.8250000000000, 0.000000000000000, 1.55000000000000 ) );
#3619 = DIRECTION( '', ( 0.906307787036650, 0.000000000000000, 0.422618261740699 ) );
#3620 = DIRECTION( '', ( 0.422618261740699, 0.000000000000000, -0.906307787036650 ) );
#3621 = SURFACE_STYLE_FILL_AREA( #4708 );
#3622 = ORIENTED_EDGE( '', *, *, #4507, .T. );
#3623 = ORIENTED_EDGE( '', *, *, #4588, .T. );
#3624 = ORIENTED_EDGE( '', *, *, #4709, .F. );
#3625 = CARTESIAN_POINT( '', ( -1.79500000000000, -9.87500000000000, -37.8150841668140 ) );
#3626 = DIRECTION( '', ( 0.000000000000000, -1.00000000000000, 0.000000000000000 ) );
#3627 = DIRECTION( '', ( 0.000000000000000, 0.000000000000000, -1.00000000000000 ) );
#3628 = SURFACE_STYLE_FILL_AREA( #4710 );
#3629 = ORIENTED_EDGE( '', *, *, #4711, .F. );
#3630 = ORIENTED_EDGE( '', *, *, #4686, .T. );
#3631 = ORIENTED_EDGE( '', *, *, #4304, .F. );
#3632 = ORIENTED_EDGE( '', *, *, #4498, .T. );
#3633 = CARTESIAN_POINT( '', ( 0.000000000000000, -34.5930973696680, 4.70384615384616 ) );
#3634 = DIRECTION( '', ( -0.000000000000000, -1.00000000000000, -0.000000000000000 ) );
#3635 = DIRECTION( '', ( 0.000000000000000, 0.000000000000000, 1.00000000000000 ) );
#3636 = SURFACE_STYLE_FILL_AREA( #4712 );
#3637 = ORIENTED_EDGE( '', *, *, #4334, .T. );
#3638 = ORIENTED_EDGE( '', *, *, #4285, .F. );
#3639 = ORIENTED_EDGE( '', *, *, #4548, .F. );
#3640 = ORIENTED_EDGE( '', *, *, #4461, .T. );
#3641 = CARTESIAN_POINT( '', ( -23.9773290789995, -0.300000000000000, 3.47621193204202 ) );
#3642 = DIRECTION( '', ( -0.000000000000000, -1.00000000000000, -0.000000000000000 ) );
#3643 = DIRECTION( '', ( 0.000000000000000, 0.000000000000000, 1.00000000000000 ) );
#3644 = SURFACE_STYLE_FILL_AREA( #4713 );
#3645 = ORIENTED_EDGE( '', *, *, #4274, .F. );
#3646 = ORIENTED_EDGE( '', *, *, #4662, .F. );
#3647 = ORIENTED_EDGE( '', *, *, #4574, .F. );
#3648 = ORIENTED_EDGE( '', *, *, #4595, .F. );
#3649 = CARTESIAN_POINT( '', ( -7.90243794704844, -8.99741412331005, 39.5759050750217 ) );
#3650 = DIRECTION( '', ( -0.000000000000000, -0.000000000000000, 1.00000000000000 ) );
#3651 = DIRECTION( '', ( -1.00000000000000, 0.000000000000000, 0.000000000000000 ) );
#3652 = SURFACE_STYLE_FILL_AREA( #4714 );
#3653 = ORIENTED_EDGE( '', *, *, #4142, .T. );
#3654 = ORIENTED_EDGE( '', *, *, #4339, .T. );
#3655 = ORIENTED_EDGE( '', *, *, #4244, .F. );
#3656 = ORIENTED_EDGE( '', *, *, #4291, .T. );
#3657 = CARTESIAN_POINT( '', ( -3.15000000000000, 12.9000000000000, 1.42500000000000 ) );
#3658 = DIRECTION( '', ( 0.000000000000000, 1.00000000000000, 0.000000000000000 ) );
#3659 = DIRECTION( '', ( 0.000000000000000, 0.000000000000000, 1.00000000000000 ) );
#3660 = SURFACE_STYLE_FILL_AREA( #4715 );
#3661 = ORIENTED_EDGE( '', *, *, #4582, .T. );
#3662 = ORIENTED_EDGE( '', *, *, #4716, .T. );
#3663 = ORIENTED_EDGE( '', *, *, #4480, .T. );
#3664 = ORIENTED_EDGE( '', *, *, #4288, .T. );
#3665 = ORIENTED_EDGE( '', *, *, #4649, .T. );
#3666 = ORIENTED_EDGE( '', *, *, #4364, .F. );
#3667 = ORIENTED_EDGE( '', *, *, #4058, .T. );
#3668 = ORIENTED_EDGE( '', *, *, #4689, .T. );
#3669 = ORIENTED_EDGE( '', *, *, #4553, .F. );
#3670 = ORIENTED_EDGE( '', *, *, #4717, .F. );
#3671 = CARTESIAN_POINT( '', ( 724.029191947735, -2.25000000000000, 9.30000000001263 ) );
#3672 = DIRECTION( '', ( -0.000000000000000, -1.00000000000000, -0.000000000000000 ) );
#3673 = DIRECTION( '', ( 0.000000000000000, 0.000000000000000, 1.00000000000000 ) );
#3674 = SURFACE_STYLE_FILL_AREA( #4718 );
#3675 = ORIENTED_EDGE( '', *, *, #4538, .F. );
#3676 = ORIENTED_EDGE( '', *, *, #4657, .T. );
#3677 = ORIENTED_EDGE( '', *, *, #4719, .F. );
#3678 = ORIENTED_EDGE( '', *, *, #4720, .F. );
#3679 = CARTESIAN_POINT( '', ( -13.1182337861293, -34.5930973696680, 1.23104843031233 ) );
#3680 = DIRECTION( '', ( -0.411764705882358, 0.000000000000000, -0.911290199107625 ) );
#3681 = DIRECTION( '', ( -0.911290199107625, 0.000000000000000, 0.411764705882358 ) );
#3682 = SURFACE_STYLE_FILL_AREA( #4721 );
#3683 = ORIENTED_EDGE( '', *, *, #4693, .T. );
#3684 = ORIENTED_EDGE( '', *, *, #4117, .F. );
#3685 = ORIENTED_EDGE( '', *, *, #4722, .F. );
#3686 = ORIENTED_EDGE( '', *, *, #4642, .T. );
#3687 = CARTESIAN_POINT( '', ( -11.1983499770184, -2.25000000000000, 18.0500000000000 ) );
#3688 = DIRECTION( '', ( 0.474137235296930, 0.000000000000000, -0.880450953832741 ) );
#3689 = DIRECTION( '', ( -0.880450953832741, 0.000000000000000, -0.474137235296930 ) );
#3690 = SURFACE_STYLE_FILL_AREA( #4723 );
#3691 = ORIENTED_EDGE( '', *, *, #4331, .F. );
#3692 = ORIENTED_EDGE( '', *, *, #4724, .T. );
#3693 = CARTESIAN_POINT( '', ( -1.79500000000000, -8.98000000000000, -3.59500000000000 ) );
#3694 = DIRECTION( '', ( -0.000000000000000, -0.000000000000000, -1.00000000000000 ) );
#3695 = DIRECTION( '', ( 1.00000000000000, 0.000000000000000, 0.000000000000000 ) );
#3696 = SURFACE_STYLE_FILL_AREA( #4725 );
#3697 = ORIENTED_EDGE( '', *, *, #4349, .T. );
#3698 = ORIENTED_EDGE( '', *, *, #4354, .T. );
#3699 = ORIENTED_EDGE( '', *, *, #4726, .F. );
#3700 = CARTESIAN_POINT( '', ( 1.79500000000000, -11.6750000000000, -37.8150841668140 ) );
#3701 = DIRECTION( '', ( 0.000000000000000, 1.00000000000000, 0.000000000000000 ) );
#3702 = DIRECTION( '', ( 0.000000000000000, 0.000000000000000, 1.00000000000000 ) );
#3703 = SURFACE_STYLE_FILL_AREA( #4727 );
#3704 = ORIENTED_EDGE( '', *, *, #4084, .F. );
#3705 = ORIENTED_EDGE( '', *, *, #4687, .T. );
#3706 = ORIENTED_EDGE( '', *, *, #4711, .T. );
#3707 = ORIENTED_EDGE( '', *, *, #4497, .T. );
#3708 = ORIENTED_EDGE( '', *, *, #4678, .F. );
#3709 = ORIENTED_EDGE( '', *, *, #4596, .T. );
#3710 = ORIENTED_EDGE( '', *, *, #4572, .T. );
#3711 = ORIENTED_EDGE( '', *, *, #4545, .F. );
#3712 = CARTESIAN_POINT( '', ( -5.23075975502646, -6.75000000000000, 39.5759050750217 ) );
#3713 = DIRECTION( '', ( 1.65819456180322E-016, 1.00000000000000, 0.000000000000000 ) );
#3714 = DIRECTION( '', ( -1.00000000000000, 1.65819456180322E-016, 0.000000000000000 ) );
#3715 = SURFACE_STYLE_FILL_AREA( #4728 );
#3716 = ORIENTED_EDGE( '', *, *, #4061, .F. );
#3717 = CARTESIAN_POINT( '', ( 1.79500000000000, -8.98000000000000, -3.59500000000000 ) );
#3718 = DIRECTION( '', ( 0.000000000000000, 0.000000000000000, 1.00000000000000 ) );
#3719 = DIRECTION( '', ( 1.00000000000000, 0.000000000000000, 0.000000000000000 ) );
#3720 = SURFACE_STYLE_FILL_AREA( #4729 );
#3721 = ORIENTED_EDGE( '', *, *, #4104, .T. );
#3722 = ORIENTED_EDGE( '', *, *, #4619, .T. );
#3723 = ORIENTED_EDGE( '', *, *, #4155, .F. );
#3724 = ORIENTED_EDGE( '', *, *, #4173, .F. );
#3725 = CARTESIAN_POINT( '', ( 1.79500000000000, 51.7650841668141, 1.42500000000000 ) );
#3726 = DIRECTION( '', ( 0.814833136847615, 0.000000000000000, 0.579695574500164 ) );
#3727 = DIRECTION( '', ( 0.579695574500164, 0.000000000000000, -0.814833136847615 ) );
#3728 = SURFACE_STYLE_FILL_AREA( #4730 );
#3729 = ORIENTED_EDGE( '', *, *, #4328, .T. );
#3730 = ORIENTED_EDGE( '', *, *, #4632, .T. );
#3731 = ORIENTED_EDGE( '', *, *, #4341, .F. );
#3732 = ORIENTED_EDGE( '', *, *, #4726, .T. );
#3733 = ORIENTED_EDGE( '', *, *, #4356, .T. );
#3734 = ORIENTED_EDGE( '', *, *, #4490, .T. );
#3735 = ORIENTED_EDGE( '', *, *, #4346, .F. );
#3736 = ORIENTED_EDGE( '', *, *, #4699, .F. );
#3737 = ORIENTED_EDGE( '', *, *, #4508, .F. );
#3738 = ORIENTED_EDGE( '', *, *, #4709, .T. );
#3739 = ORIENTED_EDGE( '', *, *, #4587, .T. );
#3740 = ORIENTED_EDGE( '', *, *, #4680, .T. );
#3741 = ORIENTED_EDGE( '', *, *, #4504, .F. );
#3742 = ORIENTED_EDGE( '', *, *, #4121, .T. );
#3743 = ORIENTED_EDGE( '', *, *, #4205, .T. );
#3744 = ORIENTED_EDGE( '', *, *, #4578, .T. );
#3745 = ORIENTED_EDGE( '', *, *, #4038, .T. );
#3746 = ORIENTED_EDGE( '', *, *, #4079, .T. );
#3747 = ORIENTED_EDGE( '', *, *, #4018, .T. );
#3748 = ORIENTED_EDGE( '', *, *, #4731, .T. );
#3749 = ORIENTED_EDGE( '', *, *, #4732, .T. );
#3750 = ORIENTED_EDGE( '', *, *, #4368, .T. );
#3751 = ORIENTED_EDGE( '', *, *, #4276, .T. );
#3752 = ORIENTED_EDGE( '', *, *, #4043, .T. );
#3753 = ORIENTED_EDGE( '', *, *, #4528, .T. );
#3754 = ORIENTED_EDGE( '', *, *, #4733, .T. );
#3755 = ORIENTED_EDGE( '', *, *, #4493, .T. );
#3756 = ORIENTED_EDGE( '', *, *, #4215, .T. );
#3757 = ORIENTED_EDGE( '', *, *, #4015, .T. );
#3758 = ORIENTED_EDGE( '', *, *, #4096, .T. );
#3759 = ORIENTED_EDGE( '', *, *, #4501, .T. );
#3760 = ORIENTED_EDGE( '', *, *, #4444, .T. );
#3761 = ORIENTED_EDGE( '', *, *, #4701, .F. );
#3762 = ORIENTED_EDGE( '', *, *, #4062, .F. );
#3763 = ORIENTED_EDGE( '', *, *, #4523, .F. );
#3764 = ORIENTED_EDGE( '', *, *, #4280, .F. );
#3765 = ORIENTED_EDGE( '', *, *, #4724, .F. );
#3766 = ORIENTED_EDGE( '', *, *, #4636, .F. );
#3767 = CARTESIAN_POINT( '', ( -5.25000000000000, -12.9000000000000, 1.42500000000000 ) );
#3768 = DIRECTION( '', ( 0.000000000000000, 0.000000000000000, -1.00000000000000 ) );
#3769 = DIRECTION( '', ( -1.00000000000000, 0.000000000000000, 0.000000000000000 ) );
#3770 = SURFACE_STYLE_FILL_AREA( #4734 );
#3771 = ORIENTED_EDGE( '', *, *, #4516, .T. );
#3772 = ORIENTED_EDGE( '', *, *, #4455, .T. );
#3773 = ORIENTED_EDGE( '', *, *, #4089, .T. );
#3774 = ORIENTED_EDGE( '', *, *, #4599, .T. );
#3775 = ORIENTED_EDGE( '', *, *, #4568, .F. );
#3776 = ORIENTED_EDGE( '', *, *, #4628, .F. );
#3777 = ORIENTED_EDGE( '', *, *, #4677, .T. );
#3778 = ORIENTED_EDGE( '', *, *, #4126, .T. );
#3779 = CARTESIAN_POINT( '', ( -5.23075975502646, 6.75000000000000, 45.2925462753644 ) );
#3780 = DIRECTION( '', ( 8.29097280901611E-017, 1.00000000000000, 0.000000000000000 ) );
#3781 = DIRECTION( '', ( -1.00000000000000, 8.29097280901611E-017, 0.000000000000000 ) );
#3782 = SURFACE_STYLE_FILL_AREA( #4735 );
#3783 = ORIENTED_EDGE( '', *, *, #4363, .F. );
#3784 = ORIENTED_EDGE( '', *, *, #4607, .T. );
#3785 = ORIENTED_EDGE( '', *, *, #4690, .T. );
#3786 = ORIENTED_EDGE( '', *, *, #4182, .F. );
#3787 = CARTESIAN_POINT( '', ( -11.8417323132024, -2.25000000000000, 1.46436271221378 ) );
#3788 = DIRECTION( '', ( -0.474137235296934, 0.000000000000000, -0.880450953832739 ) );
#3789 = DIRECTION( '', ( -0.880450953832739, 0.000000000000000, 0.474137235296934 ) );
#3790 = SURFACE_STYLE_FILL_AREA( #4736 );
#3791 = ORIENTED_EDGE( '', *, *, #4522, .F. );
#3792 = CARTESIAN_POINT( '', ( 3.59000000000000, -10.7750000000000, -3.59500000000000 ) );
#3793 = DIRECTION( '', ( 0.000000000000000, 0.000000000000000, 1.00000000000000 ) );
#3794 = DIRECTION( '', ( 1.00000000000000, 0.000000000000000, 0.000000000000000 ) );
#3795 = SURFACE_STYLE_FILL_AREA( #4737 );
#3796 = ORIENTED_EDGE( '', *, *, #4534, .F. );
#3797 = ORIENTED_EDGE( '', *, *, #4453, .F. );
#3798 = ORIENTED_EDGE( '', *, *, #4441, .T. );
#3799 = ORIENTED_EDGE( '', *, *, #4738, .T. );
#3800 = CARTESIAN_POINT( '', ( -2.76690734369030, 7.00000000000000, 15.4250000000000 ) );
#3801 = DIRECTION( '', ( 0.000000000000000, -1.00000000000000, 0.000000000000000 ) );
#3802 = DIRECTION( '', ( 0.000000000000000, 0.000000000000000, -1.00000000000000 ) );
#3803 = SURFACE_STYLE_FILL_AREA( #4739 );
#3804 = ORIENTED_EDGE( '', *, *, #4010, .T. );
#3805 = ORIENTED_EDGE( '', *, *, #4740, .T. );
#3806 = ORIENTED_EDGE( '', *, *, #4313, .F. );
#3807 = ORIENTED_EDGE( '', *, *, #4741, .F. );
#3808 = CARTESIAN_POINT( '', ( -12.0788009308512, -2.25000000000000, 1.02413723529691 ) );
#3809 = DIRECTION( '', ( 0.474137235296933, 0.000000000000000, 0.880450953832740 ) );
#3810 = DIRECTION( '', ( 0.880450953832740, 0.000000000000000, -0.474137235296933 ) );
#3811 = SURFACE_STYLE_FILL_AREA( #4742 );
#3812 = ORIENTED_EDGE( '', *, *, #4643, .T. );
#3813 = ORIENTED_EDGE( '', *, *, #4722, .T. );
#3814 = ORIENTED_EDGE( '', *, *, #4116, .T. );
#3815 = ORIENTED_EDGE( '', *, *, #4397, .T. );
#3816 = ORIENTED_EDGE( '', *, *, #4464, .T. );
#3817 = ORIENTED_EDGE( '', *, *, #4094, .T. );
#3818 = ORIENTED_EDGE( '', *, *, #4011, .T. );
#3819 = ORIENTED_EDGE( '', *, *, #4741, .T. );
#3820 = ORIENTED_EDGE( '', *, *, #4315, .T. );
#3821 = ORIENTED_EDGE( '', *, *, #4213, .T. );
#3822 = ORIENTED_EDGE( '', *, *, #4072, .T. );
#3823 = ORIENTED_EDGE( '', *, *, #4583, .T. );
#3824 = ORIENTED_EDGE( '', *, *, #4717, .T. );
#3825 = ORIENTED_EDGE( '', *, *, #4552, .T. );
#3826 = ORIENTED_EDGE( '', *, *, #4624, .T. );
#3827 = ORIENTED_EDGE( '', *, *, #4615, .T. );
#3828 = CARTESIAN_POINT( '', ( -12.1813738926934, -2.25000000000000, 17.7663360189454 ) );
#3829 = DIRECTION( '', ( 0.000000000000000, 1.00000000000000, 0.000000000000000 ) );
#3830 = DIRECTION( '', ( 0.000000000000000, 0.000000000000000, 1.00000000000000 ) );
#3831 = SURFACE_STYLE_FILL_AREA( #4743 );
#3832 = ORIENTED_EDGE( '', *, *, #4401, .F. );
#3833 = ORIENTED_EDGE( '', *, *, #4260, .F. );
#3834 = ORIENTED_EDGE( '', *, *, #4407, .F. );
#3835 = ORIENTED_EDGE( '', *, *, #4639, .F. );
#3836 = ORIENTED_EDGE( '', *, *, #4518, .T. );
#3837 = ORIENTED_EDGE( '', *, *, #4469, .F. );
#3838 = CARTESIAN_POINT( '', ( 13.8241161390704, 3.50000000000000, 9.30000000000000 ) );
#3839 = DIRECTION( '', ( -1.00000000000000, 0.000000000000000, 0.000000000000000 ) );
#3840 = DIRECTION( '', ( 0.000000000000000, 0.000000000000000, 1.00000000000000 ) );
#3841 = SURFACE_STYLE_FILL_AREA( #4744 );
#3842 = ORIENTED_EDGE( '', *, *, #4234, .T. );
#3843 = ORIENTED_EDGE( '', *, *, #4672, .F. );
#3844 = ORIENTED_EDGE( '', *, *, #4438, .F. );
#3845 = ORIENTED_EDGE( '', *, *, #4745, .T. );
#3846 = CARTESIAN_POINT( '', ( 2.76690734369031, -7.00000000000000, 15.4250000000000 ) );
#3847 = DIRECTION( '', ( -0.707106781186547, -0.707106781186548, 0.000000000000000 ) );
#3848 = DIRECTION( '', ( 0.707106781186548, -0.707106781186547, 0.000000000000000 ) );
#3849 = SURFACE_STYLE_FILL_AREA( #4746 );
#3850 = ORIENTED_EDGE( '', *, *, #4359, .F. );
#3851 = ORIENTED_EDGE( '', *, *, #4466, .T. );
#3852 = ORIENTED_EDGE( '', *, *, #4692, .T. );
#3853 = ORIENTED_EDGE( '', *, *, #4609, .F. );
#3854 = CARTESIAN_POINT( '', ( -13.2613442713971, -2.25000000000000, 1.74999999999997 ) );
#3855 = DIRECTION( '', ( -0.000000000000000, -1.00000000000000, -0.000000000000000 ) );
#3856 = DIRECTION( '', ( 0.000000000000000, 0.000000000000000, 1.00000000000000 ) );
#3857 = SURFACE_STYLE_FILL_AREA( #4747 );
#3858 = ORIENTED_EDGE( '', *, *, #4748, .F. );
#3859 = ORIENTED_EDGE( '', *, *, #4307, .F. );
#3860 = ORIENTED_EDGE( '', *, *, #4647, .F. );
#3861 = ORIENTED_EDGE( '', *, *, #4570, .T. );
#3862 = ORIENTED_EDGE( '', *, *, #4257, .T. );
#3863 = CARTESIAN_POINT( '', ( 1.23635473184767E-015, 2.85000000000000, 1.55000000000000 ) );
#3864 = DIRECTION( '', ( 3.93164182811630E-016, 0.906307787036650, 0.422618261740699 ) );
#3865 = DIRECTION( '', ( 0.000000000000000, -0.422618261740699, 0.906307787036650 ) );
#3866 = SURFACE_STYLE_FILL_AREA( #4749 );
#3867 = ORIENTED_EDGE( '', *, *, #4705, .F. );
#3868 = ORIENTED_EDGE( '', *, *, #4392, .F. );
#3869 = ORIENTED_EDGE( '', *, *, #4045, .T. );
#3870 = ORIENTED_EDGE( '', *, *, #4278, .T. );
#3871 = ORIENTED_EDGE( '', *, *, #4367, .T. );
#3872 = ORIENTED_EDGE( '', *, *, #4750, .F. );
#3873 = ORIENTED_EDGE( '', *, *, #4512, .T. );
#3874 = ORIENTED_EDGE( '', *, *, #4531, .T. );
#3875 = ORIENTED_EDGE( '', *, *, #4227, .T. );
#3876 = ORIENTED_EDGE( '', *, *, #4131, .F. );
#3877 = ORIENTED_EDGE( '', *, *, #4426, .F. );
#3878 = ORIENTED_EDGE( '', *, *, #4645, .F. );
#3879 = ORIENTED_EDGE( '', *, *, #4111, .F. );
#3880 = CARTESIAN_POINT( '', ( 0.000000000000000, 0.000000000000000, 3.17500000000000 ) );
#3881 = DIRECTION( '', ( 0.000000000000000, 0.000000000000000, -1.00000000000000 ) );
#3882 = DIRECTION( '', ( -1.00000000000000, 0.000000000000000, 0.000000000000000 ) );
#3883 = SURFACE_STYLE_FILL_AREA( #4751 );
#3884 = ORIENTED_EDGE( '', *, *, #4067, .F. );
#3885 = ORIENTED_EDGE( '', *, *, #4237, .F. );
#3886 = ORIENTED_EDGE( '', *, *, #4602, .F. );
#3887 = ORIENTED_EDGE( '', *, *, #4697, .F. );
#3888 = ORIENTED_EDGE( '', *, *, #4422, .T. );
#3889 = ORIENTED_EDGE( '', *, *, #4651, .T. );
#3890 = CARTESIAN_POINT( '', ( 0.000000000000000, 0.000000000000000, 20.8852683563699 ) );
#3891 = DIRECTION( '', ( -0.000000000000000, -0.000000000000000, 1.00000000000000 ) );
#3892 = DIRECTION( '', ( -1.00000000000000, 0.000000000000000, 0.000000000000000 ) );
#3893 = SURFACE_STYLE_FILL_AREA( #4752 );
#3894 = ORIENTED_EDGE( '', *, *, #4384, .T. );
#3895 = ORIENTED_EDGE( '', *, *, #4753, .F. );
#3896 = ORIENTED_EDGE( '', *, *, #4719, .T. );
#3897 = ORIENTED_EDGE( '', *, *, #4656, .F. );
#3898 = ORIENTED_EDGE( '', *, *, #4661, .F. );
#3899 = ORIENTED_EDGE( '', *, *, #4272, .F. );
#3900 = CARTESIAN_POINT( '', ( -13.8241161390704, 3.50000000000000, 9.30000000000000 ) );
#3901 = DIRECTION( '', ( 1.00000000000000, 0.000000000000000, 0.000000000000000 ) );
#3902 = DIRECTION( '', ( 0.000000000000000, 0.000000000000000, -1.00000000000000 ) );
#3903 = SURFACE_STYLE_FILL_AREA( #4754 );
#3904 = ORIENTED_EDGE( '', *, *, #4535, .F. );
#3905 = ORIENTED_EDGE( '', *, *, #4738, .F. );
#3906 = ORIENTED_EDGE( '', *, *, #4440, .T. );
#3907 = ORIENTED_EDGE( '', *, *, #4671, .T. );
#3908 = CARTESIAN_POINT( '', ( 2.76690734369031, 7.00000000000000, 15.4250000000000 ) );
#3909 = DIRECTION( '', ( 0.707106781186547, -0.707106781186548, 0.000000000000000 ) );
#3910 = DIRECTION( '', ( 0.707106781186548, 0.707106781186547, 0.000000000000000 ) );
#3911 = SURFACE_STYLE_FILL_AREA( #4755 );
#3912 = ORIENTED_EDGE( '', *, *, #4361, .F. );
#3913 = ORIENTED_EDGE( '', *, *, #4611, .T. );
#3914 = ORIENTED_EDGE( '', *, *, #4691, .T. );
#3915 = ORIENTED_EDGE( '', *, *, #4605, .F. );
#3916 = CARTESIAN_POINT( '', ( -12.0788009308512, -2.25000000000000, 1.02413723529691 ) );
#3917 = DIRECTION( '', ( 0.474137235296933, 0.000000000000000, 0.880450953832740 ) );
#3918 = DIRECTION( '', ( 0.880450953832740, 0.000000000000000, -0.474137235296933 ) );
#3919 = SURFACE_STYLE_FILL_AREA( #4756 );
#3920 = ORIENTED_EDGE( '', *, *, #4559, .F. );
#3921 = ORIENTED_EDGE( '', *, *, #4308, .T. );
#3922 = ORIENTED_EDGE( '', *, *, #4748, .T. );
#3923 = ORIENTED_EDGE( '', *, *, #4256, .T. );
#3924 = ORIENTED_EDGE( '', *, *, #4400, .F. );
#3925 = ORIENTED_EDGE( '', *, *, #4468, .F. );
#3926 = CARTESIAN_POINT( '', ( 12.9741161390704, -34.5930973696680, 1.55000000000000 ) );
#3927 = DIRECTION( '', ( -0.000000000000000, -1.00000000000000, -0.000000000000000 ) );
#3928 = DIRECTION( '', ( 0.000000000000000, 0.000000000000000, 1.00000000000000 ) );
#3929 = SURFACE_STYLE_FILL_AREA( #4757 );
#3930 = ORIENTED_EDGE( '', *, *, #4481, .T. );
#3931 = ORIENTED_EDGE( '', *, *, #4716, .F. );
#3932 = ORIENTED_EDGE( '', *, *, #4581, .F. );
#3933 = ORIENTED_EDGE( '', *, *, #4070, .F. );
#3934 = ORIENTED_EDGE( '', *, *, #4212, .F. );
#3935 = ORIENTED_EDGE( '', *, *, #4314, .F. );
#3936 = ORIENTED_EDGE( '', *, *, #4740, .F. );
#3937 = ORIENTED_EDGE( '', *, *, #4009, .F. );
#3938 = ORIENTED_EDGE( '', *, *, #4093, .F. );
#3939 = ORIENTED_EDGE( '', *, *, #4463, .F. );
#3940 = CARTESIAN_POINT( '', ( -14.4999999999986, -0.310000000000000, 8.89049105656836E-016 ) );
#3941 = DIRECTION( '', ( 0.000000000000000, -1.00000000000000, 0.000000000000000 ) );
#3942 = DIRECTION( '', ( 0.000000000000000, 0.000000000000000, -1.00000000000000 ) );
#3943 = SURFACE_STYLE_FILL_AREA( #4758 );
#3944 = ORIENTED_EDGE( '', *, *, #4732, .F. );
#3945 = ORIENTED_EDGE( '', *, *, #4759, .T. );
#3946 = ORIENTED_EDGE( '', *, *, #4248, .T. );
#3947 = ORIENTED_EDGE( '', *, *, #4513, .T. );
#3948 = ORIENTED_EDGE( '', *, *, #4750, .T. );
#3949 = ORIENTED_EDGE( '', *, *, #4369, .F. );
#3950 = CARTESIAN_POINT( '', ( -5.25000000000000, -12.9000000000000, 1.42500000000000 ) );
#3951 = DIRECTION( '', ( 1.00000000000000, 2.50634296273553E-015, 0.000000000000000 ) );
#3952 = DIRECTION( '', ( -2.50634296273553E-015, 1.00000000000000, 0.000000000000000 ) );
#3953 = SURFACE_STYLE_FILL_AREA( #4760 );
#3954 = ORIENTED_EDGE( '', *, *, #4148, .T. );
#3955 = ORIENTED_EDGE( '', *, *, #4321, .T. );
#3956 = ORIENTED_EDGE( '', *, *, #4238, .F. );
#3957 = ORIENTED_EDGE( '', *, *, #4066, .F. );
#3958 = ORIENTED_EDGE( '', *, *, #4621, .F. );
#3959 = ORIENTED_EDGE( '', *, *, #4152, .T. );
#3960 = ORIENTED_EDGE( '', *, *, #4324, .F. );
#3961 = ORIENTED_EDGE( '', *, *, #4484, .F. );
#3962 = ORIENTED_EDGE( '', *, *, #4761, .F. );
#3963 = CARTESIAN_POINT( '', ( -0.550000000000000, 8.90000000000000, -33.8699468225283 ) );
#3964 = DIRECTION( '', ( 1.00000000000000, -6.25501253357023E-017, 0.000000000000000 ) );
#3965 = DIRECTION( '', ( 6.25501253357023E-017, 1.00000000000000, 0.000000000000000 ) );
#3966 = SURFACE_STYLE_FILL_AREA( #4762 );
#3967 = ORIENTED_EDGE( '', *, *, #4761, .T. );
#3968 = ORIENTED_EDGE( '', *, *, #4483, .T. );
#3969 = ORIENTED_EDGE( '', *, *, #4149, .F. );
#3970 = CARTESIAN_POINT( '', ( 1.79500000000000, 11.6750000000000, -37.8150841668140 ) );
#3971 = DIRECTION( '', ( 0.000000000000000, 1.00000000000000, 0.000000000000000 ) );
#3972 = DIRECTION( '', ( 0.000000000000000, 0.000000000000000, 1.00000000000000 ) );
#3973 = SURFACE_STYLE_FILL_AREA( #4763 );
#3974 = ORIENTED_EDGE( '', *, *, #4731, .F. );
#3975 = ORIENTED_EDGE( '', *, *, #4021, .F. );
#3976 = ORIENTED_EDGE( '', *, *, #4249, .F. );
#3977 = ORIENTED_EDGE( '', *, *, #4759, .F. );
#3978 = CARTESIAN_POINT( '', ( -4.95000000000000, -12.6000000000000, 1.42500000000000 ) );
#3979 = DIRECTION( '', ( -0.000000000000000, -0.000000000000000, -1.00000000000000 ) );
#3980 = DIRECTION( '', ( 1.00000000000000, 0.000000000000000, 0.000000000000000 ) );
#3981 = SURFACE_STYLE_FILL_AREA( #4764 );
#3982 = ORIENTED_EDGE( '', *, *, #4674, .T. );
#3983 = ORIENTED_EDGE( '', *, *, #4539, .T. );
#3984 = ORIENTED_EDGE( '', *, *, #4720, .T. );
#3985 = ORIENTED_EDGE( '', *, *, #4753, .T. );
#3986 = ORIENTED_EDGE( '', *, *, #4383, .F. );
#3987 = ORIENTED_EDGE( '', *, *, #4565, .F. );
#3988 = CARTESIAN_POINT( '', ( 12.6172783736627, -19.3487538256139, 2.60208521396522E-015 ) );
#3989 = DIRECTION( '', ( -0.324576191382359, -0.324576191382359, -0.888425906857429 ) );
#3990 = DIRECTION( '', ( -0.939278884537689, 0.000000000000000, 0.343154742152334 ) );
#3991 = SURFACE_STYLE_FILL_AREA( #4765 );
#3992 = ORIENTED_EDGE( '', *, *, #4437, .F. );
#3993 = ORIENTED_EDGE( '', *, *, #4665, .T. );
#3994 = ORIENTED_EDGE( '', *, *, #4231, .T. );
#3995 = ORIENTED_EDGE( '', *, *, #4745, .F. );
#3996 = CARTESIAN_POINT( '', ( -2.76690734369030, -7.00000000000000, 15.4250000000000 ) );
#3997 = DIRECTION( '', ( -7.83692431882790E-017, -1.00000000000000, 0.000000000000000 ) );
#3998 = DIRECTION( '', ( 1.00000000000000, -7.83692431882790E-017, 0.000000000000000 ) );
#3999 = SURFACE_STYLE_FILL_AREA( #4766 );
#4000 = ORIENTED_EDGE( '', *, *, #4733, .F. );
#4001 = ORIENTED_EDGE( '', *, *, #4529, .T. );
#4002 = ORIENTED_EDGE( '', *, *, #4418, .F. );
#4003 = ORIENTED_EDGE( '', *, *, #4494, .F. );
#4004 = CARTESIAN_POINT( '', ( 3.15000000000000, -6.70000000000000, 1.42500000000000 ) );
#4005 = DIRECTION( '', ( -0.751658957746748, -0.659551977662923, 0.000000000000000 ) );
#4006 = DIRECTION( '', ( 0.659551977662923, -0.751658957746748, 0.000000000000000 ) );
#4007 = FILL_AREA_STYLE( '', ( #4767 ) );
#4008 = EDGE_CURVE( '', #4768, #4769, #4770, .T. );
#4009 = EDGE_CURVE( '', #4769, #4771, #4772, .F. );
#4010 = EDGE_CURVE( '', #4773, #4771, #4774, .T. );
#4011 = EDGE_CURVE( '', #4768, #4773, #4775, .T. );
#4012 = FILL_AREA_STYLE( '', ( #4776 ) );
#4013 = EDGE_CURVE( '', #4777, #4778, #4779, .T. );
#4014 = EDGE_CURVE( '', #4778, #4780, #4781, .F. );
#4015 = EDGE_CURVE( '', #4782, #4780, #4783, .T. );
#4016 = EDGE_CURVE( '', #4782, #4777, #4784, .T. );
#4017 = FILL_AREA_STYLE( '', ( #4785 ) );
#4018 = EDGE_CURVE( '', #4786, #4787, #4788, .T. );
#4019 = EDGE_CURVE( '', #4786, #4789, #4790, .T. );
#4020 = EDGE_CURVE( '', #4789, #4791, #4792, .T. );
#4021 = EDGE_CURVE( '', #4791, #4787, #4793, .F. );
#4022 = FILL_AREA_STYLE( '', ( #4794 ) );
#4023 = EDGE_CURVE( '', #4795, #4796, #4797, .T. );
#4024 = EDGE_CURVE( '', #4795, #4798, #4799, .T. );
#4025 = EDGE_CURVE( '', #4800, #4798, #4801, .T. );
#4026 = EDGE_CURVE( '', #4796, #4800, #4802, .T. );
#4027 = FILL_AREA_STYLE( '', ( #4803 ) );
#4028 = EDGE_CURVE( '', #4804, #4804, #4805, .T. );
#4029 = EDGE_CURVE( '', #4806, #4806, #4807, .F. );
#4030 = FILL_AREA_STYLE( '', ( #4808 ) );
#4031 = EDGE_CURVE( '', #4809, #4809, #4810, .T. );
#4032 = FILL_AREA_STYLE( '', ( #4811 ) );
#4033 = EDGE_CURVE( '', #4812, #4813, #4814, .T. );
#4034 = EDGE_CURVE( '', #4815, #4812, #4816, .F. );
#4035 = EDGE_CURVE( '', #4817, #4815, #4818, .F. );
#4036 = EDGE_CURVE( '', #4813, #4817, #4819, .T. );
#4037 = FILL_AREA_STYLE( '', ( #4820 ) );
#4038 = EDGE_CURVE( '', #4821, #4822, #4823, .T. );
#4039 = EDGE_CURVE( '', #4821, #4824, #4825, .T. );
#4040 = EDGE_CURVE( '', #4824, #4826, #4827, .T. );
#4041 = EDGE_CURVE( '', #4826, #4822, #4828, .F. );
#4042 = FILL_AREA_STYLE( '', ( #4829 ) );
#4043 = EDGE_CURVE( '', #4830, #4831, #4832, .T. );
#4044 = EDGE_CURVE( '', #4830, #4833, #4834, .T. );
#4045 = EDGE_CURVE( '', #4835, #4833, #4836, .T. );
#4046 = EDGE_CURVE( '', #4835, #4837, #4838, .T. );
#4047 = EDGE_CURVE( '', #4839, #4837, #4840, .T. );
#4048 = EDGE_CURVE( '', #4839, #4831, #4841, .F. );
#4049 = FILL_AREA_STYLE( '', ( #4842 ) );
#4050 = EDGE_CURVE( '', #4843, #4844, #4845, .T. );
#4051 = EDGE_CURVE( '', #4846, #4843, #4847, .T. );
#4052 = EDGE_CURVE( '', #4848, #4846, #4849, .T. );
#4053 = EDGE_CURVE( '', #4844, #4848, #4850, .F. );
#4054 = FILL_AREA_STYLE( '', ( #4851 ) );
#4055 = EDGE_CURVE( '', #4852, #4853, #4854, .F. );
#4056 = EDGE_CURVE( '', #4852, #4855, #4856, .T. );
#4057 = EDGE_CURVE( '', #4855, #4857, #4858, .T. );
#4058 = EDGE_CURVE( '', #4853, #4857, #4859, .T. );
#4059 = FILL_AREA_STYLE( '', ( #4860 ) );
#4060 = FILL_AREA_STYLE( '', ( #4861 ) );
#4061 = EDGE_CURVE( '', #4862, #4862, #4863, .T. );
#4062 = EDGE_CURVE( '', #4864, #4864, #4865, .T. );
#4063 = FILL_AREA_STYLE( '', ( #4866 ) );
#4064 = EDGE_CURVE( '', #4867, #4868, #4869, .T. );
#4065 = EDGE_CURVE( '', #4867, #4870, #4871, .T. );
#4066 = EDGE_CURVE( '', #4870, #4872, #4873, .T. );
#4067 = EDGE_CURVE( '', #4872, #4868, #4874, .T. );
#4068 = FILL_AREA_STYLE( '', ( #4875 ) );
#4069 = EDGE_CURVE( '', #4876, #4877, #4878, .T. );
#4070 = EDGE_CURVE( '', #4877, #4879, #4880, .T. );
#4071 = EDGE_CURVE( '', #4881, #4879, #4882, .T. );
#4072 = EDGE_CURVE( '', #4876, #4881, #4883, .T. );
#4073 = FILL_AREA_STYLE( '', ( #4884 ) );
#4074 = EDGE_CURVE( '', #4885, #4886, #4887, .T. );
#4075 = EDGE_CURVE( '', #4888, #4886, #4889, .T. );
#4076 = EDGE_CURVE( '', #4890, #4888, #4891, .T. );
#4077 = EDGE_CURVE( '', #4890, #4885, #4892, .T. );
#4078 = FILL_AREA_STYLE( '', ( #4893 ) );
#4079 = EDGE_CURVE( '', #4822, #4786, #4894, .F. );
#4080 = EDGE_CURVE( '', #4789, #4826, #4895, .F. );
#4081 = FILL_AREA_STYLE( '', ( #4896 ) );
#4082 = EDGE_CURVE( '', #4897, #4898, #4899, .T. );
#4083 = EDGE_CURVE( '', #4898, #4900, #4901, .F. );
#4084 = EDGE_CURVE( '', #4900, #4902, #4903, .T. );
#4085 = EDGE_CURVE( '', #4902, #4843, #4904, .T. );
#4086 = EDGE_CURVE( '', #4905, #4844, #4906, .T. );
#4087 = EDGE_CURVE( '', #4905, #4907, #4908, .T. );
#4088 = EDGE_CURVE( '', #4909, #4907, #4910, .T. );
#4089 = EDGE_CURVE( '', #4911, #4909, #4912, .T. );
#4090 = EDGE_CURVE( '', #4911, #4897, #4913, .F. );
#4091 = FILL_AREA_STYLE( '', ( #4914 ) );
#4092 = EDGE_CURVE( '', #4915, #4916, #4917, .T. );
#4093 = EDGE_CURVE( '', #4916, #4769, #4918, .T. );
#4094 = EDGE_CURVE( '', #4915, #4768, #4919, .T. );
#4095 = FILL_AREA_STYLE( '', ( #4920 ) );
#4096 = EDGE_CURVE( '', #4780, #4921, #4922, .F. );
#4097 = EDGE_CURVE( '', #4923, #4778, #4924, .F. );
#4098 = EDGE_CURVE( '', #4921, #4923, #4925, .T. );
#4099 = FILL_AREA_STYLE( '', ( #4926 ) );
#4100 = EDGE_CURVE( '', #4927, #4868, #4928, .T. );
#4101 = EDGE_CURVE( '', #4927, #4929, #4930, .F. );
#4102 = EDGE_CURVE( '', #4929, #4931, #4932, .T. );
#4103 = EDGE_CURVE( '', #4933, #4931, #4934, .T. );
#4104 = EDGE_CURVE( '', #4935, #4933, #4936, .T. );
#4105 = EDGE_CURVE( '', #4937, #4935, #4938, .T. );
#4106 = EDGE_CURVE( '', #4937, #4939, #4940, .T. );
#4107 = EDGE_CURVE( '', #4939, #4867, #4941, .T. );
#4108 = FILL_AREA_STYLE( '', ( #4942 ) );
#4109 = EDGE_CURVE( '', #4943, #4944, #4945, .T. );
#4110 = EDGE_CURVE( '', #4946, #4943, #4947, .T. );
#4111 = EDGE_CURVE( '', #4946, #4948, #4949, .T. );
#4112 = EDGE_CURVE( '', #4944, #4948, #4950, .F. );
#4113 = FILL_AREA_STYLE( '', ( #4951 ) );
#4114 = EDGE_CURVE( '', #4952, #4953, #4954, .T. );
#4115 = EDGE_CURVE( '', #4955, #4953, #4956, .T. );
#4116 = EDGE_CURVE( '', #4957, #4955, #4958, .T. );
#4117 = EDGE_CURVE( '', #4957, #4952, #4959, .T. );
#4118 = FILL_AREA_STYLE( '', ( #4960 ) );
#4119 = EDGE_CURVE( '', #4961, #4961, #4962, .T. );
#4120 = FILL_AREA_STYLE( '', ( #4963 ) );
#4121 = EDGE_CURVE( '', #4964, #4965, #4966, .T. );
#4122 = EDGE_CURVE( '', #4967, #4964, #4968, .F. );
#4123 = EDGE_CURVE( '', #4969, #4967, #4970, .T. );
#4124 = EDGE_CURVE( '', #4965, #4969, #4971, .T. );
#4125 = FILL_AREA_STYLE( '', ( #4972 ) );
#4126 = EDGE_CURVE( '', #4973, #4974, #4975, .T. );
#4127 = EDGE_CURVE( '', #4976, #4973, #4977, .T. );
#4128 = EDGE_CURVE( '', #4978, #4976, #4979, .T. );
#4129 = EDGE_CURVE( '', #4974, #4978, #4980, .F. );
#4130 = FILL_AREA_STYLE( '', ( #4981 ) );
#4131 = EDGE_CURVE( '', #4982, #4983, #4984, .T. );
#4132 = EDGE_CURVE( '', #4983, #4985, #4986, .T. );
#4133 = EDGE_CURVE( '', #4987, #4985, #4988, .T. );
#4134 = EDGE_CURVE( '', #4987, #4989, #4990, .F. );
#4135 = EDGE_CURVE( '', #4989, #4991, #4992, .T. );
#4136 = EDGE_CURVE( '', #4991, #4982, #4993, .T. );
#4137 = FILL_AREA_STYLE( '', ( #4994 ) );
#4138 = EDGE_CURVE( '', #4995, #4995, #4996, .T. );
#4139 = EDGE_CURVE( '', #4997, #4997, #4998, .F. );
#4140 = FILL_AREA_STYLE( '', ( #4999 ) );
#4141 = EDGE_CURVE( '', #4989, #5000, #5001, .F. );
#4142 = EDGE_CURVE( '', #5002, #5000, #5003, .T. );
#4143 = EDGE_CURVE( '', #5002, #5004, #5005, .T. );
#4144 = EDGE_CURVE( '', #5006, #5004, #5007, .T. );
#4145 = EDGE_CURVE( '', #5006, #5008, #5009, .F. );
#4146 = EDGE_CURVE( '', #5010, #5008, #5011, .T. );
#4147 = EDGE_CURVE( '', #5010, #5012, #5013, .F. );
#4148 = EDGE_CURVE( '', #5014, #5012, #5015, .T. );
#4149 = EDGE_CURVE( '', #5014, #5016, #5017, .T. );
#4150 = EDGE_CURVE( '', #5016, #5018, #5019, .T. );
#4151 = EDGE_CURVE( '', #5018, #5020, #5021, .T. );
#4152 = EDGE_CURVE( '', #5022, #5020, #5023, .T. );
#4153 = EDGE_CURVE( '', #4939, #5022, #5024, .F. );
#4154 = EDGE_CURVE( '', #4937, #5025, #5026, .T. );
#4155 = EDGE_CURVE( '', #5025, #5027, #5028, .T. );
#4156 = EDGE_CURVE( '', #5027, #4931, #5029, .T. );
#4157 = EDGE_CURVE( '', #4929, #5030, #5031, .F. );
#4158 = EDGE_CURVE( '', #5032, #5030, #5033, .T. );
#4159 = EDGE_CURVE( '', #5032, #5034, #5035, .F. );
#4160 = EDGE_CURVE( '', #4812, #5034, #5036, .T. );
#4161 = EDGE_CURVE( '', #5037, #4813, #5038, .T. );
#4162 = EDGE_CURVE( '', #5037, #5039, #5040, .F. );
#4163 = EDGE_CURVE( '', #5041, #5039, #5042, .T. );
#4164 = EDGE_CURVE( '', #5043, #5041, #5044, .T. );
#4165 = EDGE_CURVE( '', #5043, #5045, #5046, .F. );
#4166 = EDGE_CURVE( '', #5047, #5045, #5048, .T. );
#4167 = EDGE_CURVE( '', #4991, #5047, #5049, .T. );
#4168 = EDGE_CURVE( '', #5050, #5050, #5051, .F. );
#4169 = EDGE_CURVE( '', #5052, #5052, #5053, .T. );
#4170 = EDGE_CURVE( '', #5054, #5054, #5055, .T. );
#4171 = EDGE_CURVE( '', #5056, #5056, #5057, .T. );
#4172 = FILL_AREA_STYLE( '', ( #5058 ) );
#4173 = EDGE_CURVE( '', #4935, #5025, #5059, .T. );
#4174 = FILL_AREA_STYLE( '', ( #5060 ) );
#4175 = EDGE_CURVE( '', #5061, #5062, #5063, .T. );
#4176 = EDGE_CURVE( '', #5061, #5064, #5065, .T. );
#4177 = EDGE_CURVE( '', #5064, #5066, #5067, .T. );
#4178 = EDGE_CURVE( '', #5068, #5066, #5069, .T. );
#4179 = EDGE_CURVE( '', #5062, #5068, #5070, .T. );
#4180 = FILL_AREA_STYLE( '', ( #5071 ) );
#4181 = EDGE_CURVE( '', #5072, #4852, #5073, .T. );
#4182 = EDGE_CURVE( '', #5072, #5074, #5075, .T. );
#4183 = EDGE_CURVE( '', #5074, #4855, #5076, .T. );
#4184 = FILL_AREA_STYLE( '', ( #5077 ) );
#4185 = EDGE_CURVE( '', #5078, #5079, #5080, .T. );
#4186 = EDGE_CURVE( '', #5079, #5081, #5082, .F. );
#4187 = EDGE_CURVE( '', #5081, #5083, #5084, .T. );
#4188 = EDGE_CURVE( '', #5083, #5078, #5085, .T. );
#4189 = FILL_AREA_STYLE( '', ( #5086 ) );
#4190 = EDGE_CURVE( '', #5087, #5088, #5089, .T. );
#4191 = EDGE_CURVE( '', #5090, #5087, #5091, .F. );
#4192 = EDGE_CURVE( '', #5092, #5090, #5093, .F. );
#4193 = EDGE_CURVE( '', #5088, #5092, #5094, .T. );
#4194 = FILL_AREA_STYLE( '', ( #5095 ) );
#4195 = EDGE_CURVE( '', #5096, #5096, #5097, .T. );
#4196 = FILL_AREA_STYLE( '', ( #5098 ) );
#4197 = EDGE_CURVE( '', #4798, #5099, #5100, .T. );
#4198 = EDGE_CURVE( '', #5101, #5099, #5102, .T. );
#4199 = EDGE_CURVE( '', #5101, #4800, #5103, .T. );
#4200 = FILL_AREA_STYLE( '', ( #5104 ) );
#4201 = EDGE_CURVE( '', #5105, #5083, #5106, .F. );
#4202 = EDGE_CURVE( '', #5107, #5105, #5108, .F. );
#4203 = EDGE_CURVE( '', #5078, #5107, #5109, .F. );
#4204 = FILL_AREA_STYLE( '', ( #5110 ) );
#4205 = EDGE_CURVE( '', #4965, #5111, #5112, .T. );
#4206 = EDGE_CURVE( '', #4969, #5113, #5114, .T. );
#4207 = EDGE_CURVE( '', #5113, #5111, #5115, .F. );
#4208 = FILL_AREA_STYLE( '', ( #5116 ) );
#4209 = EDGE_CURVE( '', #5117, #5117, #5118, .T. );
#4210 = FILL_AREA_STYLE( '', ( #5119 ) );
#4211 = EDGE_CURVE( '', #5120, #5121, #5122, .T. );
#4212 = EDGE_CURVE( '', #5121, #4877, #5123, .T. );
#4213 = EDGE_CURVE( '', #5120, #4876, #5124, .T. );
#4214 = FILL_AREA_STYLE( '', ( #5125 ) );
#4215 = EDGE_CURVE( '', #5126, #4782, #5127, .T. );
#4216 = EDGE_CURVE( '', #5128, #5126, #5129, .F. );
#4217 = EDGE_CURVE( '', #4777, #5128, #5130, .T. );
#4218 = FILL_AREA_STYLE( '', ( #5131 ) );
#4219 = EDGE_CURVE( '', #5132, #5133, #5134, .T. );
#4220 = EDGE_CURVE( '', #5133, #5135, #5136, .T. );
#4221 = EDGE_CURVE( '', #5137, #5135, #5138, .T. );
#4222 = EDGE_CURVE( '', #5137, #5132, #5139, .F. );
#4223 = FILL_AREA_STYLE( '', ( #5140 ) );
#4224 = EDGE_CURVE( '', #5034, #5141, #5142, .T. );
#4225 = EDGE_CURVE( '', #4815, #5141, #5143, .T. );
#4226 = FILL_AREA_STYLE( '', ( #5144 ) );
#4227 = EDGE_CURVE( '', #5145, #4983, #5146, .F. );
#4228 = EDGE_CURVE( '', #5147, #5145, #5148, .T. );
#4229 = EDGE_CURVE( '', #4985, #5147, #5149, .F. );
#4230 = FILL_AREA_STYLE( '', ( #5150 ) );
#4231 = EDGE_CURVE( '', #5151, #5152, #5153, .T. );
#4232 = EDGE_CURVE( '', #5151, #5154, #5155, .T. );
#4233 = EDGE_CURVE( '', #5156, #5154, #5157, .T. );
#4234 = EDGE_CURVE( '', #5152, #5156, #5158, .T. );
#4235 = FILL_AREA_STYLE( '', ( #5159 ) );
#4236 = EDGE_CURVE( '', #5160, #4967, #5161, .T. );
#4237 = EDGE_CURVE( '', #5160, #4872, #5162, .T. );
#4238 = EDGE_CURVE( '', #4872, #5163, #5164, .T. );
#4239 = EDGE_CURVE( '', #5163, #5165, #5166, .T. );
#4240 = EDGE_CURVE( '', #5165, #5167, #5168, .T. );
#4241 = EDGE_CURVE( '', #5167, #5169, #5170, .T. );
#4242 = EDGE_CURVE( '', #5169, #5171, #5172, .T. );
#4243 = EDGE_CURVE( '', #5171, #5173, #5174, .F. );
#4244 = EDGE_CURVE( '', #5173, #5175, #5176, .T. );
#4245 = EDGE_CURVE( '', #5175, #4987, #5177, .T. );
#4246 = EDGE_CURVE( '', #5178, #5147, #5179, .T. );
#4247 = EDGE_CURVE( '', #5178, #5180, #5181, .F. );
#4248 = EDGE_CURVE( '', #5182, #5180, #5183, .T. );
#4249 = EDGE_CURVE( '', #5182, #4791, #5184, .T. );
#4250 = EDGE_CURVE( '', #4824, #5113, #5185, .T. );
#4251 = FILL_AREA_STYLE( '', ( #5186 ) );
#4252 = EDGE_CURVE( '', #5008, #5167, #5187, .T. );
#4253 = EDGE_CURVE( '', #5165, #5010, #5188, .F. );
#4254 = FILL_AREA_STYLE( '', ( #5189 ) );
#4255 = EDGE_CURVE( '', #5190, #5191, #5192, .T. );
#4256 = EDGE_CURVE( '', #5193, #5190, #5194, .T. );
#4257 = EDGE_CURVE( '', #5195, #5193, #5196, .F. );
#4258 = EDGE_CURVE( '', #5195, #5197, #5198, .T. );
#4259 = EDGE_CURVE( '', #5199, #5197, #5200, .T. );
#4260 = EDGE_CURVE( '', #5199, #5191, #5201, .T. );
#4261 = FILL_AREA_STYLE( '', ( #5202 ) );
#4262 = EDGE_CURVE( '', #5203, #4817, #5204, .T. );
#4263 = EDGE_CURVE( '', #5203, #5037, #5205, .F. );
#4264 = FILL_AREA_STYLE( '', ( #5206 ) );
#4265 = EDGE_CURVE( '', #5207, #5208, #5209, .T. );
#4266 = EDGE_CURVE( '', #5207, #5210, #5211, .T. );
#4267 = EDGE_CURVE( '', #5212, #5210, #5213, .T. );
#4268 = EDGE_CURVE( '', #5212, #5214, #5215, .T. );
#4269 = EDGE_CURVE( '', #5214, #5216, #5217, .T. );
#4270 = EDGE_CURVE( '', #5216, #5218, #5219, .T. );
#4271 = EDGE_CURVE( '', #5218, #5220, #5221, .T. );
#4272 = EDGE_CURVE( '', #5220, #5222, #5223, .T. );
#4273 = EDGE_CURVE( '', #5222, #5224, #5225, .T. );
#4274 = EDGE_CURVE( '', #5224, #5208, #5226, .T. );
#4275 = FILL_AREA_STYLE( '', ( #5227 ) );
#4276 = EDGE_CURVE( '', #5228, #4830, #5229, .T. );
#4277 = EDGE_CURVE( '', #5230, #5228, #5231, .F. );
#4278 = EDGE_CURVE( '', #4833, #5230, #5232, .F. );
#4279 = FILL_AREA_STYLE( '', ( #5233 ) );
#4280 = EDGE_CURVE( '', #5234, #5234, #5235, .T. );
#4281 = FILL_AREA_STYLE( '', ( #5236 ) );
#4282 = EDGE_CURVE( '', #5237, #5238, #5239, .T. );
#4283 = EDGE_CURVE( '', #5240, #5238, #5241, .T. );
#4284 = EDGE_CURVE( '', #5242, #5240, #5243, .T. );
#4285 = EDGE_CURVE( '', #5242, #5237, #5244, .T. );
#4286 = FILL_AREA_STYLE( '', ( #5245 ) );
#4287 = EDGE_CURVE( '', #4886, #5246, #5247, .T. );
#4288 = EDGE_CURVE( '', #5248, #5246, #5249, .T. );
#4289 = EDGE_CURVE( '', #4888, #5248, #5250, .T. );
#4290 = FILL_AREA_STYLE( '', ( #5251 ) );
#4291 = EDGE_CURVE( '', #5173, #5002, #5252, .F. );
#4292 = EDGE_CURVE( '', #5004, #5171, #5253, .T. );
#4293 = FILL_AREA_STYLE( '', ( #5254 ) );
#4294 = EDGE_CURVE( '', #5169, #5006, #5255, .F. );
#4295 = FILL_AREA_STYLE( '', ( #5256 ) );
#4296 = EDGE_CURVE( '', #5257, #5257, #5258, .T. );
#4297 = EDGE_CURVE( '', #5259, #5259, #5260, .T. );
#4298 = FILL_AREA_STYLE( '', ( #5261 ) );
#4299 = EDGE_CURVE( '', #5262, #5262, #5263, .T. );
#4300 = EDGE_CURVE( '', #4897, #5264, #5265, .T. );
#4301 = EDGE_CURVE( '', #5264, #4978, #5266, .T. );
#4302 = EDGE_CURVE( '', #5267, #4976, #5268, .T. );
#4303 = EDGE_CURVE( '', #5267, #5269, #5270, .T. );
#4304 = EDGE_CURVE( '', #5269, #5271, #5272, .T. );
#4305 = EDGE_CURVE( '', #5271, #4898, #5273, .T. );
#4306 = FILL_AREA_STYLE( '', ( #5274 ) );
#4307 = EDGE_CURVE( '', #5275, #5276, #5277, .F. );
#4308 = EDGE_CURVE( '', #5278, #5276, #5279, .T. );
#4309 = EDGE_CURVE( '', #5278, #5280, #5281, .F. );
#4310 = EDGE_CURVE( '', #5280, #5275, #5282, .F. );
#4311 = FILL_AREA_STYLE( '', ( #5283 ) );
#4312 = FILL_AREA_STYLE( '', ( #5284 ) );
#4313 = EDGE_CURVE( '', #5285, #5286, #5287, .T. );
#4314 = EDGE_CURVE( '', #5286, #5121, #5288, .T. );
#4315 = EDGE_CURVE( '', #5285, #5120, #5289, .T. );
#4316 = FILL_AREA_STYLE( '', ( #5290 ) );
#4317 = EDGE_CURVE( '', #5291, #5292, #5293, .T. );
#4318 = EDGE_CURVE( '', #5292, #5043, #5294, .F. );
#4319 = EDGE_CURVE( '', #5041, #5291, #5295, .T. );
#4320 = FILL_AREA_STYLE( '', ( #5296 ) );
#4321 = EDGE_CURVE( '', #5012, #5163, #5297, .T. );
#4322 = FILL_AREA_STYLE( '', ( #5298 ) );
#4323 = EDGE_CURVE( '', #5299, #5018, #5300, .T. );
#4324 = EDGE_CURVE( '', #5299, #5020, #5301, .T. );
#4325 = FILL_AREA_STYLE( '', ( #5302 ) );
#4326 = EDGE_CURVE( '', #5303, #5304, #5305, .T. );
#4327 = EDGE_CURVE( '', #5304, #5306, #5307, .F. );
#4328 = EDGE_CURVE( '', #5308, #5306, #5309, .T. );
#4329 = EDGE_CURVE( '', #5308, #5303, #5310, .T. );
#4330 = FILL_AREA_STYLE( '', ( #5311 ) );
#4331 = EDGE_CURVE( '', #5312, #5312, #5313, .T. );
#4332 = FILL_AREA_STYLE( '', ( #5314 ) );
#4333 = EDGE_CURVE( '', #5238, #5315, #5316, .T. );
#4334 = EDGE_CURVE( '', #5317, #5237, #5318, .T. );
#4335 = EDGE_CURVE( '', #5246, #5317, #5319, .T. );
#4336 = EDGE_CURVE( '', #5320, #4885, #5321, .T. );
#4337 = EDGE_CURVE( '', #5315, #5320, #5322, .T. );
#4338 = FILL_AREA_STYLE( '', ( #5323 ) );
#4339 = EDGE_CURVE( '', #5000, #5175, #5324, .T. );
#4340 = FILL_AREA_STYLE( '', ( #5325 ) );
#4341 = EDGE_CURVE( '', #5326, #5327, #5328, .T. );
#4342 = EDGE_CURVE( '', #5327, #5329, #5330, .T. );
#4343 = EDGE_CURVE( '', #5329, #5331, #5332, .T. );
#4344 = EDGE_CURVE( '', #5333, #5331, #5334, .T. );
#4345 = EDGE_CURVE( '', #5335, #5333, #5336, .T. );
#4346 = EDGE_CURVE( '', #5335, #5337, #5338, .T. );
#4347 = EDGE_CURVE( '', #5339, #5337, #5340, .T. );
#4348 = EDGE_CURVE( '', #5341, #5339, #5342, .T. );
#4349 = EDGE_CURVE( '', #5326, #5341, #5343, .T. );
#4350 = FILL_AREA_STYLE( '', ( #5344 ) );
#4351 = EDGE_CURVE( '', #5345, #5101, #5346, .T. );
#4352 = EDGE_CURVE( '', #5345, #4796, #5347, .T. );
#4353 = FILL_AREA_STYLE( '', ( #5348 ) );
#4354 = EDGE_CURVE( '', #5341, #5349, #5350, .T. );
#4355 = EDGE_CURVE( '', #5339, #5351, #5352, .T. );
#4356 = EDGE_CURVE( '', #5349, #5351, #5353, .T. );
#4357 = FILL_AREA_STYLE( '', ( #5354 ) );
#4358 = EDGE_CURVE( '', #5355, #5356, #5357, .T. );
#4359 = EDGE_CURVE( '', #5356, #5358, #5359, .T. );
#4360 = EDGE_CURVE( '', #5358, #5360, #5361, .F. );
#4361 = EDGE_CURVE( '', #5360, #5362, #5363, .T. );
#4362 = EDGE_CURVE( '', #5362, #5364, #5365, .T. );
#4363 = EDGE_CURVE( '', #5364, #5072, #5366, .T. );
#4364 = EDGE_CURVE( '', #4853, #5367, #5368, .F. );
#4365 = EDGE_CURVE( '', #5355, #5367, #5369, .T. );
#4366 = FILL_AREA_STYLE( '', ( #5370 ) );
#4367 = EDGE_CURVE( '', #5230, #5371, #5372, .T. );
#4368 = EDGE_CURVE( '', #5373, #5228, #5374, .T. );
#4369 = EDGE_CURVE( '', #5373, #5371, #5375, .T. );
#4370 = FILL_AREA_STYLE( '', ( #5376 ) );
#4371 = EDGE_CURVE( '', #5081, #5377, #5378, .F. );
#4372 = EDGE_CURVE( '', #5379, #5079, #5380, .F. );
#4373 = EDGE_CURVE( '', #5377, #5379, #5381, .T. );
#4374 = FILL_AREA_STYLE( '', ( #5382 ) );
#4375 = EDGE_CURVE( '', #5383, #5203, #5384, .T. );
#4376 = EDGE_CURVE( '', #5039, #5383, #5385, .T. );
#4377 = FILL_AREA_STYLE( '', ( #5386 ) );
#4378 = EDGE_CURVE( '', #5387, #4927, #5388, .T. );
#4379 = EDGE_CURVE( '', #5030, #5387, #5389, .T. );
#4380 = FILL_AREA_STYLE( '', ( #5390 ) );
#4381 = EDGE_CURVE( '', #5391, #5391, #5392, .T. );
#4382 = FILL_AREA_STYLE( '', ( #5393 ) );
#4383 = EDGE_CURVE( '', #5394, #5395, #5396, .T. );
#4384 = EDGE_CURVE( '', #5220, #5395, #5397, .T. );
#4385 = EDGE_CURVE( '', #5218, #5398, #5399, .T. );
#4386 = EDGE_CURVE( '', #5398, #5394, #5400, .T. );
#4387 = FILL_AREA_STYLE( '', ( #5401 ) );
#4388 = EDGE_CURVE( '', #5402, #4890, #5403, .T. );
#4389 = EDGE_CURVE( '', #5402, #5320, #5404, .T. );
#4390 = FILL_AREA_STYLE( '', ( #5405 ) );
#4391 = EDGE_CURVE( '', #4837, #5406, #5407, .T. );
#4392 = EDGE_CURVE( '', #4835, #5408, #5409, .T. );
#4393 = EDGE_CURVE( '', #5406, #5408, #5410, .T. );
#4394 = FILL_AREA_STYLE( '', ( #5411 ) );
#4395 = EDGE_CURVE( '', #4953, #5412, #5413, .T. );
#4396 = EDGE_CURVE( '', #5414, #5412, #5415, .T. );
#4397 = EDGE_CURVE( '', #4955, #5414, #5416, .T. );
#4398 = FILL_AREA_STYLE( '', ( #5417 ) );
#4399 = EDGE_CURVE( '', #5418, #5419, #5420, .T. );
#4400 = EDGE_CURVE( '', #5418, #5190, #5421, .T. );
#4401 = EDGE_CURVE( '', #5191, #5419, #5422, .F. );
#4402 = FILL_AREA_STYLE( '', ( #5423 ) );
#4403 = EDGE_CURVE( '', #5210, #5424, #5425, .T. );
#4404 = EDGE_CURVE( '', #5424, #5426, #5427, .T. );
#4405 = EDGE_CURVE( '', #5426, #5212, #5428, .F. );
#4406 = FILL_AREA_STYLE( '', ( #5429 ) );
#4407 = EDGE_CURVE( '', #5430, #5199, #5431, .T. );
#4408 = EDGE_CURVE( '', #5197, #5090, #5432, .T. );
#4409 = EDGE_CURVE( '', #5430, #5087, #5433, .T. );
#4410 = FILL_AREA_STYLE( '', ( #5434 ) );
#4411 = EDGE_CURVE( '', #4943, #5406, #5435, .T. );
#4412 = EDGE_CURVE( '', #5436, #4944, #5437, .T. );
#4413 = EDGE_CURVE( '', #5436, #5292, #5438, .F. );
#4414 = EDGE_CURVE( '', #5439, #5291, #5440, .T. );
#4415 = EDGE_CURVE( '', #5439, #5137, #5441, .F. );
#4416 = EDGE_CURVE( '', #5135, #5442, #5443, .F. );
#4417 = EDGE_CURVE( '', #5444, #5442, #5445, .T. );
#4418 = EDGE_CURVE( '', #5444, #5446, #5447, .T. );
#4419 = EDGE_CURVE( '', #5446, #4839, #5448, .F. );
#4420 = FILL_AREA_STYLE( '', ( #5449 ) );
#4421 = EDGE_CURVE( '', #5377, #5450, #5451, .T. );
#4422 = EDGE_CURVE( '', #5452, #5450, #5453, .T. );
#4423 = EDGE_CURVE( '', #5105, #5452, #5454, .T. );
#4424 = FILL_AREA_STYLE( '', ( #5455 ) );
#4425 = EDGE_CURVE( '', #5047, #5456, #5457, .T. );
#4426 = EDGE_CURVE( '', #5456, #4982, #5458, .T. );
#4427 = FILL_AREA_STYLE( '', ( #5459 ) );
#4428 = EDGE_CURVE( '', #5460, #5315, #5461, .T. );
#4429 = EDGE_CURVE( '', #5240, #5460, #5462, .T. );
#4430 = FILL_AREA_STYLE( '', ( #5463 ) );
#4431 = EDGE_CURVE( '', #5464, #5464, #5465, .T. );
#4432 = FILL_AREA_STYLE( '', ( #5466 ) );
#4433 = EDGE_CURVE( '', #5467, #5468, #5469, .T. );
#4434 = EDGE_CURVE( '', #5345, #5467, #5470, .T. );
#4435 = EDGE_CURVE( '', #5379, #5099, #5471, .T. );
#4436 = EDGE_CURVE( '', #5472, #5107, #5473, .T. );
#4437 = EDGE_CURVE( '', #5472, #5474, #5475, .T. );
#4438 = EDGE_CURVE( '', #5474, #5476, #5477, .T. );
#4439 = EDGE_CURVE( '', #5478, #5476, #5479, .T. );
#4440 = EDGE_CURVE( '', #5480, #5478, #5481, .T. );
#4441 = EDGE_CURVE( '', #5468, #5480, #5482, .T. );
#4442 = EDGE_CURVE( '', #5483, #5483, #5484, .T. );
#4443 = FILL_AREA_STYLE( '', ( #5485 ) );
#4444 = EDGE_CURVE( '', #5486, #5308, #5487, .T. );
#4445 = EDGE_CURVE( '', #5488, #5486, #5489, .F. );
#4446 = EDGE_CURVE( '', #5303, #5488, #5490, .T. );
#4447 = FILL_AREA_STYLE( '', ( #5491 ) );
#4448 = EDGE_CURVE( '', #4795, #5492, #5493, .T. );
#4449 = EDGE_CURVE( '', #5492, #5450, #5494, .T. );
#4450 = FILL_AREA_STYLE( '', ( #5495 ) );
#4451 = EDGE_CURVE( '', #5496, #5497, #5498, .T. );
#4452 = EDGE_CURVE( '', #5467, #5496, #5499, .T. );
#4453 = EDGE_CURVE( '', #5468, #5497, #5500, .T. );
#4454 = FILL_AREA_STYLE( '', ( #5501 ) );
#4455 = EDGE_CURVE( '', #5502, #4911, #5503, .T. );
#4456 = EDGE_CURVE( '', #5264, #5502, #5504, .T. );
#4457 = FILL_AREA_STYLE( '', ( #5505 ) );
#4458 = EDGE_CURVE( '', #5045, #5436, #5506, .T. );
#4459 = FILL_AREA_STYLE( '', ( #5507 ) );
#4460 = EDGE_CURVE( '', #5355, #5317, #5508, .F. );
#4461 = EDGE_CURVE( '', #5509, #5317, #5510, .T. );
#4462 = EDGE_CURVE( '', #5509, #5511, #5512, .F. );
#4463 = EDGE_CURVE( '', #5511, #4916, #5513, .T. );
#4464 = EDGE_CURVE( '', #5414, #4915, #5514, .T. );
#4465 = EDGE_CURVE( '', #5412, #5515, #5516, .T. );
#4466 = EDGE_CURVE( '', #5356, #5515, #5517, .T. );
#4467 = FILL_AREA_STYLE( '', ( #5518 ) );
#4468 = EDGE_CURVE( '', #5519, #5418, #5520, .F. );
#4469 = EDGE_CURVE( '', #5419, #5521, #5522, .T. );
#4470 = EDGE_CURVE( '', #5523, #5521, #5524, .T. );
#4471 = EDGE_CURVE( '', #5525, #5523, #5526, .T. );
#4472 = EDGE_CURVE( '', #5519, #5525, #5527, .F. );
#4473 = FILL_AREA_STYLE( '', ( #5528 ) );
#4474 = EDGE_CURVE( '', #5529, #5530, #5531, .T. );
#4475 = EDGE_CURVE( '', #5532, #5529, #5533, .F. );
#4476 = EDGE_CURVE( '', #5534, #5532, #5535, .F. );
#4477 = EDGE_CURVE( '', #5530, #5534, #5536, .T. );
#4478 = FILL_AREA_STYLE( '', ( #5537 ) );
#4479 = EDGE_CURVE( '', #5248, #5509, #5538, .T. );
#4480 = EDGE_CURVE( '', #5539, #5248, #5540, .T. );
#4481 = EDGE_CURVE( '', #5511, #5539, #5541, .T. );
#4482 = FILL_AREA_STYLE( '', ( #5542 ) );
#4483 = EDGE_CURVE( '', #5543, #5016, #5544, .T. );
#4484 = EDGE_CURVE( '', #5543, #5299, #5545, .T. );
#4485 = FILL_AREA_STYLE( '', ( #5546 ) );
#4486 = EDGE_CURVE( '', #5064, #5547, #5548, .T. );
#4487 = EDGE_CURVE( '', #5549, #5547, #5550, .T. );
#4488 = EDGE_CURVE( '', #5066, #5549, #5551, .T. );
#4489 = FILL_AREA_STYLE( '', ( #5552 ) );
#4490 = EDGE_CURVE( '', #5351, #5337, #5553, .T. );
#4491 = FILL_AREA_STYLE( '', ( #5554 ) );
#4492 = EDGE_CURVE( '', #5555, #5128, #5556, .T. );
#4493 = EDGE_CURVE( '', #5557, #5126, #5558, .T. );
#4494 = EDGE_CURVE( '', #5557, #5444, #5559, .T. );
#4495 = EDGE_CURVE( '', #5442, #5555, #5560, .F. );
#4496 = FILL_AREA_STYLE( '', ( #5561 ) );
#4497 = EDGE_CURVE( '', #5562, #5563, #5564, .F. );
#4498 = EDGE_CURVE( '', #5269, #5562, #5565, .F. );
#4499 = EDGE_CURVE( '', #5563, #5267, #5566, .T. );
#4500 = FILL_AREA_STYLE( '', ( #5567 ) );
#4501 = EDGE_CURVE( '', #4921, #5486, #5568, .T. );
#4502 = EDGE_CURVE( '', #4923, #5488, #5569, .T. );
#4503 = FILL_AREA_STYLE( '', ( #5570 ) );
#4504 = EDGE_CURVE( '', #4964, #5571, #5572, .T. );
#4505 = EDGE_CURVE( '', #5573, #5571, #5574, .T. );
#4506 = EDGE_CURVE( '', #5575, #5573, #5576, .T. );
#4507 = EDGE_CURVE( '', #5577, #5575, #5578, .T. );
#4508 = EDGE_CURVE( '', #5577, #5579, #5580, .T. );
#4509 = EDGE_CURVE( '', #5579, #5581, #5582, .T. );
#4510 = EDGE_CURVE( '', #5581, #5160, #5583, .T. );
#4511 = FILL_AREA_STYLE( '', ( #5584 ) );
#4512 = EDGE_CURVE( '', #5585, #5586, #5587, .F. );
#4513 = EDGE_CURVE( '', #5180, #5585, #5588, .T. );
#4514 = EDGE_CURVE( '', #5586, #5178, #5589, .F. );
#4515 = FILL_AREA_STYLE( '', ( #5590 ) );
#4516 = EDGE_CURVE( '', #4974, #5502, #5591, .F. );
#4517 = FILL_AREA_STYLE( '', ( #5592 ) );
#4518 = EDGE_CURVE( '', #5593, #5521, #5594, .T. );
#4519 = EDGE_CURVE( '', #5530, #5593, #5595, .T. );
#4520 = EDGE_CURVE( '', #5534, #5523, #5596, .T. );
#4521 = FILL_AREA_STYLE( '', ( #5597 ) );
#4522 = EDGE_CURVE( '', #5598, #5598, #5599, .T. );
#4523 = EDGE_CURVE( '', #5600, #5600, #5601, .T. );
#4524 = FILL_AREA_STYLE( '', ( #5602 ) );
#4525 = EDGE_CURVE( '', #5603, #5383, #5604, .T. );
#4526 = EDGE_CURVE( '', #5603, #5439, #5605, .F. );
#4527 = FILL_AREA_STYLE( '', ( #5606 ) );
#4528 = EDGE_CURVE( '', #4831, #5607, #5608, .T. );
#4529 = EDGE_CURVE( '', #5607, #5446, #5609, .T. );
#4530 = FILL_AREA_STYLE( '', ( #5610 ) );
#4531 = EDGE_CURVE( '', #5586, #5145, #5611, .T. );
#4532 = FILL_AREA_STYLE( '', ( #5612 ) );
#4533 = EDGE_CURVE( '', #5613, #5496, #5614, .T. );
#4534 = EDGE_CURVE( '', #5497, #5615, #5616, .T. );
#4535 = EDGE_CURVE( '', #5615, #5613, #5617, .T. );
#4536 = FILL_AREA_STYLE( '', ( #5618 ) );
#4537 = EDGE_CURVE( '', #5061, #5619, #5620, .T. );
#4538 = EDGE_CURVE( '', #5619, #5621, #5622, .T. );
#4539 = EDGE_CURVE( '', #5623, #5621, #5624, .F. );
#4540 = EDGE_CURVE( '', #5623, #5547, #5625, .F. );
#4541 = FILL_AREA_STYLE( '', ( #5626 ) );
#4542 = FILL_AREA_STYLE( '', ( #5627 ) );
#4543 = EDGE_CURVE( '', #5628, #5532, #5629, .T. );
#4544 = EDGE_CURVE( '', #5529, #4846, #5630, .T. );
#4545 = EDGE_CURVE( '', #4902, #5628, #5631, .T. );
#4546 = FILL_AREA_STYLE( '', ( #5632 ) );
#4547 = EDGE_CURVE( '', #5460, #5402, #5633, .T. );
#4548 = EDGE_CURVE( '', #5509, #5242, #5634, .T. );
#4549 = FILL_AREA_STYLE( '', ( #5635 ) );
#4550 = EDGE_CURVE( '', #5636, #5637, #5638, .T. );
#4551 = EDGE_CURVE( '', #5639, #5637, #5640, .T. );
#4552 = EDGE_CURVE( '', #5641, #5639, #5642, .T. );
#4553 = EDGE_CURVE( '', #5641, #5636, #5643, .T. );
#4554 = FILL_AREA_STYLE( '', ( #5644 ) );
#4555 = EDGE_CURVE( '', #5645, #4905, #5646, .T. );
#4556 = EDGE_CURVE( '', #5647, #5645, #5648, .T. );
#4557 = EDGE_CURVE( '', #4907, #5647, #5649, .T. );
#4558 = FILL_AREA_STYLE( '', ( #5650 ) );
#4559 = EDGE_CURVE( '', #5278, #5519, #5651, .T. );
#4560 = EDGE_CURVE( '', #5525, #5652, #5653, .F. );
#4561 = EDGE_CURVE( '', #5652, #5280, #5654, .T. );
#4562 = FILL_AREA_STYLE( '', ( #5655 ) );
#4563 = EDGE_CURVE( '', #5068, #5656, #5657, .T. );
#4564 = EDGE_CURVE( '', #5656, #5658, #5659, .T. );
#4565 = EDGE_CURVE( '', #5658, #5394, #5660, .T. );
#4566 = EDGE_CURVE( '', #5398, #5661, #5662, .F. );
#4567 = EDGE_CURVE( '', #5661, #5663, #5664, .T. );
#4568 = EDGE_CURVE( '', #5663, #5665, #5666, .T. );
#4569 = EDGE_CURVE( '', #5665, #5092, #5667, .T. );
#4570 = EDGE_CURVE( '', #5668, #5195, #5669, .F. );
#4571 = EDGE_CURVE( '', #5652, #5668, #5670, .F. );
#4572 = EDGE_CURVE( '', #5671, #5628, #5672, .T. );
#4573 = EDGE_CURVE( '', #5673, #5671, #5674, .T. );
#4574 = EDGE_CURVE( '', #5673, #5675, #5676, .F. );
#4575 = EDGE_CURVE( '', #5677, #5675, #5678, .T. );
#4576 = EDGE_CURVE( '', #5062, #5677, #5679, .T. );
#4577 = FILL_AREA_STYLE( '', ( #5680 ) );
#4578 = EDGE_CURVE( '', #5111, #4821, #5681, .T. );
#4579 = FILL_AREA_STYLE( '', ( #5682 ) );
#4580 = FILL_AREA_STYLE( '', ( #5683 ) );
#4581 = EDGE_CURVE( '', #4879, #5684, #5685, .F. );
#4582 = EDGE_CURVE( '', #5686, #5684, #5687, .T. );
#4583 = EDGE_CURVE( '', #4881, #5686, #5688, .T. );
#4584 = FILL_AREA_STYLE( '', ( #5689 ) );
#4585 = FILL_AREA_STYLE( '', ( #5690 ) );
#4586 = EDGE_CURVE( '', #5573, #5691, #5692, .T. );
#4587 = EDGE_CURVE( '', #5693, #5691, #5694, .T. );
#4588 = EDGE_CURVE( '', #5575, #5693, #5695, .T. );
#4589 = FILL_AREA_STYLE( '', ( #5696 ) );
#4590 = EDGE_CURVE( '', #4848, #5645, #5697, .T. );
#4591 = FILL_AREA_STYLE( '', ( #5698 ) );
#4592 = FILL_AREA_STYLE( '', ( #5699 ) );
#4593 = EDGE_CURVE( '', #5700, #5701, #5702, .T. );
#4594 = EDGE_CURVE( '', #5700, #5207, #5703, .F. );
#4595 = EDGE_CURVE( '', #5208, #5673, #5704, .T. );
#4596 = EDGE_CURVE( '', #5701, #5671, #5705, .T. );
#4597 = FILL_AREA_STYLE( '', ( #5706 ) );
#4598 = EDGE_CURVE( '', #5088, #5647, #5707, .T. );
#4599 = EDGE_CURVE( '', #4909, #5665, #5708, .T. );
#4600 = FILL_AREA_STYLE( '', ( #5709 ) );
#4601 = EDGE_CURVE( '', #5333, #5581, #5710, .T. );
#4602 = EDGE_CURVE( '', #5331, #5160, #5711, .T. );
#4603 = FILL_AREA_STYLE( '', ( #5712 ) );
#4604 = FILL_AREA_STYLE( '', ( #5713 ) );
#4605 = EDGE_CURVE( '', #5362, #5714, #5715, .T. );
#4606 = EDGE_CURVE( '', #5714, #5716, #5717, .T. );
#4607 = EDGE_CURVE( '', #5364, #5716, #5718, .T. );
#4608 = FILL_AREA_STYLE( '', ( #5719 ) );
#4609 = EDGE_CURVE( '', #5358, #5720, #5721, .T. );
#4610 = EDGE_CURVE( '', #5720, #5722, #5723, .T. );
#4611 = EDGE_CURVE( '', #5360, #5722, #5724, .T. );
#4612 = FILL_AREA_STYLE( '', ( #5725 ) );
#4613 = EDGE_CURVE( '', #5726, #5727, #5728, .T. );
#4614 = EDGE_CURVE( '', #5729, #5727, #5730, .T. );
#4615 = EDGE_CURVE( '', #5731, #5729, #5732, .T. );
#4616 = EDGE_CURVE( '', #5731, #5726, #5733, .T. );
#4617 = FILL_AREA_STYLE( '', ( #5734 ) );
#4618 = FILL_AREA_STYLE( '', ( #5735 ) );
#4619 = EDGE_CURVE( '', #4933, #5027, #5736, .T. );
#4620 = FILL_AREA_STYLE( '', ( #5737 ) );
#4621 = EDGE_CURVE( '', #5022, #4870, #5738, .T. );
#4622 = FILL_AREA_STYLE( '', ( #5739 ) );
#4623 = EDGE_CURVE( '', #5637, #5726, #5740, .T. );
#4624 = EDGE_CURVE( '', #5639, #5731, #5741, .T. );
#4625 = FILL_AREA_STYLE( '', ( #5742 ) );
#4626 = EDGE_CURVE( '', #5214, #5743, #5744, .F. );
#4627 = EDGE_CURVE( '', #5743, #5745, #5746, .T. );
#4628 = EDGE_CURVE( '', #5745, #5663, #5747, .T. );
#4629 = EDGE_CURVE( '', #5661, #5216, #5748, .F. );
#4630 = FILL_AREA_STYLE( '', ( #5749 ) );
#4631 = FILL_AREA_STYLE( '', ( #5750 ) );
#4632 = EDGE_CURVE( '', #5306, #5327, #5751, .T. );
#4633 = EDGE_CURVE( '', #5329, #5304, #5752, .T. );
#4634 = FILL_AREA_STYLE( '', ( #5753 ) );
#4635 = EDGE_CURVE( '', #5754, #5754, #5755, .T. );
#4636 = EDGE_CURVE( '', #5756, #5756, #5757, .T. );
#4637 = FILL_AREA_STYLE( '', ( #5758 ) );
#4638 = FILL_AREA_STYLE( '', ( #5759 ) );
#4639 = EDGE_CURVE( '', #5593, #5430, #5760, .T. );
#4640 = FILL_AREA_STYLE( '', ( #5761 ) );
#4641 = EDGE_CURVE( '', #5727, #5762, #5763, .T. );
#4642 = EDGE_CURVE( '', #5764, #5762, #5765, .T. );
#4643 = EDGE_CURVE( '', #5729, #5764, #5766, .T. );
#4644 = FILL_AREA_STYLE( '', ( #5767 ) );
#4645 = EDGE_CURVE( '', #4948, #5456, #5768, .T. );
#4646 = FILL_AREA_STYLE( '', ( #5769 ) );
#4647 = EDGE_CURVE( '', #5668, #5275, #5770, .T. );
#4648 = FILL_AREA_STYLE( '', ( #5771 ) );
#4649 = EDGE_CURVE( '', #5246, #5367, #5772, .T. );
#4650 = FILL_AREA_STYLE( '', ( #5773 ) );
#4651 = EDGE_CURVE( '', #5450, #5452, #5774, .T. );
#4652 = EDGE_CURVE( '', #5492, #5775, #5776, .T. );
#4653 = EDGE_CURVE( '', #5452, #5775, #5777, .T. );
#4654 = FILL_AREA_STYLE( '', ( #5778 ) );
#4655 = EDGE_CURVE( '', #5779, #5677, #5780, .T. );
#4656 = EDGE_CURVE( '', #5779, #5781, #5782, .T. );
#4657 = EDGE_CURVE( '', #5619, #5781, #5783, .T. );
#4658 = FILL_AREA_STYLE( '', ( #5784 ) );
#4659 = EDGE_CURVE( '', #5743, #5426, #5785, .T. );
#4660 = FILL_AREA_STYLE( '', ( #5786 ) );
#4661 = EDGE_CURVE( '', #5222, #5779, #5787, .T. );
#4662 = EDGE_CURVE( '', #5675, #5224, #5788, .F. );
#4663 = FILL_AREA_STYLE( '', ( #5789 ) );
#4664 = EDGE_CURVE( '', #5775, #5154, #5790, .F. );
#4665 = EDGE_CURVE( '', #5472, #5151, #5791, .T. );
#4666 = FILL_AREA_STYLE( '', ( #5792 ) );
#4667 = EDGE_CURVE( '', #5424, #5700, #5793, .T. );
#4668 = FILL_AREA_STYLE( '', ( #5794 ) );
#4669 = FILL_AREA_STYLE( '', ( #5795 ) );
#4670 = FILL_AREA_STYLE( '', ( #5796 ) );
#4671 = EDGE_CURVE( '', #5478, #5613, #5797, .T. );
#4672 = EDGE_CURVE( '', #5476, #5156, #5798, .T. );
#4673 = FILL_AREA_STYLE( '', ( #5799 ) );
#4674 = EDGE_CURVE( '', #5658, #5623, #5800, .T. );
#4675 = EDGE_CURVE( '', #5656, #5549, #5801, .T. );
#4676 = FILL_AREA_STYLE( '', ( #5802 ) );
#4677 = EDGE_CURVE( '', #5745, #4973, #5803, .T. );
#4678 = EDGE_CURVE( '', #5701, #5563, #5804, .T. );
#4679 = FILL_AREA_STYLE( '', ( #5805 ) );
#4680 = EDGE_CURVE( '', #5691, #5571, #5806, .T. );
#4681 = FILL_AREA_STYLE( '', ( #5807 ) );
#4682 = EDGE_CURVE( '', #5555, #5133, #5808, .F. );
#4683 = FILL_AREA_STYLE( '', ( #5809 ) );
#4684 = EDGE_CURVE( '', #5132, #5603, #5810, .F. );
#4685 = FILL_AREA_STYLE( '', ( #5811 ) );
#4686 = EDGE_CURVE( '', #5812, #5271, #5813, .T. );
#4687 = EDGE_CURVE( '', #4900, #5812, #5814, .F. );
#4688 = FILL_AREA_STYLE( '', ( #5815 ) );
#4689 = EDGE_CURVE( '', #4857, #5636, #5816, .T. );
#4690 = EDGE_CURVE( '', #5716, #5074, #5817, .T. );
#4691 = EDGE_CURVE( '', #5722, #5714, #5818, .T. );
#4692 = EDGE_CURVE( '', #5515, #5720, #5819, .T. );
#4693 = EDGE_CURVE( '', #5762, #4952, #5820, .T. );
#4694 = FILL_AREA_STYLE( '', ( #5821 ) );
#4695 = EDGE_CURVE( '', #5141, #5822, #5823, .T. );
#4696 = EDGE_CURVE( '', #5822, #5387, #5824, .T. );
#4697 = EDGE_CURVE( '', #4868, #5331, #5825, .T. );
#4698 = FILL_AREA_STYLE( '', ( #5826 ) );
#4699 = EDGE_CURVE( '', #5579, #5335, #5827, .T. );
#4700 = FILL_AREA_STYLE( '', ( #5828 ) );
#4701 = EDGE_CURVE( '', #5829, #5829, #5830, .T. );
#4702 = FILL_AREA_STYLE( '', ( #5831 ) );
#4703 = EDGE_CURVE( '', #5822, #5032, #5832, .F. );
#4704 = FILL_AREA_STYLE( '', ( #5833 ) );
#4705 = EDGE_CURVE( '', #5408, #4946, #5834, .T. );
#4706 = FILL_AREA_STYLE( '', ( #5835 ) );
#4707 = FILL_AREA_STYLE( '', ( #5836 ) );
#4708 = FILL_AREA_STYLE( '', ( #5837 ) );
#4709 = EDGE_CURVE( '', #5577, #5693, #5838, .T. );
#4710 = FILL_AREA_STYLE( '', ( #5839 ) );
#4711 = EDGE_CURVE( '', #5812, #5562, #5840, .T. );
#4712 = FILL_AREA_STYLE( '', ( #5841 ) );
#4713 = FILL_AREA_STYLE( '', ( #5842 ) );
#4714 = FILL_AREA_STYLE( '', ( #5843 ) );
#4715 = FILL_AREA_STYLE( '', ( #5844 ) );
#4716 = EDGE_CURVE( '', #5684, #5539, #5845, .F. );
#4717 = EDGE_CURVE( '', #5686, #5641, #5846, .T. );
#4718 = FILL_AREA_STYLE( '', ( #5847 ) );
#4719 = EDGE_CURVE( '', #5848, #5781, #5849, .T. );
#4720 = EDGE_CURVE( '', #5621, #5848, #5850, .T. );
#4721 = FILL_AREA_STYLE( '', ( #5851 ) );
#4722 = EDGE_CURVE( '', #5764, #4957, #5852, .T. );
#4723 = FILL_AREA_STYLE( '', ( #5853 ) );
#4724 = EDGE_CURVE( '', #5854, #5854, #5855, .T. );
#4725 = FILL_AREA_STYLE( '', ( #5856 ) );
#4726 = EDGE_CURVE( '', #5326, #5349, #5857, .T. );
#4727 = FILL_AREA_STYLE( '', ( #5858 ) );
#4728 = FILL_AREA_STYLE( '', ( #5859 ) );
#4729 = FILL_AREA_STYLE( '', ( #5860 ) );
#4730 = FILL_AREA_STYLE( '', ( #5861 ) );
#4731 = EDGE_CURVE( '', #4787, #5862, #5863, .T. );
#4732 = EDGE_CURVE( '', #5862, #5373, #5864, .T. );
#4733 = EDGE_CURVE( '', #5607, #5557, #5865, .T. );
#4734 = FILL_AREA_STYLE( '', ( #5866 ) );
#4735 = FILL_AREA_STYLE( '', ( #5867 ) );
#4736 = FILL_AREA_STYLE( '', ( #5868 ) );
#4737 = FILL_AREA_STYLE( '', ( #5869 ) );
#4738 = EDGE_CURVE( '', #5480, #5615, #5870, .T. );
#4739 = FILL_AREA_STYLE( '', ( #5871 ) );
#4740 = EDGE_CURVE( '', #4771, #5286, #5872, .T. );
#4741 = EDGE_CURVE( '', #4773, #5285, #5873, .T. );
#4742 = FILL_AREA_STYLE( '', ( #5874 ) );
#4743 = FILL_AREA_STYLE( '', ( #5875 ) );
#4744 = FILL_AREA_STYLE( '', ( #5876 ) );
#4745 = EDGE_CURVE( '', #5474, #5152, #5877, .T. );
#4746 = FILL_AREA_STYLE( '', ( #5878 ) );
#4747 = FILL_AREA_STYLE( '', ( #5879 ) );
#4748 = EDGE_CURVE( '', #5276, #5193, #5880, .F. );
#4749 = FILL_AREA_STYLE( '', ( #5881 ) );
#4750 = EDGE_CURVE( '', #5585, #5371, #5882, .T. );
#4751 = FILL_AREA_STYLE( '', ( #5883 ) );
#4752 = FILL_AREA_STYLE( '', ( #5884 ) );
#4753 = EDGE_CURVE( '', #5848, #5395, #5885, .T. );
#4754 = FILL_AREA_STYLE( '', ( #5886 ) );
#4755 = FILL_AREA_STYLE( '', ( #5887 ) );
#4756 = FILL_AREA_STYLE( '', ( #5888 ) );
#4757 = FILL_AREA_STYLE( '', ( #5889 ) );
#4758 = FILL_AREA_STYLE( '', ( #5890 ) );
#4759 = EDGE_CURVE( '', #5862, #5182, #5891, .T. );
#4760 = FILL_AREA_STYLE( '', ( #5892 ) );
#4761 = EDGE_CURVE( '', #5014, #5543, #5893, .T. );
#4762 = FILL_AREA_STYLE( '', ( #5894 ) );
#4763 = FILL_AREA_STYLE( '', ( #5895 ) );
#4764 = FILL_AREA_STYLE( '', ( #5896 ) );
#4765 = FILL_AREA_STYLE( '', ( #5897 ) );
#4766 = FILL_AREA_STYLE( '', ( #5898 ) );
#4767 = FILL_AREA_STYLE_COLOUR( '', #5899 );
#4768 = VERTEX_POINT( '', #5900 );
#4769 = VERTEX_POINT( '', #5901 );
#4770 = LINE( '', #5902, #5903 );
#4771 = VERTEX_POINT( '', #5904 );
#4772 = CIRCLE( '', #5905, 0.216336018831231 );
#4773 = VERTEX_POINT( '', #5906 );
#4774 = LINE( '', #5907, #5908 );
#4775 = CIRCLE( '', #5909, 0.216336018831231 );
#4776 = FILL_AREA_STYLE_COLOUR( '', #5910 );
#4777 = VERTEX_POINT( '', #5911 );
#4778 = VERTEX_POINT( '', #5912 );
#4779 = LINE( '', #5913, #5914 );
#4780 = VERTEX_POINT( '', #5915 );
#4781 = LINE( '', #5916, #5917 );
#4782 = VERTEX_POINT( '', #5918 );
#4783 = LINE( '', #5919, #5920 );
#4784 = LINE( '', #5921, #5922 );
#4785 = FILL_AREA_STYLE_COLOUR( '', #5923 );
#4786 = VERTEX_POINT( '', #5924 );
#4787 = VERTEX_POINT( '', #5925 );
#4788 = LINE( '', #5926, #5927 );
#4789 = VERTEX_POINT( '', #5928 );
#4790 = LINE( '', #5929, #5930 );
#4791 = VERTEX_POINT( '', #5931 );
#4792 = LINE( '', #5932, #5933 );
#4793 = LINE( '', #5934, #5935 );
#4794 = FILL_AREA_STYLE_COLOUR( '', #5936 );
#4795 = VERTEX_POINT( '', #5937 );
#4796 = VERTEX_POINT( '', #5938 );
#4797 = CIRCLE( '', #5939, 10.5000000000000 );
#4798 = VERTEX_POINT( '', #5940 );
#4799 = LINE( '', #5941, #5942 );
#4800 = VERTEX_POINT( '', #5943 );
#4801 = LINE( '', #5944, #5945 );
#4802 = LINE( '', #5946, #5947 );
#4803 = FILL_AREA_STYLE_COLOUR( '', #5948 );
#4804 = VERTEX_POINT( '', #5949 );
#4805 = CIRCLE( '', #5950, 0.300000000000000 );
#4806 = VERTEX_POINT( '', #5951 );
#4807 = CIRCLE( '', #5952, 0.300000000000000 );
#4808 = FILL_AREA_STYLE_COLOUR( '', #5953 );
#4809 = VERTEX_POINT( '', #5954 );
#4810 = CIRCLE( '', #5955, 0.300000000000000 );
#4811 = FILL_AREA_STYLE_COLOUR( '', #5956 );
#4812 = VERTEX_POINT( '', #5957 );
#4813 = VERTEX_POINT( '', #5958 );
#4814 = CIRCLE( '', #5959, 0.300000000000000 );
#4815 = VERTEX_POINT( '', #5960 );
#4816 = LINE( '', #5961, #5962 );
#4817 = VERTEX_POINT( '', #5963 );
#4818 = CIRCLE( '', #5964, 0.300000000000000 );
#4819 = LINE( '', #5965, #5966 );
#4820 = FILL_AREA_STYLE_COLOUR( '', #5967 );
#4821 = VERTEX_POINT( '', #5968 );
#4822 = VERTEX_POINT( '', #5969 );
#4823 = LINE( '', #5970, #5971 );
#4824 = VERTEX_POINT( '', #5972 );
#4825 = LINE( '', #5973, #5974 );
#4826 = VERTEX_POINT( '', #5975 );
#4827 = LINE( '', #5976, #5977 );
#4828 = LINE( '', #5978, #5979 );
#4829 = FILL_AREA_STYLE_COLOUR( '', #5980 );
#4830 = VERTEX_POINT( '', #5981 );
#4831 = VERTEX_POINT( '', #5982 );
#4832 = LINE( '', #5983, #5984 );
#4833 = VERTEX_POINT( '', #5985 );
#4834 = LINE( '', #5986, #5987 );
#4835 = VERTEX_POINT( '', #5988 );
#4836 = LINE( '', #5989, #5990 );
#4837 = VERTEX_POINT( '', #5991 );
#4838 = CIRCLE( '', #5992, 2.12000000000000 );
#4839 = VERTEX_POINT( '', #5993 );
#4840 = LINE( '', #5994, #5995 );
#4841 = LINE( '', #5996, #5997 );
#4842 = FILL_AREA_STYLE_COLOUR( '', #5998 );
#4843 = VERTEX_POINT( '', #5999 );
#4844 = VERTEX_POINT( '', #6000 );
#4845 = CIRCLE( '', #6001, 0.300000000000000 );
#4846 = VERTEX_POINT( '', #6002 );
#4847 = LINE( '', #6003, #6004 );
#4848 = VERTEX_POINT( '', #6005 );
#4849 = CIRCLE( '', #6006, 0.300000000000000 );
#4850 = LINE( '', #6007, #6008 );
#4851 = FILL_AREA_STYLE_COLOUR( '', #6009 );
#4852 = VERTEX_POINT( '', #6010 );
#4853 = VERTEX_POINT( '', #6011 );
#4854 = CIRCLE( '', #6012, 0.699999999999419 );
#4855 = VERTEX_POINT( '', #6013 );
#4856 = LINE( '', #6014, #6015 );
#4857 = VERTEX_POINT( '', #6016 );
#4858 = CIRCLE( '', #6017, 0.699999999999419 );
#4859 = LINE( '', #6018, #6019 );
#4860 = FILL_AREA_STYLE_COLOUR( '', #6020 );
#4861 = FILL_AREA_STYLE_COLOUR( '', #6021 );
#4862 = VERTEX_POINT( '', #6022 );
#4863 = CIRCLE( '', #6023, 0.300000000000000 );
#4864 = VERTEX_POINT( '', #6024 );
#4865 = CIRCLE( '', #6025, 0.300000000000000 );
#4866 = FILL_AREA_STYLE_COLOUR( '', #6026 );
#4867 = VERTEX_POINT( '', #6027 );
#4868 = VERTEX_POINT( '', #6028 );
#4869 = LINE( '', #6029, #6030 );
#4870 = VERTEX_POINT( '', #6031 );
#4871 = CIRCLE( '', #6032, 0.550000000000000 );
#4872 = VERTEX_POINT( '', #6033 );
#4873 = LINE( '', #6034, #6035 );
#4874 = CIRCLE( '', #6036, 10.0000000000000 );
#4875 = FILL_AREA_STYLE_COLOUR( '', #6037 );
#4876 = VERTEX_POINT( '', #6038 );
#4877 = VERTEX_POINT( '', #6039 );
#4878 = LINE( '', #6040, #6041 );
#4879 = VERTEX_POINT( '', #6042 );
#4880 = CIRCLE( '', #6043, 0.716336018831796 );
#4881 = VERTEX_POINT( '', #6044 );
#4882 = LINE( '', #6045, #6046 );
#4883 = CIRCLE( '', #6047, 0.716336018831796 );
#4884 = FILL_AREA_STYLE_COLOUR( '', #6048 );
#4885 = VERTEX_POINT( '', #6049 );
#4886 = VERTEX_POINT( '', #6050 );
#4887 = CIRCLE( '', #6051, 9.50000000000000 );
#4888 = VERTEX_POINT( '', #6052 );
#4889 = LINE( '', #6053, #6054 );
#4890 = VERTEX_POINT( '', #6055 );
#4891 = CIRCLE( '', #6056, 9.50000000000000 );
#4892 = LINE( '', #6057, #6058 );
#4893 = FILL_AREA_STYLE_COLOUR( '', #6059 );
#4894 = CIRCLE( '', #6060, 0.300000000000000 );
#4895 = CIRCLE( '', #6061, 0.300000000000000 );
#4896 = FILL_AREA_STYLE_COLOUR( '', #6062 );
#4897 = VERTEX_POINT( '', #6063 );
#4898 = VERTEX_POINT( '', #6064 );
#4899 = CIRCLE( '', #6065, 5.35000000000000 );
#4900 = VERTEX_POINT( '', #6066 );
#4901 = LINE( '', #6067, #6068 );
#4902 = VERTEX_POINT( '', #6069 );
#4903 = LINE( '', #6070, #6071 );
#4904 = LINE( '', #6072, #6073 );
#4905 = VERTEX_POINT( '', #6074 );
#4906 = CIRCLE( '', #6075, 10.8250000000000 );
#4907 = VERTEX_POINT( '', #6076 );
#4908 = CIRCLE( '', #6077, 0.300000000000000 );
#4909 = VERTEX_POINT( '', #6078 );
#4910 = LINE( '', #6079, #6080 );
#4911 = VERTEX_POINT( '', #6081 );
#4912 = LINE( '', #6082, #6083 );
#4913 = LINE( '', #6084, #6085 );
#4914 = FILL_AREA_STYLE_COLOUR( '', #6086 );
#4915 = VERTEX_POINT( '', #6087 );
#4916 = VERTEX_POINT( '', #6088 );
#4917 = LINE( '', #6089, #6090 );
#4918 = CIRCLE( '', #6091, 1.19999999999998 );
#4919 = CIRCLE( '', #6092, 1.19999999999998 );
#4920 = FILL_AREA_STYLE_COLOUR( '', #6093 );
#4921 = VERTEX_POINT( '', #6094 );
#4922 = CIRCLE( '', #6095, 0.300000000000000 );
#4923 = VERTEX_POINT( '', #6096 );
#4924 = CIRCLE( '', #6097, 0.300000000000000 );
#4925 = LINE( '', #6098, #6099 );
#4926 = FILL_AREA_STYLE_COLOUR( '', #6100 );
#4927 = VERTEX_POINT( '', #6101 );
#4928 = LINE( '', #6102, #6103 );
#4929 = VERTEX_POINT( '', #6104 );
#4930 = LINE( '', #6105, #6106 );
#4931 = VERTEX_POINT( '', #6107 );
#4932 = LINE( '', #6108, #6109 );
#4933 = VERTEX_POINT( '', #6110 );
#4934 = LINE( '', #6111, #6112 );
#4935 = VERTEX_POINT( '', #6113 );
#4936 = LINE( '', #6114, #6115 );
#4937 = VERTEX_POINT( '', #6116 );
#4938 = LINE( '', #6117, #6118 );
#4939 = VERTEX_POINT( '', #6119 );
#4940 = LINE( '', #6120, #6121 );
#4941 = LINE( '', #6122, #6123 );
#4942 = FILL_AREA_STYLE_COLOUR( '', #6124 );
#4943 = VERTEX_POINT( '', #6125 );
#4944 = VERTEX_POINT( '', #6126 );
#4945 = LINE( '', #6127, #6128 );
#4946 = VERTEX_POINT( '', #6129 );
#4947 = B_SPLINE_CURVE_WITH_KNOTS( '', 3, ( #6130, #6131, #6132, #6133, #6134, #6135, #6136, #6137, #6138, #6139, #6140, #6141, #6142, #6143, #6144, #6145, #6146, #6147 ), .UNSPECIFIED., .F., .F., ( 4, 2, 2, 2, 2, 2, 2, 2, 4 ), ( 0.000000000000000, 0.000541052236846637, 0.00108210447369327, 0.00162315671053991, 0.00216420894738655, 0.00270526118423318, 0.00324631342107982, 0.00378736565792646, 0.00432841789477310 ), .UNSPECIFIED. );
#4948 = VERTEX_POINT( '', #6148 );
#4949 = LINE( '', #6149, #6150 );
#4950 = CIRCLE( '', #6151, 2.12000000000000 );
#4951 = FILL_AREA_STYLE_COLOUR( '', #6152 );
#4952 = VERTEX_POINT( '', #6153 );
#4953 = VERTEX_POINT( '', #6154 );
#4954 = CIRCLE( '', #6155, 0.216336018921858 );
#4955 = VERTEX_POINT( '', #6156 );
#4956 = LINE( '', #6157, #6158 );
#4957 = VERTEX_POINT( '', #6159 );
#4958 = CIRCLE( '', #6160, 0.216336018921858 );
#4959 = LINE( '', #6161, #6162 );
#4960 = FILL_AREA_STYLE_COLOUR( '', #6163 );
#4961 = VERTEX_POINT( '', #6164 );
#4962 = CIRCLE( '', #6165, 0.300000000000000 );
#4963 = FILL_AREA_STYLE_COLOUR( '', #6166 );
#4964 = VERTEX_POINT( '', #6167 );
#4965 = VERTEX_POINT( '', #6168 );
#4966 = CIRCLE( '', #6169, 0.300000000000000 );
#4967 = VERTEX_POINT( '', #6170 );
#4968 = LINE( '', #6171, #6172 );
#4969 = VERTEX_POINT( '', #6173 );
#4970 = CIRCLE( '', #6174, 0.300000000000000 );
#4971 = LINE( '', #6175, #6176 );
#4972 = FILL_AREA_STYLE_COLOUR( '', #6177 );
#4973 = VERTEX_POINT( '', #6178 );
#4974 = VERTEX_POINT( '', #6179 );
#4975 = CIRCLE( '', #6180, 0.300000000000000 );
#4976 = VERTEX_POINT( '', #6181 );
#4977 = LINE( '', #6182, #6183 );
#4978 = VERTEX_POINT( '', #6184 );
#4979 = B_SPLINE_CURVE_WITH_KNOTS( '', 3, ( #6185, #6186, #6187, #6188 ), .UNSPECIFIED., .F., .F., ( 4, 4 ), ( 3.49644694633735E-018, 0.000300387438670036 ), .UNSPECIFIED. );
#4980 = LINE( '', #6189, #6190 );
#4981 = FILL_AREA_STYLE_COLOUR( '', #6191 );
#4982 = VERTEX_POINT( '', #6192 );
#4983 = VERTEX_POINT( '', #6193 );
#4984 = LINE( '', #6194, #6195 );
#4985 = VERTEX_POINT( '', #6196 );
#4986 = LINE( '', #6197, #6198 );
#4987 = VERTEX_POINT( '', #6199 );
#4988 = LINE( '', #6200, #6201 );
#4989 = VERTEX_POINT( '', #6202 );
#4990 = LINE( '', #6203, #6204 );
#4991 = VERTEX_POINT( '', #6205 );
#4992 = LINE( '', #6206, #6207 );
#4993 = LINE( '', #6208, #6209 );
#4994 = FILL_AREA_STYLE_COLOUR( '', #6210 );
#4995 = VERTEX_POINT( '', #6211 );
#4996 = CIRCLE( '', #6212, 0.300000000000000 );
#4997 = VERTEX_POINT( '', #6213 );
#4998 = CIRCLE( '', #6214, 0.300000000000000 );
#4999 = FILL_AREA_STYLE_COLOUR( '', #6215 );
#5000 = VERTEX_POINT( '', #6216 );
#5001 = CIRCLE( '', #6217, 0.300000000000000 );
#5002 = VERTEX_POINT( '', #6218 );
#5003 = LINE( '', #6219, #6220 );
#5004 = VERTEX_POINT( '', #6221 );
#5005 = CIRCLE( '', #6222, 0.300000000000000 );
#5006 = VERTEX_POINT( '', #6223 );
#5007 = LINE( '', #6224, #6225 );
#5008 = VERTEX_POINT( '', #6226 );
#5009 = CIRCLE( '', #6227, 0.300000000000000 );
#5010 = VERTEX_POINT( '', #6228 );
#5011 = LINE( '', #6229, #6230 );
#5012 = VERTEX_POINT( '', #6231 );
#5013 = CIRCLE( '', #6232, 0.300000000000000 );
#5014 = VERTEX_POINT( '', #6233 );
#5015 = LINE( '', #6234, #6235 );
#5016 = VERTEX_POINT( '', #6236 );
#5017 = LINE( '', #6237, #6238 );
#5018 = VERTEX_POINT( '', #6239 );
#5019 = LINE( '', #6240, #6241 );
#5020 = VERTEX_POINT( '', #6242 );
#5021 = LINE( '', #6243, #6244 );
#5022 = VERTEX_POINT( '', #6245 );
#5023 = LINE( '', #6246, #6247 );
#5024 = CIRCLE( '', #6248, 0.550000000000000 );
#5025 = VERTEX_POINT( '', #6249 );
#5026 = LINE( '', #6250, #6251 );
#5027 = VERTEX_POINT( '', #6252 );
#5028 = LINE( '', #6253, #6254 );
#5029 = LINE( '', #6255, #6256 );
#5030 = VERTEX_POINT( '', #6257 );
#5031 = CIRCLE( '', #6258, 0.300000000000000 );
#5032 = VERTEX_POINT( '', #6259 );
#5033 = LINE( '', #6260, #6261 );
#5034 = VERTEX_POINT( '', #6262 );
#5035 = CIRCLE( '', #6263, 0.300000000000000 );
#5036 = LINE( '', #6264, #6265 );
#5037 = VERTEX_POINT( '', #6266 );
#5038 = LINE( '', #6267, #6268 );
#5039 = VERTEX_POINT( '', #6269 );
#5040 = CIRCLE( '', #6270, 0.300000000000000 );
#5041 = VERTEX_POINT( '', #6271 );
#5042 = LINE( '', #6272, #6273 );
#5043 = VERTEX_POINT( '', #6274 );
#5044 = LINE( '', #6275, #6276 );
#5045 = VERTEX_POINT( '', #6277 );
#5046 = CIRCLE( '', #6278, 0.300000000000000 );
#5047 = VERTEX_POINT( '', #6279 );
#5048 = LINE( '', #6280, #6281 );
#5049 = LINE( '', #6282, #6283 );
#5050 = VERTEX_POINT( '', #6284 );
#5051 = CIRCLE( '', #6285, 0.300000000000000 );
#5052 = VERTEX_POINT( '', #6286 );
#5053 = CIRCLE( '', #6287, 0.300000000000000 );
#5054 = VERTEX_POINT( '', #6288 );
#5055 = CIRCLE( '', #6289, 0.300000000000000 );
#5056 = VERTEX_POINT( '', #6290 );
#5057 = CIRCLE( '', #6291, 0.300000000000000 );
#5058 = FILL_AREA_STYLE_COLOUR( '', #6292 );
#5059 = LINE( '', #6293, #6294 );
#5060 = FILL_AREA_STYLE_COLOUR( '', #6295 );
#5061 = VERTEX_POINT( '', #6296 );
#5062 = VERTEX_POINT( '', #6297 );
#5063 = LINE( '', #6298, #6299 );
#5064 = VERTEX_POINT( '', #6300 );
#5065 = ELLIPSE( '', #6301, 0.386182271636872, 0.350000000000000 );
#5066 = VERTEX_POINT( '', #6302 );
#5067 = LINE( '', #6303, #6304 );
#5068 = VERTEX_POINT( '', #6305 );
#5069 = LINE( '', #6306, #6307 );
#5070 = LINE( '', #6308, #6309 );
#5071 = FILL_AREA_STYLE_COLOUR( '', #6310 );
#5072 = VERTEX_POINT( '', #6311 );
#5073 = CIRCLE( '', #6312, 0.716336018831796 );
#5074 = VERTEX_POINT( '', #6313 );
#5075 = LINE( '', #6314, #6315 );
#5076 = CIRCLE( '', #6316, 0.716336018831796 );
#5077 = FILL_AREA_STYLE_COLOUR( '', #6317 );
#5078 = VERTEX_POINT( '', #6318 );
#5079 = VERTEX_POINT( '', #6319 );
#5080 = LINE( '', #6320, #6321 );
#5081 = VERTEX_POINT( '', #6322 );
#5082 = LINE( '', #6323, #6324 );
#5083 = VERTEX_POINT( '', #6325 );
#5084 = LINE( '', #6326, #6327 );
#5085 = LINE( '', #6328, #6329 );
#5086 = FILL_AREA_STYLE_COLOUR( '', #6330 );
#5087 = VERTEX_POINT( '', #6331 );
#5088 = VERTEX_POINT( '', #6332 );
#5089 = CIRCLE( '', #6333, 0.300000000000000 );
#5090 = VERTEX_POINT( '', #6334 );
#5091 = LINE( '', #6335, #6336 );
#5092 = VERTEX_POINT( '', #6337 );
#5093 = CIRCLE( '', #6338, 0.300000000000000 );
#5094 = LINE( '', #6339, #6340 );
#5095 = FILL_AREA_STYLE_COLOUR( '', #6341 );
#5096 = VERTEX_POINT( '', #6342 );
#5097 = CIRCLE( '', #6343, 0.300000000000000 );
#5098 = FILL_AREA_STYLE_COLOUR( '', #6344 );
#5099 = VERTEX_POINT( '', #6345 );
#5100 = LINE( '', #6346, #6347 );
#5101 = VERTEX_POINT( '', #6348 );
#5102 = LINE( '', #6349, #6350 );
#5103 = LINE( '', #6351, #6352 );
#5104 = FILL_AREA_STYLE_COLOUR( '', #6353 );
#5105 = VERTEX_POINT( '', #6354 );
#5106 = CIRCLE( '', #6355, 0.300000000000000 );
#5107 = VERTEX_POINT( '', #6356 );
#5108 = LINE( '', #6357, #6358 );
#5109 = CIRCLE( '', #6359, 0.300000000000000 );
#5110 = FILL_AREA_STYLE_COLOUR( '', #6360 );
#5111 = VERTEX_POINT( '', #6361 );
#5112 = LINE( '', #6362, #6363 );
#5113 = VERTEX_POINT( '', #6364 );
#5114 = LINE( '', #6365, #6366 );
#5115 = LINE( '', #6367, #6368 );
#5116 = FILL_AREA_STYLE_COLOUR( '', #6369 );
#5117 = VERTEX_POINT( '', #6370 );
#5118 = CIRCLE( '', #6371, 0.300000000000000 );
#5119 = FILL_AREA_STYLE_COLOUR( '', #6372 );
#5120 = VERTEX_POINT( '', #6373 );
#5121 = VERTEX_POINT( '', #6374 );
#5122 = LINE( '', #6375, #6376 );
#5123 = LINE( '', #6377, #6378 );
#5124 = LINE( '', #6379, #6380 );
#5125 = FILL_AREA_STYLE_COLOUR( '', #6381 );
#5126 = VERTEX_POINT( '', #6382 );
#5127 = CIRCLE( '', #6383, 0.300000000000000 );
#5128 = VERTEX_POINT( '', #6384 );
#5129 = LINE( '', #6385, #6386 );
#5130 = CIRCLE( '', #6387, 0.300000000000000 );
#5131 = FILL_AREA_STYLE_COLOUR( '', #6388 );
#5132 = VERTEX_POINT( '', #6389 );
#5133 = VERTEX_POINT( '', #6390 );
#5134 = CIRCLE( '', #6391, 10.5000000000000 );
#5135 = VERTEX_POINT( '', #6392 );
#5136 = LINE( '', #6393, #6394 );
#5137 = VERTEX_POINT( '', #6395 );
#5138 = CIRCLE( '', #6396, 10.5000000000000 );
#5139 = LINE( '', #6397, #6398 );
#5140 = FILL_AREA_STYLE_COLOUR( '', #6399 );
#5141 = VERTEX_POINT( '', #6400 );
#5142 = LINE( '', #6401, #6402 );
#5143 = LINE( '', #6403, #6404 );
#5144 = FILL_AREA_STYLE_COLOUR( '', #6405 );
#5145 = VERTEX_POINT( '', #6406 );
#5146 = CIRCLE( '', #6407, 0.300000000000000 );
#5147 = VERTEX_POINT( '', #6408 );
#5148 = LINE( '', #6409, #6410 );
#5149 = CIRCLE( '', #6411, 0.300000000000000 );
#5150 = FILL_AREA_STYLE_COLOUR( '', #6412 );
#5151 = VERTEX_POINT( '', #6413 );
#5152 = VERTEX_POINT( '', #6414 );
#5153 = LINE( '', #6415, #6416 );
#5154 = VERTEX_POINT( '', #6417 );
#5155 = LINE( '', #6418, #6419 );
#5156 = VERTEX_POINT( '', #6420 );
#5157 = CIRCLE( '', #6421, 10.5000000000000 );
#5158 = LINE( '', #6422, #6423 );
#5159 = FILL_AREA_STYLE_COLOUR( '', #6424 );
#5160 = VERTEX_POINT( '', #6425 );
#5161 = LINE( '', #6426, #6427 );
#5162 = CIRCLE( '', #6428, 10.0000000000000 );
#5163 = VERTEX_POINT( '', #6429 );
#5164 = LINE( '', #6430, #6431 );
#5165 = VERTEX_POINT( '', #6432 );
#5166 = CIRCLE( '', #6433, 0.300000000000000 );
#5167 = VERTEX_POINT( '', #6434 );
#5168 = LINE( '', #6435, #6436 );
#5169 = VERTEX_POINT( '', #6437 );
#5170 = CIRCLE( '', #6438, 0.300000000000000 );
#5171 = VERTEX_POINT( '', #6439 );
#5172 = LINE( '', #6440, #6441 );
#5173 = VERTEX_POINT( '', #6442 );
#5174 = CIRCLE( '', #6443, 0.300000000000000 );
#5175 = VERTEX_POINT( '', #6444 );
#5176 = LINE( '', #6445, #6446 );
#5177 = CIRCLE( '', #6447, 0.300000000000000 );
#5178 = VERTEX_POINT( '', #6448 );
#5179 = CIRCLE( '', #6449, 10.5000000000000 );
#5180 = VERTEX_POINT( '', #6450 );
#5181 = CIRCLE( '', #6451, 0.300000000000000 );
#5182 = VERTEX_POINT( '', #6452 );
#5183 = LINE( '', #6453, #6454 );
#5184 = CIRCLE( '', #6455, 0.300000000000000 );
#5185 = CIRCLE( '', #6456, 0.300000000000000 );
#5186 = FILL_AREA_STYLE_COLOUR( '', #6457 );
#5187 = LINE( '', #6458, #6459 );
#5188 = LINE( '', #6460, #6461 );
#5189 = FILL_AREA_STYLE_COLOUR( '', #6462 );
#5190 = VERTEX_POINT( '', #6463 );
#5191 = VERTEX_POINT( '', #6464 );
#5192 = LINE( '', #6465, #6466 );
#5193 = VERTEX_POINT( '', #6467 );
#5194 = ELLIPSE( '', #6468, 1.07832924685376, 0.350000000000000 );
#5195 = VERTEX_POINT( '', #6469 );
#5196 = LINE( '', #6470, #6471 );
#5197 = VERTEX_POINT( '', #6472 );
#5198 = LINE( '', #6473, #6474 );
#5199 = VERTEX_POINT( '', #6475 );
#5200 = LINE( '', #6476, #6477 );
#5201 = LINE( '', #6478, #6479 );
#5202 = FILL_AREA_STYLE_COLOUR( '', #6480 );
#5203 = VERTEX_POINT( '', #6481 );
#5204 = LINE( '', #6482, #6483 );
#5205 = LINE( '', #6484, #6485 );
#5206 = FILL_AREA_STYLE_COLOUR( '', #6486 );
#5207 = VERTEX_POINT( '', #6487 );
#5208 = VERTEX_POINT( '', #6488 );
#5209 = LINE( '', #6489, #6490 );
#5210 = VERTEX_POINT( '', #6491 );
#5211 = CIRCLE( '', #6492, 0.300000000000000 );
#5212 = VERTEX_POINT( '', #6493 );
#5213 = CIRCLE( '', #6494, 10.8250000000000 );
#5214 = VERTEX_POINT( '', #6495 );
#5215 = CIRCLE( '', #6496, 0.300000000000000 );
#5216 = VERTEX_POINT( '', #6497 );
#5217 = LINE( '', #6498, #6499 );
#5218 = VERTEX_POINT( '', #6500 );
#5219 = CIRCLE( '', #6501, 0.300000000000000 );
#5220 = VERTEX_POINT( '', #6502 );
#5221 = LINE( '', #6503, #6504 );
#5222 = VERTEX_POINT( '', #6505 );
#5223 = LINE( '', #6506, #6507 );
#5224 = VERTEX_POINT( '', #6508 );
#5225 = LINE( '', #6509, #6510 );
#5226 = CIRCLE( '', #6511, 0.300000000000000 );
#5227 = FILL_AREA_STYLE_COLOUR( '', #6512 );
#5228 = VERTEX_POINT( '', #6513 );
#5229 = CIRCLE( '', #6514, 0.300000000000000 );
#5230 = VERTEX_POINT( '', #6515 );
#5231 = LINE( '', #6516, #6517 );
#5232 = CIRCLE( '', #6518, 0.300000000000000 );
#5233 = FILL_AREA_STYLE_COLOUR( '', #6519 );
#5234 = VERTEX_POINT( '', #6520 );
#5235 = CIRCLE( '', #6521, 0.300000000000000 );
#5236 = FILL_AREA_STYLE_COLOUR( '', #6522 );
#5237 = VERTEX_POINT( '', #6523 );
#5238 = VERTEX_POINT( '', #6524 );
#5239 = CIRCLE( '', #6525, 10.0000000000000 );
#5240 = VERTEX_POINT( '', #6526 );
#5241 = LINE( '', #6527, #6528 );
#5242 = VERTEX_POINT( '', #6529 );
#5243 = CIRCLE( '', #6530, 10.0000000000000 );
#5244 = LINE( '', #6531, #6532 );
#5245 = FILL_AREA_STYLE_COLOUR( '', #6533 );
#5246 = VERTEX_POINT( '', #6534 );
#5247 = CIRCLE( '', #6535, 10.0000000000000 );
#5248 = VERTEX_POINT( '', #6536 );
#5249 = LINE( '', #6537, #6538 );
#5250 = CIRCLE( '', #6539, 10.0000000000000 );
#5251 = FILL_AREA_STYLE_COLOUR( '', #6540 );
#5252 = LINE( '', #6541, #6542 );
#5253 = LINE( '', #6543, #6544 );
#5254 = FILL_AREA_STYLE_COLOUR( '', #6545 );
#5255 = LINE( '', #6546, #6547 );
#5256 = FILL_AREA_STYLE_COLOUR( '', #6548 );
#5257 = VERTEX_POINT( '', #6549 );
#5258 = CIRCLE( '', #6550, 1.00000000000000 );
#5259 = VERTEX_POINT( '', #6551 );
#5260 = CIRCLE( '', #6552, 1.00000000000000 );
#5261 = FILL_AREA_STYLE_COLOUR( '', #6553 );
#5262 = VERTEX_POINT( '', #6554 );
#5263 = CIRCLE( '', #6555, 5.35000000000000 );
#5264 = VERTEX_POINT( '', #6556 );
#5265 = B_SPLINE_CURVE_WITH_KNOTS( '', 3, ( #6557, #6558, #6559, #6560 ), .UNSPECIFIED., .F., .F., ( 4, 4 ), ( 0.000000000000000, 0.000300735723566912 ), .UNSPECIFIED. );
#5266 = B_SPLINE_CURVE_WITH_KNOTS( '', 3, ( #6561, #6562, #6563, #6564, #6565, #6566, #6567, #6568, #6569, #6570, #6571, #6572, #6573, #6574, #6575, #6576, #6577, #6578 ), .UNSPECIFIED., .F., .F., ( 4, 2, 2, 2, 2, 2, 2, 2, 4 ), ( 0.00692732038335858, 0.00763689009110656, 0.00834645979885453, 0.00905602950660250, 0.00976559921435048, 0.0104751689220985, 0.0111847386298464, 0.0118943083375944, 0.0126038780453424 ), .UNSPECIFIED. );
#5267 = VERTEX_POINT( '', #6579 );
#5268 = CIRCLE( '', #6580, 5.35000000000000 );
#5269 = VERTEX_POINT( '', #6581 );
#5270 = B_SPLINE_CURVE_WITH_KNOTS( '', 3, ( #6582, #6583, #6584, #6585 ), .UNSPECIFIED., .F., .F., ( 4, 4 ), ( 0.000000000000000, 0.000300735723566912 ), .UNSPECIFIED. );
#5271 = VERTEX_POINT( '', #6586 );
#5272 = B_SPLINE_CURVE_WITH_KNOTS( '', 3, ( #6587, #6588, #6589, #6590, #6591, #6592, #6593, #6594, #6595, #6596, #6597, #6598, #6599, #6600, #6601, #6602, #6603, #6604 ), .UNSPECIFIED., .F., .F., ( 4, 2, 2, 2, 2, 2, 2, 2, 4 ), ( 0.00692732038335858, 0.00763689009110656, 0.00834645979885453, 0.00905602950660251, 0.00976559921435048, 0.0104751689220985, 0.0111847386298464, 0.0118943083375944, 0.0126038780453424 ), .UNSPECIFIED. );
#5273 = B_SPLINE_CURVE_WITH_KNOTS( '', 3, ( #6605, #6606, #6607, #6608 ), .UNSPECIFIED., .F., .F., ( 4, 4 ), ( 3.49644694633735E-018, 0.000300387438670036 ), .UNSPECIFIED. );
#5274 = FILL_AREA_STYLE_COLOUR( '', #6609 );
#5275 = VERTEX_POINT( '', #6610 );
#5276 = VERTEX_POINT( '', #6611 );
#5277 = LINE( '', #6612, #6613 );
#5278 = VERTEX_POINT( '', #6614 );
#5279 = LINE( '', #6615, #6616 );
#5280 = VERTEX_POINT( '', #6617 );
#5281 = LINE( '', #6618, #6619 );
#5282 = LINE( '', #6620, #6621 );
#5283 = FILL_AREA_STYLE_COLOUR( '', #6622 );
#5284 = FILL_AREA_STYLE_COLOUR( '', #6623 );
#5285 = VERTEX_POINT( '', #6624 );
#5286 = VERTEX_POINT( '', #6625 );
#5287 = LINE( '', #6626, #6627 );
#5288 = LINE( '', #6628, #6629 );
#5289 = LINE( '', #6630, #6631 );
#5290 = FILL_AREA_STYLE_COLOUR( '', #6632 );
#5291 = VERTEX_POINT( '', #6633 );
#5292 = VERTEX_POINT( '', #6634 );
#5293 = LINE( '', #6635, #6636 );
#5294 = LINE( '', #6637, #6638 );
#5295 = LINE( '', #6639, #6640 );
#5296 = FILL_AREA_STYLE_COLOUR( '', #6641 );
#5297 = LINE( '', #6642, #6643 );
#5298 = FILL_AREA_STYLE_COLOUR( '', #6644 );
#5299 = VERTEX_POINT( '', #6645 );
#5300 = LINE( '', #6646, #6647 );
#5301 = LINE( '', #6648, #6649 );
#5302 = FILL_AREA_STYLE_COLOUR( '', #6650 );
#5303 = VERTEX_POINT( '', #6651 );
#5304 = VERTEX_POINT( '', #6652 );
#5305 = LINE( '', #6653, #6654 );
#5306 = VERTEX_POINT( '', #6655 );
#5307 = LINE( '', #6656, #6657 );
#5308 = VERTEX_POINT( '', #6658 );
#5309 = LINE( '', #6659, #6660 );
#5310 = LINE( '', #6661, #6662 );
#5311 = FILL_AREA_STYLE_COLOUR( '', #6663 );
#5312 = VERTEX_POINT( '', #6664 );
#5313 = CIRCLE( '', #6665, 0.300000000000000 );
#5314 = FILL_AREA_STYLE_COLOUR( '', #6666 );
#5315 = VERTEX_POINT( '', #6667 );
#5316 = LINE( '', #6668, #6669 );
#5317 = VERTEX_POINT( '', #6670 );
#5318 = CIRCLE( '', #6671, 9.50000000000000 );
#5319 = LINE( '', #6672, #6673 );
#5320 = VERTEX_POINT( '', #6674 );
#5321 = LINE( '', #6675, #6676 );
#5322 = LINE( '', #6677, #6678 );
#5323 = FILL_AREA_STYLE_COLOUR( '', #6679 );
#5324 = LINE( '', #6680, #6681 );
#5325 = FILL_AREA_STYLE_COLOUR( '', #6682 );
#5326 = VERTEX_POINT( '', #6683 );
#5327 = VERTEX_POINT( '', #6684 );
#5328 = LINE( '', #6685, #6686 );
#5329 = VERTEX_POINT( '', #6687 );
#5330 = LINE( '', #6688, #6689 );
#5331 = VERTEX_POINT( '', #6690 );
#5332 = LINE( '', #6691, #6692 );
#5333 = VERTEX_POINT( '', #6693 );
#5334 = LINE( '', #6694, #6695 );
#5335 = VERTEX_POINT( '', #6696 );
#5336 = LINE( '', #6697, #6698 );
#5337 = VERTEX_POINT( '', #6699 );
#5338 = LINE( '', #6700, #6701 );
#5339 = VERTEX_POINT( '', #6702 );
#5340 = LINE( '', #6703, #6704 );
#5341 = VERTEX_POINT( '', #6705 );
#5342 = LINE( '', #6706, #6707 );
#5343 = LINE( '', #6708, #6709 );
#5344 = FILL_AREA_STYLE_COLOUR( '', #6710 );
#5345 = VERTEX_POINT( '', #6711 );
#5346 = LINE( '', #6712, #6713 );
#5347 = LINE( '', #6714, #6715 );
#5348 = FILL_AREA_STYLE_COLOUR( '', #6716 );
#5349 = VERTEX_POINT( '', #6717 );
#5350 = LINE( '', #6718, #6719 );
#5351 = VERTEX_POINT( '', #6720 );
#5352 = LINE( '', #6721, #6722 );
#5353 = LINE( '', #6723, #6724 );
#5354 = FILL_AREA_STYLE_COLOUR( '', #6725 );
#5355 = VERTEX_POINT( '', #6726 );
#5356 = VERTEX_POINT( '', #6727 );
#5357 = CIRCLE( '', #6728, 738.529191947733 );
#5358 = VERTEX_POINT( '', #6729 );
#5359 = CIRCLE( '', #6730, 1.19999999999998 );
#5360 = VERTEX_POINT( '', #6731 );
#5361 = CIRCLE( '', #6732, 0.216336018831231 );
#5362 = VERTEX_POINT( '', #6733 );
#5363 = LINE( '', #6734, #6735 );
#5364 = VERTEX_POINT( '', #6736 );
#5365 = LINE( '', #6737, #6738 );
#5366 = LINE( '', #6739, #6740 );
#5367 = VERTEX_POINT( '', #6741 );
#5368 = CIRCLE( '', #6742, 738.029191947733 );
#5369 = LINE( '', #6743, #6744 );
#5370 = FILL_AREA_STYLE_COLOUR( '', #6745 );
#5371 = VERTEX_POINT( '', #6746 );
#5372 = LINE( '', #6747, #6748 );
#5373 = VERTEX_POINT( '', #6749 );
#5374 = LINE( '', #6750, #6751 );
#5375 = LINE( '', #6752, #6753 );
#5376 = FILL_AREA_STYLE_COLOUR( '', #6754 );
#5377 = VERTEX_POINT( '', #6755 );
#5378 = CIRCLE( '', #6756, 0.300000000000000 );
#5379 = VERTEX_POINT( '', #6757 );
#5380 = CIRCLE( '', #6758, 0.300000000000000 );
#5381 = LINE( '', #6759, #6760 );
#5382 = FILL_AREA_STYLE_COLOUR( '', #6761 );
#5383 = VERTEX_POINT( '', #6762 );
#5384 = CIRCLE( '', #6763, 0.300000000000000 );
#5385 = LINE( '', #6764, #6765 );
#5386 = FILL_AREA_STYLE_COLOUR( '', #6766 );
#5387 = VERTEX_POINT( '', #6767 );
#5388 = CIRCLE( '', #6768, 0.300000000000000 );
#5389 = LINE( '', #6769, #6770 );
#5390 = FILL_AREA_STYLE_COLOUR( '', #6771 );
#5391 = VERTEX_POINT( '', #6772 );
#5392 = CIRCLE( '', #6773, 0.300000000000000 );
#5393 = FILL_AREA_STYLE_COLOUR( '', #6774 );
#5394 = VERTEX_POINT( '', #6775 );
#5395 = VERTEX_POINT( '', #6776 );
#5396 = LINE( '', #6777, #6778 );
#5397 = LINE( '', #6779, #6780 );
#5398 = VERTEX_POINT( '', #6781 );
#5399 = LINE( '', #6782, #6783 );
#5400 = LINE( '', #6784, #6785 );
#5401 = FILL_AREA_STYLE_COLOUR( '', #6786 );
#5402 = VERTEX_POINT( '', #6787 );
#5403 = LINE( '', #6788, #6789 );
#5404 = LINE( '', #6790, #6791 );
#5405 = FILL_AREA_STYLE_COLOUR( '', #6792 );
#5406 = VERTEX_POINT( '', #6793 );
#5407 = LINE( '', #6794, #6795 );
#5408 = VERTEX_POINT( '', #6796 );
#5409 = LINE( '', #6797, #6798 );
#5410 = B_SPLINE_CURVE_WITH_KNOTS( '', 3, ( #6799, #6800, #6801, #6802, #6803, #6804, #6805, #6806, #6807, #6808, #6809, #6810, #6811, #6812, #6813, #6814, #6815, #6816 ), .UNSPECIFIED., .F., .F., ( 4, 2, 2, 2, 2, 2, 2, 2, 4 ), ( 0.000000000000000, 0.000541052236846637, 0.00108210447369327, 0.00162315671053991, 0.00216420894738655, 0.00270526118423319, 0.00324631342107982, 0.00378736565792646, 0.00432841789477310 ), .UNSPECIFIED. );
#5411 = FILL_AREA_STYLE_COLOUR( '', #6817 );
#5412 = VERTEX_POINT( '', #6818 );
#5413 = CIRCLE( '', #6819, 1.20000000015030 );
#5414 = VERTEX_POINT( '', #6820 );
#5415 = LINE( '', #6821, #6822 );
#5416 = CIRCLE( '', #6823, 1.20000000015030 );
#5417 = FILL_AREA_STYLE_COLOUR( '', #6824 );
#5418 = VERTEX_POINT( '', #6825 );
#5419 = VERTEX_POINT( '', #6826 );
#5420 = LINE( '', #6827, #6828 );
#5421 = LINE( '', #6829, #6830 );
#5422 = LINE( '', #6831, #6832 );
#5423 = FILL_AREA_STYLE_COLOUR( '', #6833 );
#5424 = VERTEX_POINT( '', #6834 );
#5425 = LINE( '', #6835, #6836 );
#5426 = VERTEX_POINT( '', #6837 );
#5427 = CIRCLE( '', #6838, 10.8250000000000 );
#5428 = LINE( '', #6839, #6840 );
#5429 = FILL_AREA_STYLE_COLOUR( '', #6841 );
#5430 = VERTEX_POINT( '', #6842 );
#5431 = LINE( '', #6843, #6844 );
#5432 = LINE( '', #6845, #6846 );
#5433 = LINE( '', #6847, #6848 );
#5434 = FILL_AREA_STYLE_COLOUR( '', #6849 );
#5435 = CIRCLE( '', #6850, 5.47500000000000 );
#5436 = VERTEX_POINT( '', #6851 );
#5437 = LINE( '', #6852, #6853 );
#5438 = CIRCLE( '', #6854, 0.300000000000000 );
#5439 = VERTEX_POINT( '', #6855 );
#5440 = LINE( '', #6856, #6857 );
#5441 = CIRCLE( '', #6858, 0.300000000000000 );
#5442 = VERTEX_POINT( '', #6859 );
#5443 = CIRCLE( '', #6860, 0.300000000000000 );
#5444 = VERTEX_POINT( '', #6861 );
#5445 = LINE( '', #6862, #6863 );
#5446 = VERTEX_POINT( '', #6864 );
#5447 = LINE( '', #6865, #6866 );
#5448 = CIRCLE( '', #6867, 0.300000000000000 );
#5449 = FILL_AREA_STYLE_COLOUR( '', #6868 );
#5450 = VERTEX_POINT( '', #6869 );
#5451 = LINE( '', #6870, #6871 );
#5452 = VERTEX_POINT( '', #6872 );
#5453 = CIRCLE( '', #6873, 10.0000000000000 );
#5454 = LINE( '', #6874, #6875 );
#5455 = FILL_AREA_STYLE_COLOUR( '', #6876 );
#5456 = VERTEX_POINT( '', #6877 );
#5457 = LINE( '', #6878, #6879 );
#5458 = LINE( '', #6880, #6881 );
#5459 = FILL_AREA_STYLE_COLOUR( '', #6882 );
#5460 = VERTEX_POINT( '', #6883 );
#5461 = LINE( '', #6884, #6885 );
#5462 = LINE( '', #6886, #6887 );
#5463 = FILL_AREA_STYLE_COLOUR( '', #6888 );
#5464 = VERTEX_POINT( '', #6889 );
#5465 = CIRCLE( '', #6890, 0.300000000000000 );
#5466 = FILL_AREA_STYLE_COLOUR( '', #6891 );
#5467 = VERTEX_POINT( '', #6892 );
#5468 = VERTEX_POINT( '', #6893 );
#5469 = LINE( '', #6894, #6895 );
#5470 = CIRCLE( '', #6896, 10.5000000000000 );
#5471 = LINE( '', #6897, #6898 );
#5472 = VERTEX_POINT( '', #6899 );
#5473 = LINE( '', #6900, #6901 );
#5474 = VERTEX_POINT( '', #6902 );
#5475 = LINE( '', #6903, #6904 );
#5476 = VERTEX_POINT( '', #6905 );
#5477 = LINE( '', #6906, #6907 );
#5478 = VERTEX_POINT( '', #6908 );
#5479 = CIRCLE( '', #6909, 10.5000000000000 );
#5480 = VERTEX_POINT( '', #6910 );
#5481 = LINE( '', #6911, #6912 );
#5482 = LINE( '', #6913, #6914 );
#5483 = VERTEX_POINT( '', #6915 );
#5484 = CIRCLE( '', #6916, 5.47500000000000 );
#5485 = FILL_AREA_STYLE_COLOUR( '', #6917 );
#5486 = VERTEX_POINT( '', #6918 );
#5487 = CIRCLE( '', #6919, 0.300000000000000 );
#5488 = VERTEX_POINT( '', #6920 );
#5489 = LINE( '', #6921, #6922 );
#5490 = CIRCLE( '', #6923, 0.300000000000000 );
#5491 = FILL_AREA_STYLE_COLOUR( '', #6924 );
#5492 = VERTEX_POINT( '', #6925 );
#5493 = LINE( '', #6926, #6927 );
#5494 = LINE( '', #6928, #6929 );
#5495 = FILL_AREA_STYLE_COLOUR( '', #6930 );
#5496 = VERTEX_POINT( '', #6931 );
#5497 = VERTEX_POINT( '', #6932 );
#5498 = LINE( '', #6933, #6934 );
#5499 = LINE( '', #6935, #6936 );
#5500 = LINE( '', #6937, #6938 );
#5501 = FILL_AREA_STYLE_COLOUR( '', #6939 );
#5502 = VERTEX_POINT( '', #6940 );
#5503 = CIRCLE( '', #6941, 0.300000000000000 );
#5504 = LINE( '', #6942, #6943 );
#5505 = FILL_AREA_STYLE_COLOUR( '', #6944 );
#5506 = LINE( '', #6945, #6946 );
#5507 = FILL_AREA_STYLE_COLOUR( '', #6947 );
#5508 = LINE( '', #6948, #6949 );
#5509 = VERTEX_POINT( '', #6950 );
#5510 = LINE( '', #6951, #6952 );
#5511 = VERTEX_POINT( '', #6953 );
#5512 = LINE( '', #6954, #6955 );
#5513 = CIRCLE( '', #6956, 738.529191947733 );
#5514 = CIRCLE( '', #6957, 738.529191947733 );
#5515 = VERTEX_POINT( '', #6958 );
#5516 = CIRCLE( '', #6959, 738.529191947733 );
#5517 = LINE( '', #6960, #6961 );
#5518 = FILL_AREA_STYLE_COLOUR( '', #6962 );
#5519 = VERTEX_POINT( '', #6963 );
#5520 = ELLIPSE( '', #6964, 1.07832924685376, 0.350000000000000 );
#5521 = VERTEX_POINT( '', #6965 );
#5522 = LINE( '', #6966, #6967 );
#5523 = VERTEX_POINT( '', #6968 );
#5524 = LINE( '', #6969, #6970 );
#5525 = VERTEX_POINT( '', #6971 );
#5526 = LINE( '', #6972, #6973 );
#5527 = LINE( '', #6974, #6975 );
#5528 = FILL_AREA_STYLE_COLOUR( '', #6976 );
#5529 = VERTEX_POINT( '', #6977 );
#5530 = VERTEX_POINT( '', #6978 );
#5531 = CIRCLE( '', #6979, 0.300000000000000 );
#5532 = VERTEX_POINT( '', #6980 );
#5533 = LINE( '', #6981, #6982 );
#5534 = VERTEX_POINT( '', #6983 );
#5535 = CIRCLE( '', #6984, 0.300000000000000 );
#5536 = LINE( '', #6985, #6986 );
#5537 = FILL_AREA_STYLE_COLOUR( '', #6987 );
#5538 = LINE( '', #6988, #6989 );
#5539 = VERTEX_POINT( '', #6990 );
#5540 = LINE( '', #6991, #6992 );
#5541 = LINE( '', #6993, #6994 );
#5542 = FILL_AREA_STYLE_COLOUR( '', #6995 );
#5543 = VERTEX_POINT( '', #6996 );
#5544 = LINE( '', #6997, #6998 );
#5545 = LINE( '', #6999, #7000 );
#5546 = FILL_AREA_STYLE_COLOUR( '', #7001 );
#5547 = VERTEX_POINT( '', #7002 );
#5548 = LINE( '', #7003, #7004 );
#5549 = VERTEX_POINT( '', #7005 );
#5550 = LINE( '', #7006, #7007 );
#5551 = LINE( '', #7008, #7009 );
#5552 = FILL_AREA_STYLE_COLOUR( '', #7010 );
#5553 = LINE( '', #7011, #7012 );
#5554 = FILL_AREA_STYLE_COLOUR( '', #7013 );
#5555 = VERTEX_POINT( '', #7014 );
#5556 = LINE( '', #7015, #7016 );
#5557 = VERTEX_POINT( '', #7017 );
#5558 = LINE( '', #7018, #7019 );
#5559 = LINE( '', #7020, #7021 );
#5560 = LINE( '', #7022, #7023 );
#5561 = FILL_AREA_STYLE_COLOUR( '', #7024 );
#5562 = VERTEX_POINT( '', #7025 );
#5563 = VERTEX_POINT( '', #7026 );
#5564 = CIRCLE( '', #7027, 0.300000000000000 );
#5565 = LINE( '', #7028, #7029 );
#5566 = LINE( '', #7030, #7031 );
#5567 = FILL_AREA_STYLE_COLOUR( '', #7032 );
#5568 = LINE( '', #7033, #7034 );
#5569 = LINE( '', #7035, #7036 );
#5570 = FILL_AREA_STYLE_COLOUR( '', #7037 );
#5571 = VERTEX_POINT( '', #7038 );
#5572 = LINE( '', #7039, #7040 );
#5573 = VERTEX_POINT( '', #7041 );
#5574 = LINE( '', #7042, #7043 );
#5575 = VERTEX_POINT( '', #7044 );
#5576 = LINE( '', #7045, #7046 );
#5577 = VERTEX_POINT( '', #7047 );
#5578 = LINE( '', #7048, #7049 );
#5579 = VERTEX_POINT( '', #7050 );
#5580 = LINE( '', #7051, #7052 );
#5581 = VERTEX_POINT( '', #7053 );
#5582 = LINE( '', #7054, #7055 );
#5583 = LINE( '', #7056, #7057 );
#5584 = FILL_AREA_STYLE_COLOUR( '', #7058 );
#5585 = VERTEX_POINT( '', #7059 );
#5586 = VERTEX_POINT( '', #7060 );
#5587 = CIRCLE( '', #7061, 0.300000000000000 );
#5588 = LINE( '', #7062, #7063 );
#5589 = LINE( '', #7064, #7065 );
#5590 = FILL_AREA_STYLE_COLOUR( '', #7066 );
#5591 = CIRCLE( '', #7067, 3.05384615384616 );
#5592 = FILL_AREA_STYLE_COLOUR( '', #7068 );
#5593 = VERTEX_POINT( '', #7069 );
#5594 = LINE( '', #7070, #7071 );
#5595 = LINE( '', #7072, #7073 );
#5596 = LINE( '', #7074, #7075 );
#5597 = FILL_AREA_STYLE_COLOUR( '', #7076 );
#5598 = VERTEX_POINT( '', #7077 );
#5599 = CIRCLE( '', #7078, 0.300000000000000 );
#5600 = VERTEX_POINT( '', #7079 );
#5601 = CIRCLE( '', #7080, 0.300000000000000 );
#5602 = FILL_AREA_STYLE_COLOUR( '', #7081 );
#5603 = VERTEX_POINT( '', #7082 );
#5604 = LINE( '', #7083, #7084 );
#5605 = LINE( '', #7085, #7086 );
#5606 = FILL_AREA_STYLE_COLOUR( '', #7087 );
#5607 = VERTEX_POINT( '', #7088 );
#5608 = CIRCLE( '', #7089, 0.300000000000000 );
#5609 = LINE( '', #7090, #7091 );
#5610 = FILL_AREA_STYLE_COLOUR( '', #7092 );
#5611 = CIRCLE( '', #7093, 10.5000000000000 );
#5612 = FILL_AREA_STYLE_COLOUR( '', #7094 );
#5613 = VERTEX_POINT( '', #7095 );
#5614 = CIRCLE( '', #7096, 10.5000000000000 );
#5615 = VERTEX_POINT( '', #7097 );
#5616 = LINE( '', #7098, #7099 );
#5617 = LINE( '', #7100, #7101 );
#5618 = FILL_AREA_STYLE_COLOUR( '', #7102 );
#5619 = VERTEX_POINT( '', #7103 );
#5620 = ELLIPSE( '', #7104, 1.07832924685376, 0.350000000000000 );
#5621 = VERTEX_POINT( '', #7105 );
#5622 = LINE( '', #7106, #7107 );
#5623 = VERTEX_POINT( '', #7108 );
#5624 = ELLIPSE( '', #7109, 1.07832924685376, 0.350000000000000 );
#5625 = ELLIPSE( '', #7110, 0.386182271636872, 0.350000000000000 );
#5626 = FILL_AREA_STYLE_COLOUR( '', #7111 );
#5627 = FILL_AREA_STYLE_COLOUR( '', #7112 );
#5628 = VERTEX_POINT( '', #7113 );
#5629 = LINE( '', #7114, #7115 );
#5630 = LINE( '', #7116, #7117 );
#5631 = LINE( '', #7118, #7119 );
#5632 = FILL_AREA_STYLE_COLOUR( '', #7120 );
#5633 = LINE( '', #7121, #7122 );
#5634 = CIRCLE( '', #7123, 9.50000000000000 );
#5635 = FILL_AREA_STYLE_COLOUR( '', #7124 );
#5636 = VERTEX_POINT( '', #7125 );
#5637 = VERTEX_POINT( '', #7126 );
#5638 = CIRCLE( '', #7127, 0.700000000149739 );
#5639 = VERTEX_POINT( '', #7128 );
#5640 = LINE( '', #7129, #7130 );
#5641 = VERTEX_POINT( '', #7131 );
#5642 = CIRCLE( '', #7132, 0.700000000149739 );
#5643 = LINE( '', #7133, #7134 );
#5644 = FILL_AREA_STYLE_COLOUR( '', #7135 );
#5645 = VERTEX_POINT( '', #7136 );
#5646 = LINE( '', #7137, #7138 );
#5647 = VERTEX_POINT( '', #7139 );
#5648 = CIRCLE( '', #7140, 0.300000000000000 );
#5649 = LINE( '', #7141, #7142 );
#5650 = FILL_AREA_STYLE_COLOUR( '', #7143 );
#5651 = ELLIPSE( '', #7144, 0.386182271636872, 0.350000000000000 );
#5652 = VERTEX_POINT( '', #7145 );
#5653 = LINE( '', #7146, #7147 );
#5654 = LINE( '', #7148, #7149 );
#5655 = FILL_AREA_STYLE_COLOUR( '', #7150 );
#5656 = VERTEX_POINT( '', #7151 );
#5657 = LINE( '', #7152, #7153 );
#5658 = VERTEX_POINT( '', #7154 );
#5659 = LINE( '', #7155, #7156 );
#5660 = LINE( '', #7157, #7158 );
#5661 = VERTEX_POINT( '', #7159 );
#5662 = CIRCLE( '', #7160, 0.300000000000000 );
#5663 = VERTEX_POINT( '', #7161 );
#5664 = LINE( '', #7162, #7163 );
#5665 = VERTEX_POINT( '', #7164 );
#5666 = LINE( '', #7165, #7166 );
#5667 = LINE( '', #7167, #7168 );
#5668 = VERTEX_POINT( '', #7169 );
#5669 = LINE( '', #7170, #7171 );
#5670 = LINE( '', #7172, #7173 );
#5671 = VERTEX_POINT( '', #7174 );
#5672 = LINE( '', #7175, #7176 );
#5673 = VERTEX_POINT( '', #7177 );
#5674 = LINE( '', #7178, #7179 );
#5675 = VERTEX_POINT( '', #7180 );
#5676 = CIRCLE( '', #7181, 0.300000000000000 );
#5677 = VERTEX_POINT( '', #7182 );
#5678 = LINE( '', #7183, #7184 );
#5679 = LINE( '', #7185, #7186 );
#5680 = FILL_AREA_STYLE_COLOUR( '', #7187 );
#5681 = CIRCLE( '', #7188, 0.300000000000000 );
#5682 = FILL_AREA_STYLE_COLOUR( '', #7189 );
#5683 = FILL_AREA_STYLE_COLOUR( '', #7190 );
#5684 = VERTEX_POINT( '', #7191 );
#5685 = CIRCLE( '', #7192, 0.699999999999419 );
#5686 = VERTEX_POINT( '', #7193 );
#5687 = LINE( '', #7194, #7195 );
#5688 = CIRCLE( '', #7196, 0.699999999999419 );
#5689 = FILL_AREA_STYLE_COLOUR( '', #7197 );
#5690 = FILL_AREA_STYLE_COLOUR( '', #7198 );
#5691 = VERTEX_POINT( '', #7199 );
#5692 = LINE( '', #7200, #7201 );
#5693 = VERTEX_POINT( '', #7202 );
#5694 = LINE( '', #7203, #7204 );
#5695 = LINE( '', #7205, #7206 );
#5696 = FILL_AREA_STYLE_COLOUR( '', #7207 );
#5697 = CIRCLE( '', #7208, 10.8250000000000 );
#5698 = FILL_AREA_STYLE_COLOUR( '', #7209 );
#5699 = FILL_AREA_STYLE_COLOUR( '', #7210 );
#5700 = VERTEX_POINT( '', #7211 );
#5701 = VERTEX_POINT( '', #7212 );
#5702 = LINE( '', #7213, #7214 );
#5703 = LINE( '', #7215, #7216 );
#5704 = LINE( '', #7217, #7218 );
#5705 = LINE( '', #7219, #7220 );
#5706 = FILL_AREA_STYLE_COLOUR( '', #7221 );
#5707 = LINE( '', #7222, #7223 );
#5708 = LINE( '', #7224, #7225 );
#5709 = FILL_AREA_STYLE_COLOUR( '', #7226 );
#5710 = CIRCLE( '', #7227, 0.550000000000000 );
#5711 = CIRCLE( '', #7228, 10.0000000000000 );
#5712 = FILL_AREA_STYLE_COLOUR( '', #7229 );
#5713 = FILL_AREA_STYLE_COLOUR( '', #7230 );
#5714 = VERTEX_POINT( '', #7231 );
#5715 = LINE( '', #7232, #7233 );
#5716 = VERTEX_POINT( '', #7234 );
#5717 = LINE( '', #7235, #7236 );
#5718 = LINE( '', #7237, #7238 );
#5719 = FILL_AREA_STYLE_COLOUR( '', #7239 );
#5720 = VERTEX_POINT( '', #7240 );
#5721 = LINE( '', #7241, #7242 );
#5722 = VERTEX_POINT( '', #7243 );
#5723 = CIRCLE( '', #7244, 0.216336018831231 );
#5724 = LINE( '', #7245, #7246 );
#5725 = FILL_AREA_STYLE_COLOUR( '', #7247 );
#5726 = VERTEX_POINT( '', #7248 );
#5727 = VERTEX_POINT( '', #7249 );
#5728 = LINE( '', #7250, #7251 );
#5729 = VERTEX_POINT( '', #7252 );
#5730 = LINE( '', #7253, #7254 );
#5731 = VERTEX_POINT( '', #7255 );
#5732 = LINE( '', #7256, #7257 );
#5733 = LINE( '', #7258, #7259 );
#5734 = FILL_AREA_STYLE_COLOUR( '', #7260 );
#5735 = FILL_AREA_STYLE_COLOUR( '', #7261 );
#5736 = LINE( '', #7262, #7263 );
#5737 = FILL_AREA_STYLE_COLOUR( '', #7264 );
#5738 = LINE( '', #7265, #7266 );
#5739 = FILL_AREA_STYLE_COLOUR( '', #7267 );
#5740 = CIRCLE( '', #7268, 0.716336018922423 );
#5741 = CIRCLE( '', #7269, 0.716336018922423 );
#5742 = FILL_AREA_STYLE_COLOUR( '', #7270 );
#5743 = VERTEX_POINT( '', #7271 );
#5744 = LINE( '', #7272, #7273 );
#5745 = VERTEX_POINT( '', #7274 );
#5746 = LINE( '', #7275, #7276 );
#5747 = LINE( '', #7277, #7278 );
#5748 = LINE( '', #7279, #7280 );
#5749 = FILL_AREA_STYLE_COLOUR( '', #7281 );
#5750 = FILL_AREA_STYLE_COLOUR( '', #7282 );
#5751 = CIRCLE( '', #7283, 0.300000000000000 );
#5752 = CIRCLE( '', #7284, 0.300000000000000 );
#5753 = FILL_AREA_STYLE_COLOUR( '', #7285 );
#5754 = VERTEX_POINT( '', #7286 );
#5755 = CIRCLE( '', #7287, 0.300000000000000 );
#5756 = VERTEX_POINT( '', #7288 );
#5757 = CIRCLE( '', #7289, 0.300000000000000 );
#5758 = FILL_AREA_STYLE_COLOUR( '', #7290 );
#5759 = FILL_AREA_STYLE_COLOUR( '', #7291 );
#5760 = LINE( '', #7292, #7293 );
#5761 = FILL_AREA_STYLE_COLOUR( '', #7294 );
#5762 = VERTEX_POINT( '', #7295 );
#5763 = LINE( '', #7296, #7297 );
#5764 = VERTEX_POINT( '', #7298 );
#5765 = LINE( '', #7299, #7300 );
#5766 = LINE( '', #7301, #7302 );
#5767 = FILL_AREA_STYLE_COLOUR( '', #7303 );
#5768 = LINE( '', #7304, #7305 );
#5769 = FILL_AREA_STYLE_COLOUR( '', #7306 );
#5770 = LINE( '', #7307, #7308 );
#5771 = FILL_AREA_STYLE_COLOUR( '', #7309 );
#5772 = LINE( '', #7310, #7311 );
#5773 = FILL_AREA_STYLE_COLOUR( '', #7312 );
#5774 = CIRCLE( '', #7313, 10.0000000000000 );
#5775 = VERTEX_POINT( '', #7314 );
#5776 = CIRCLE( '', #7315, 10.5000000000000 );
#5777 = LINE( '', #7316, #7317 );
#5778 = FILL_AREA_STYLE_COLOUR( '', #7318 );
#5779 = VERTEX_POINT( '', #7319 );
#5780 = LINE( '', #7320, #7321 );
#5781 = VERTEX_POINT( '', #7322 );
#5782 = LINE( '', #7323, #7324 );
#5783 = LINE( '', #7325, #7326 );
#5784 = FILL_AREA_STYLE_COLOUR( '', #7327 );
#5785 = CIRCLE( '', #7328, 0.300000000000000 );
#5786 = FILL_AREA_STYLE_COLOUR( '', #7329 );
#5787 = LINE( '', #7330, #7331 );
#5788 = LINE( '', #7332, #7333 );
#5789 = FILL_AREA_STYLE_COLOUR( '', #7334 );
#5790 = LINE( '', #7335, #7336 );
#5791 = LINE( '', #7337, #7338 );
#5792 = FILL_AREA_STYLE_COLOUR( '', #7339 );
#5793 = CIRCLE( '', #7340, 0.300000000000000 );
#5794 = FILL_AREA_STYLE_COLOUR( '', #7341 );
#5795 = FILL_AREA_STYLE_COLOUR( '', #7342 );
#5796 = FILL_AREA_STYLE_COLOUR( '', #7343 );
#5797 = LINE( '', #7344, #7345 );
#5798 = LINE( '', #7346, #7347 );
#5799 = FILL_AREA_STYLE_COLOUR( '', #7348 );
#5800 = LINE( '', #7349, #7350 );
#5801 = LINE( '', #7351, #7352 );
#5802 = FILL_AREA_STYLE_COLOUR( '', #7353 );
#5803 = LINE( '', #7354, #7355 );
#5804 = LINE( '', #7356, #7357 );
#5805 = FILL_AREA_STYLE_COLOUR( '', #7358 );
#5806 = LINE( '', #7359, #7360 );
#5807 = FILL_AREA_STYLE_COLOUR( '', #7361 );
#5808 = CIRCLE( '', #7362, 0.300000000000000 );
#5809 = FILL_AREA_STYLE_COLOUR( '', #7363 );
#5810 = CIRCLE( '', #7364, 0.300000000000000 );
#5811 = FILL_AREA_STYLE_COLOUR( '', #7365 );
#5812 = VERTEX_POINT( '', #7366 );
#5813 = LINE( '', #7367, #7368 );
#5814 = CIRCLE( '', #7369, 0.300000000000000 );
#5815 = FILL_AREA_STYLE_COLOUR( '', #7370 );
#5816 = CIRCLE( '', #7371, 738.029191947733 );
#5817 = LINE( '', #7372, #7373 );
#5818 = LINE( '', #7374, #7375 );
#5819 = CIRCLE( '', #7376, 1.19999999999998 );
#5820 = LINE( '', #7377, #7378 );
#5821 = FILL_AREA_STYLE_COLOUR( '', #7379 );
#5822 = VERTEX_POINT( '', #7380 );
#5823 = CIRCLE( '', #7381, 0.300000000000000 );
#5824 = LINE( '', #7382, #7383 );
#5825 = CIRCLE( '', #7384, 10.0000000000000 );
#5826 = FILL_AREA_STYLE_COLOUR( '', #7385 );
#5827 = CIRCLE( '', #7386, 0.550000000000000 );
#5828 = FILL_AREA_STYLE_COLOUR( '', #7387 );
#5829 = VERTEX_POINT( '', #7388 );
#5830 = CIRCLE( '', #7389, 0.300000000000000 );
#5831 = FILL_AREA_STYLE_COLOUR( '', #7390 );
#5832 = LINE( '', #7391, #7392 );
#5833 = FILL_AREA_STYLE_COLOUR( '', #7393 );
#5834 = CIRCLE( '', #7394, 5.47500000000000 );
#5835 = FILL_AREA_STYLE_COLOUR( '', #7395 );
#5836 = FILL_AREA_STYLE_COLOUR( '', #7396 );
#5837 = FILL_AREA_STYLE_COLOUR( '', #7397 );
#5838 = LINE( '', #7398, #7399 );
#5839 = FILL_AREA_STYLE_COLOUR( '', #7400 );
#5840 = CIRCLE( '', #7401, 3.05384615384616 );
#5841 = FILL_AREA_STYLE_COLOUR( '', #7402 );
#5842 = FILL_AREA_STYLE_COLOUR( '', #7403 );
#5843 = FILL_AREA_STYLE_COLOUR( '', #7404 );
#5844 = FILL_AREA_STYLE_COLOUR( '', #7405 );
#5845 = CIRCLE( '', #7406, 738.029191947733 );
#5846 = CIRCLE( '', #7407, 738.029191947733 );
#5847 = FILL_AREA_STYLE_COLOUR( '', #7408 );
#5848 = VERTEX_POINT( '', #7409 );
#5849 = LINE( '', #7410, #7411 );
#5850 = LINE( '', #7412, #7413 );
#5851 = FILL_AREA_STYLE_COLOUR( '', #7414 );
#5852 = LINE( '', #7415, #7416 );
#5853 = FILL_AREA_STYLE_COLOUR( '', #7417 );
#5854 = VERTEX_POINT( '', #7418 );
#5855 = CIRCLE( '', #7419, 0.300000000000000 );
#5856 = FILL_AREA_STYLE_COLOUR( '', #7420 );
#5857 = LINE( '', #7421, #7422 );
#5858 = FILL_AREA_STYLE_COLOUR( '', #7423 );
#5859 = FILL_AREA_STYLE_COLOUR( '', #7424 );
#5860 = FILL_AREA_STYLE_COLOUR( '', #7425 );
#5861 = FILL_AREA_STYLE_COLOUR( '', #7426 );
#5862 = VERTEX_POINT( '', #7427 );
#5863 = CIRCLE( '', #7428, 0.300000000000000 );
#5864 = LINE( '', #7429, #7430 );
#5865 = LINE( '', #7431, #7432 );
#5866 = FILL_AREA_STYLE_COLOUR( '', #7433 );
#5867 = FILL_AREA_STYLE_COLOUR( '', #7434 );
#5868 = FILL_AREA_STYLE_COLOUR( '', #7435 );
#5869 = FILL_AREA_STYLE_COLOUR( '', #7436 );
#5870 = LINE( '', #7437, #7438 );
#5871 = FILL_AREA_STYLE_COLOUR( '', #7439 );
#5872 = LINE( '', #7440, #7441 );
#5873 = LINE( '', #7442, #7443 );
#5874 = FILL_AREA_STYLE_COLOUR( '', #7444 );
#5875 = FILL_AREA_STYLE_COLOUR( '', #7445 );
#5876 = FILL_AREA_STYLE_COLOUR( '', #7446 );
#5877 = LINE( '', #7447, #7448 );
#5878 = FILL_AREA_STYLE_COLOUR( '', #7449 );
#5879 = FILL_AREA_STYLE_COLOUR( '', #7450 );
#5880 = ELLIPSE( '', #7451, 0.386182271636872, 0.350000000000000 );
#5881 = FILL_AREA_STYLE_COLOUR( '', #7452 );
#5882 = LINE( '', #7453, #7454 );
#5883 = FILL_AREA_STYLE_COLOUR( '', #7455 );
#5884 = FILL_AREA_STYLE_COLOUR( '', #7456 );
#5885 = LINE( '', #7457, #7458 );
#5886 = FILL_AREA_STYLE_COLOUR( '', #7459 );
#5887 = FILL_AREA_STYLE_COLOUR( '', #7460 );
#5888 = FILL_AREA_STYLE_COLOUR( '', #7461 );
#5889 = FILL_AREA_STYLE_COLOUR( '', #7462 );
#5890 = FILL_AREA_STYLE_COLOUR( '', #7463 );
#5891 = LINE( '', #7464, #7465 );
#5892 = FILL_AREA_STYLE_COLOUR( '', #7466 );
#5893 = LINE( '', #7467, #7468 );
#5894 = FILL_AREA_STYLE_COLOUR( '', #7469 );
#5895 = FILL_AREA_STYLE_COLOUR( '', #7470 );
#5896 = FILL_AREA_STYLE_COLOUR( '', #7471 );
#5897 = FILL_AREA_STYLE_COLOUR( '', #7472 );
#5898 = FILL_AREA_STYLE_COLOUR( '', #7473 );
#5899 = COLOUR_RGB( '', 0.752941191196442, 0.752941191196442, 0.752941191196442 );
#5900 = CARTESIAN_POINT( '', ( -12.3463322705811, -2.25000000000000, 0.973628285959212 ) );
#5901 = CARTESIAN_POINT( '', ( -12.3463322705811, -0.310000000000000, 0.973628285959211 ) );
#5902 = CARTESIAN_POINT( '', ( -12.3463322705811, -2.25000000000000, 0.973628285959212 ) );
#5903 = VECTOR( '', #7474, 1000.00000000000 );
#5904 = CARTESIAN_POINT( '', ( -12.0788009308512, -0.310000000000000, 1.02413723529691 ) );
#5905 = AXIS2_PLACEMENT_3D( '', #7475, #7476, #7477 );
#5906 = CARTESIAN_POINT( '', ( -12.0788009308512, -2.25000000000000, 1.02413723529691 ) );
#5907 = CARTESIAN_POINT( '', ( -12.0788009308512, -2.25000000000000, 1.02413723529691 ) );
#5908 = VECTOR( '', #7478, 1000.00000000000 );
#5909 = AXIS2_PLACEMENT_3D( '', #7479, #7480, #7481 );
#5910 = COLOUR_RGB( '', 0.200000002980232, 0.200000002980232, 0.200000002980232 );
#5911 = CARTESIAN_POINT( '', ( 4.95000000000000, -12.9000000000000, 3.97500000000000 ) );
#5912 = CARTESIAN_POINT( '', ( 3.45000000000000, -12.9000000000000, 3.97500000000000 ) );
#5913 = CARTESIAN_POINT( '', ( 5.25000000000000, -12.9000000000000, 3.97500000000000 ) );
#5914 = VECTOR( '', #7482, 1000.00000000000 );
#5915 = CARTESIAN_POINT( '', ( 3.45000000000000, -12.9000000000000, 1.42500000000000 ) );
#5916 = CARTESIAN_POINT( '', ( 3.45000000000000, -12.9000000000000, 1.42500000000000 ) );
#5917 = VECTOR( '', #7483, 1000.00000000000 );
#5918 = CARTESIAN_POINT( '', ( 4.95000000000000, -12.9000000000000, 1.42500000000000 ) );
#5919 = CARTESIAN_POINT( '', ( 5.25000000000000, -12.9000000000000, 1.42500000000000 ) );
#5920 = VECTOR( '', #7484, 1000.00000000000 );
#5921 = CARTESIAN_POINT( '', ( 4.95000000000000, -12.9000000000000, 1.42500000000000 ) );
#5922 = VECTOR( '', #7485, 1000.00000000000 );
#5923 = COLOUR_RGB( '', 0.200000002980232, 0.200000002980232, 0.200000002980232 );
#5924 = CARTESIAN_POINT( '', ( -3.45000000000000, -12.9000000000000, 1.42500000000000 ) );
#5925 = CARTESIAN_POINT( '', ( -4.95000000000000, -12.9000000000000, 1.42500000000000 ) );
#5926 = CARTESIAN_POINT( '', ( -3.15000000000000, -12.9000000000000, 1.42500000000000 ) );
#5927 = VECTOR( '', #7486, 1000.00000000000 );
#5928 = CARTESIAN_POINT( '', ( -3.45000000000000, -12.9000000000000, 3.97500000000000 ) );
#5929 = CARTESIAN_POINT( '', ( -3.45000000000000, -12.9000000000000, 3.97500000000000 ) );
#5930 = VECTOR( '', #7487, 1000.00000000000 );
#5931 = CARTESIAN_POINT( '', ( -4.95000000000000, -12.9000000000000, 3.97500000000000 ) );
#5932 = CARTESIAN_POINT( '', ( -3.15000000000000, -12.9000000000000, 3.97500000000000 ) );
#5933 = VECTOR( '', #7488, 1000.00000000000 );
#5934 = CARTESIAN_POINT( '', ( -4.95000000000000, -12.9000000000000, 1.42500000000000 ) );
#5935 = VECTOR( '', #7489, 1000.00000000000 );
#5936 = COLOUR_RGB( '', 0.200000002980232, 0.200000002980232, 0.200000002980232 );
#5937 = CARTESIAN_POINT( '', ( -0.875000000000000, -10.4634781502137, 15.9750000000000 ) );
#5938 = CARTESIAN_POINT( '', ( -5.00000000000000, -9.23309265630969, 15.9750000000000 ) );
#5939 = AXIS2_PLACEMENT_3D( '', #7490, #7491, #7492 );
#5940 = CARTESIAN_POINT( '', ( -0.875000000000000, -7.00000000000000, 15.9750000000000 ) );
#5941 = CARTESIAN_POINT( '', ( -0.875000000000000, -9.48676900924818E-017, 15.9750000000000 ) );
#5942 = VECTOR( '', #7493, 1000.00000000000 );
#5943 = CARTESIAN_POINT( '', ( -2.76690734369030, -7.00000000000000, 15.9750000000000 ) );
#5944 = CARTESIAN_POINT( '', ( -2.76690734369030, -7.00000000000000, 15.9750000000000 ) );
#5945 = VECTOR( '', #7494, 1000.00000000000 );
#5946 = CARTESIAN_POINT( '', ( -5.00000000000000, -9.23309265630969, 15.9750000000000 ) );
#5947 = VECTOR( '', #7495, 1000.00000000000 );
#5948 = COLOUR_RGB( '', 0.980000019073486, 0.980000019073486, 0.980000019073486 );
#5949 = CARTESIAN_POINT( '', ( 1.79500000000000, 12.8700000000000, -3.59500000000000 ) );
#5950 = AXIS2_PLACEMENT_3D( '', #7496, #7497, #7498 );
#5951 = CARTESIAN_POINT( '', ( 2.09500000000000, 12.5700000000000, 1.42500000000000 ) );
#5952 = AXIS2_PLACEMENT_3D( '', #7499, #7500, #7501 );
#5953 = COLOUR_RGB( '', 0.980000019073486, 0.980000019073486, 0.980000019073486 );
#5954 = CARTESIAN_POINT( '', ( 1.79500000000000, -12.2700000000000, -3.59500000000000 ) );
#5955 = AXIS2_PLACEMENT_3D( '', #7502, #7503, #7504 );
#5956 = COLOUR_RGB( '', 0.200000002980232, 0.200000002980232, 0.200000002980232 );
#5957 = CARTESIAN_POINT( '', ( 3.15000000000000, 13.2000000000000, 1.42500000000000 ) );
#5958 = CARTESIAN_POINT( '', ( 3.45000000000000, 12.9000000000000, 1.42500000000000 ) );
#5959 = AXIS2_PLACEMENT_3D( '', #7505, #7506, #7507 );
#5960 = CARTESIAN_POINT( '', ( 3.15000000000000, 13.2000000000000, 3.97500000000000 ) );
#5961 = CARTESIAN_POINT( '', ( 3.15000000000000, 13.2000000000000, 1.42500000000000 ) );
#5962 = VECTOR( '', #7508, 1000.00000000000 );
#5963 = CARTESIAN_POINT( '', ( 3.45000000000000, 12.9000000000000, 3.97500000000000 ) );
#5964 = AXIS2_PLACEMENT_3D( '', #7509, #7510, #7511 );
#5965 = CARTESIAN_POINT( '', ( 3.45000000000000, 12.9000000000000, 3.97500000000000 ) );
#5966 = VECTOR( '', #7512, 1000.00000000000 );
#5967 = COLOUR_RGB( '', 0.200000002980232, 0.200000002980232, 0.200000002980232 );
#5968 = CARTESIAN_POINT( '', ( -3.15000000000000, -13.8000000000000, 1.42500000000000 ) );
#5969 = CARTESIAN_POINT( '', ( -3.15000000000000, -13.2000000000000, 1.42500000000000 ) );
#5970 = CARTESIAN_POINT( '', ( -3.15000000000000, -14.1000000000000, 1.42500000000000 ) );
#5971 = VECTOR( '', #7513, 1000.00000000000 );
#5972 = CARTESIAN_POINT( '', ( -3.15000000000000, -13.8000000000000, 3.97500000000000 ) );
#5973 = CARTESIAN_POINT( '', ( -3.15000000000000, -13.8000000000000, 1.42500000000000 ) );
#5974 = VECTOR( '', #7514, 1000.00000000000 );
#5975 = CARTESIAN_POINT( '', ( -3.15000000000000, -13.2000000000000, 3.97500000000000 ) );
#5976 = CARTESIAN_POINT( '', ( -3.15000000000000, -14.1000000000000, 3.97500000000000 ) );
#5977 = VECTOR( '', #7515, 1000.00000000000 );
#5978 = CARTESIAN_POINT( '', ( -3.15000000000000, -13.2000000000000, 1.42500000000000 ) );
#5979 = VECTOR( '', #7516, 1000.00000000000 );
#5980 = COLOUR_RGB( '', 0.200000002980232, 0.200000002980232, 0.200000002980232 );
#5981 = CARTESIAN_POINT( '', ( -3.01412134699054, -6.70000000000000, 1.42500000000000 ) );
#5982 = CARTESIAN_POINT( '', ( 3.01412134699054, -6.70000000000000, 1.42500000000000 ) );
#5983 = CARTESIAN_POINT( '', ( -3.15000000000000, -6.70000000000000, 1.42500000000000 ) );
#5984 = VECTOR( '', #7517, 1000.00000000000 );
#5985 = CARTESIAN_POINT( '', ( -3.01412134699054, -6.70000000000000, 3.17500000000000 ) );
#5986 = CARTESIAN_POINT( '', ( -3.01412134699054, -6.70000000000000, 1.42500000000000 ) );
#5987 = VECTOR( '', #7518, 1000.00000000000 );
#5988 = CARTESIAN_POINT( '', ( -1.80000000000000, -6.70000000000000, 3.17500000000000 ) );
#5989 = CARTESIAN_POINT( '', ( 0.000000000000000, -6.70000000000000, 3.17500000000000 ) );
#5990 = VECTOR( '', #7519, 1000.00000000000 );
#5991 = CARTESIAN_POINT( '', ( 1.80000000000000, -6.70000000000000, 3.17500000000000 ) );
#5992 = AXIS2_PLACEMENT_3D( '', #7520, #7521, #7522 );
#5993 = CARTESIAN_POINT( '', ( 3.01412134699054, -6.70000000000000, 3.17500000000000 ) );
#5994 = CARTESIAN_POINT( '', ( 0.000000000000000, -6.70000000000000, 3.17500000000000 ) );
#5995 = VECTOR( '', #7523, 1000.00000000000 );
#5996 = CARTESIAN_POINT( '', ( 3.01412134699054, -6.70000000000000, 1.42500000000000 ) );
#5997 = VECTOR( '', #7524, 1000.00000000000 );
#5998 = COLOUR_RGB( '', 0.200000002980232, 0.200000002980232, 0.200000002980232 );
#5999 = CARTESIAN_POINT( '', ( 7.08786796564403, -8.60710821061758, 2.95000000000000 ) );
#6000 = CARTESIAN_POINT( '', ( 7.10314606741573, -8.16859479622759, 2.95000000000000 ) );
#6001 = AXIS2_PLACEMENT_3D( '', #7525, #7526, #7527 );
#6002 = CARTESIAN_POINT( '', ( 7.08786796564404, -8.60710821061758, 9.30000000000000 ) );
#6003 = CARTESIAN_POINT( '', ( 7.08786796564403, -8.60710821061757, 39.5759050750217 ) );
#6004 = VECTOR( '', #7528, 1000.00000000000 );
#6005 = CARTESIAN_POINT( '', ( 7.10314606741573, -8.16859479622759, 9.30000000000000 ) );
#6006 = AXIS2_PLACEMENT_3D( '', #7529, #7530, #7531 );
#6007 = CARTESIAN_POINT( '', ( 7.10314606741573, -8.16859479622759, 29.5000000000000 ) );
#6008 = VECTOR( '', #7532, 1000.00000000000 );
#6009 = COLOUR_RGB( '', 0.752941191196442, 0.752941191196442, 0.752941191196442 );
#6010 = CARTESIAN_POINT( '', ( -12.7275872709215, 0.310000000000000, 1.29711650014323 ) );
#6011 = CARTESIAN_POINT( '', ( -13.9613075727139, 0.310000000000000, 1.74283223822175 ) );
#6012 = AXIS2_PLACEMENT_3D( '', #7533, #7534, #7535 );
#6013 = CARTESIAN_POINT( '', ( -12.7275872709215, 2.25000000000000, 1.29711650014323 ) );
#6014 = CARTESIAN_POINT( '', ( -12.7275872709215, -2.25000000000000, 1.29711650014323 ) );
#6015 = VECTOR( '', #7536, 1000.00000000000 );
#6016 = CARTESIAN_POINT( '', ( -13.9613075727139, 2.25000000000000, 1.74283223822175 ) );
#6017 = AXIS2_PLACEMENT_3D( '', #7537, #7538, #7539 );
#6018 = CARTESIAN_POINT( '', ( -13.9613075727139, -2.25000000000000, 1.74283223822175 ) );
#6019 = VECTOR( '', #7540, 1000.00000000000 );
#6020 = COLOUR_RGB( '', 0.980000019073486, 0.980000019073486, 0.980000019073486 );
#6021 = COLOUR_RGB( '', 0.980000019073486, 0.980000019073486, 0.980000019073486 );
#6022 = CARTESIAN_POINT( '', ( 1.79500000000000, -8.68000000000000, -3.59500000000000 ) );
#6023 = AXIS2_PLACEMENT_3D( '', #7541, #7542, #7543 );
#6024 = CARTESIAN_POINT( '', ( 1.49500000000000, -8.98000000000000, 1.42500000000000 ) );
#6025 = AXIS2_PLACEMENT_3D( '', #7544, #7545, #7546 );
#6026 = COLOUR_RGB( '', 0.899999976158142, 0.899999976158142, 0.000000000000000 );
#6027 = CARTESIAN_POINT( '', ( 0.550000000000000, 8.90000000000000, 3.97500000000000 ) );
#6028 = CARTESIAN_POINT( '', ( 0.550000000000000, 9.98486354438557, 3.97500000000000 ) );
#6029 = CARTESIAN_POINT( '', ( 0.550000000000000, 14.1000000000000, 3.97500000000000 ) );
#6030 = VECTOR( '', #7547, 1000.00000000000 );
#6031 = CARTESIAN_POINT( '', ( -0.550000000000000, 8.90000000000000, 3.97500000000000 ) );
#6032 = AXIS2_PLACEMENT_3D( '', #7548, #7549, #7550 );
#6033 = CARTESIAN_POINT( '', ( -0.550000000000000, 9.98486354438557, 3.97500000000000 ) );
#6034 = CARTESIAN_POINT( '', ( -0.550000000000000, 8.90000000000000, 3.97500000000000 ) );
#6035 = VECTOR( '', #7551, 1000.00000000000 );
#6036 = AXIS2_PLACEMENT_3D( '', #7552, #7553, #7554 );
#6037 = COLOUR_RGB( '', 0.752941191196442, 0.752941191196442, 0.752941191196442 );
#6038 = CARTESIAN_POINT( '', ( -11.8417323132024, -2.25000000000000, 1.46436271221378 ) );
#6039 = CARTESIAN_POINT( '', ( -11.8417323132024, -0.310000000000000, 1.46436271221378 ) );
#6040 = CARTESIAN_POINT( '', ( -11.8417323132024, -2.25000000000000, 1.46436271221378 ) );
#6041 = VECTOR( '', #7555, 1000.00000000000 );
#6042 = CARTESIAN_POINT( '', ( -12.7275872709215, -0.310000000000000, 1.29711650014323 ) );
#6043 = AXIS2_PLACEMENT_3D( '', #7556, #7557, #7558 );
#6044 = CARTESIAN_POINT( '', ( -12.7275872709215, -2.25000000000000, 1.29711650014323 ) );
#6045 = CARTESIAN_POINT( '', ( -12.7275872709215, -2.25000000000000, 1.29711650014323 ) );
#6046 = VECTOR( '', #7559, 1000.00000000000 );
#6047 = AXIS2_PLACEMENT_3D( '', #7560, #7561, #7562 );
#6048 = COLOUR_RGB( '', 0.752941191196442, 0.752941191196442, 0.752941191196442 );
#6049 = CARTESIAN_POINT( '', ( -14.1150000000000, 0.300000000000000, 1.16315926586006 ) );
#6050 = CARTESIAN_POINT( '', ( -14.0479295513074, 0.300000000000000, 2.29003107758972 ) );
#6051 = AXIS2_PLACEMENT_3D( '', #7563, #7564, #7565 );
#6052 = CARTESIAN_POINT( '', ( -14.0479295513074, -0.300000000000000, 2.29003107758972 ) );
#6053 = CARTESIAN_POINT( '', ( -14.0479295513074, -0.300000000000000, 2.29003107758972 ) );
#6054 = VECTOR( '', #7566, 1000.00000000000 );
#6055 = CARTESIAN_POINT( '', ( -14.1150000000000, -0.300000000000000, 1.16315926586006 ) );
#6056 = AXIS2_PLACEMENT_3D( '', #7567, #7568, #7569 );
#6057 = CARTESIAN_POINT( '', ( -14.1150000000000, -0.300000000000000, 1.16315926586006 ) );
#6058 = VECTOR( '', #7570, 1000.00000000000 );
#6059 = COLOUR_RGB( '', 0.200000002980232, 0.200000002980232, 0.200000002980232 );
#6060 = AXIS2_PLACEMENT_3D( '', #7571, #7572, #7573 );
#6061 = AXIS2_PLACEMENT_3D( '', #7574, #7575, #7576 );
#6062 = COLOUR_RGB( '', 0.200000002980232, 0.200000002980232, 0.200000002980232 );
#6063 = CARTESIAN_POINT( '', ( 2.65141471671257, 4.64677307386535, 2.95000000000000 ) );
#6064 = CARTESIAN_POINT( '', ( 2.65141471671257, -4.64677307386535, 2.95000000000000 ) );
#6065 = AXIS2_PLACEMENT_3D( '', #7577, #7578, #7579 );
#6066 = CARTESIAN_POINT( '', ( 2.65141471671257, -6.75000000000000, 2.95000000000000 ) );
#6067 = CARTESIAN_POINT( '', ( 2.65141471671257, 0.000000000000000, 2.95000000000000 ) );
#6068 = VECTOR( '', #7580, 1000.00000000000 );
#6069 = CARTESIAN_POINT( '', ( 5.23075975502646, -6.75000000000000, 2.95000000000000 ) );
#6070 = CARTESIAN_POINT( '', ( -1.11928132921717E-015, -6.75000000000000, 2.95000000000000 ) );
#6071 = VECTOR( '', #7581, 1000.00000000000 );
#6072 = CARTESIAN_POINT( '', ( -0.759620122486764, -0.759620122486762, 2.95000000000000 ) );
#6073 = VECTOR( '', #7582, 1000.00000000000 );
#6074 = CARTESIAN_POINT( '', ( 7.10314606741573, 8.16859479622759, 2.95000000000000 ) );
#6075 = AXIS2_PLACEMENT_3D( '', #7583, #7584, #7585 );
#6076 = CARTESIAN_POINT( '', ( 7.08786796564404, 8.60710821061758, 2.95000000000000 ) );
#6077 = AXIS2_PLACEMENT_3D( '', #7586, #7587, #7588 );
#6078 = CARTESIAN_POINT( '', ( 5.23075975502647, 6.75000000000000, 2.95000000000000 ) );
#6079 = CARTESIAN_POINT( '', ( -0.759620122486758, 0.759620122486755, 2.95000000000000 ) );
#6080 = VECTOR( '', #7589, 1000.00000000000 );
#6081 = CARTESIAN_POINT( '', ( 2.65141471671257, 6.75000000000000, 2.95000000000000 ) );
#6082 = CARTESIAN_POINT( '', ( 5.59640664608587E-016, 6.75000000000000, 2.95000000000000 ) );
#6083 = VECTOR( '', #7590, 1000.00000000000 );
#6084 = CARTESIAN_POINT( '', ( 2.65141471671257, 0.000000000000000, 2.95000000000000 ) );
#6085 = VECTOR( '', #7591, 1000.00000000000 );
#6086 = COLOUR_RGB( '', 0.752941191196442, 0.752941191196442, 0.752941191196442 );
#6087 = CARTESIAN_POINT( '', ( -14.4612813593712, -2.25000000000000, 1.73771240838053 ) );
#6088 = CARTESIAN_POINT( '', ( -14.4612813593697, -0.310000000000000, 1.73771240838055 ) );
#6089 = CARTESIAN_POINT( '', ( -14.4612813593712, -2.25000000000000, 1.73771240838053 ) );
#6090 = VECTOR( '', #7592, 1000.00000000000 );
#6091 = AXIS2_PLACEMENT_3D( '', #7593, #7594, #7595 );
#6092 = AXIS2_PLACEMENT_3D( '', #7596, #7597, #7598 );
#6093 = COLOUR_RGB( '', 0.200000002980232, 0.200000002980232, 0.200000002980232 );
#6094 = CARTESIAN_POINT( '', ( 3.15000000000000, -13.2000000000000, 1.42500000000000 ) );
#6095 = AXIS2_PLACEMENT_3D( '', #7599, #7600, #7601 );
#6096 = CARTESIAN_POINT( '', ( 3.15000000000000, -13.2000000000000, 3.97500000000000 ) );
#6097 = AXIS2_PLACEMENT_3D( '', #7602, #7603, #7604 );
#6098 = CARTESIAN_POINT( '', ( 3.15000000000000, -13.2000000000000, 3.97500000000000 ) );
#6099 = VECTOR( '', #7605, 1000.00000000000 );
#6100 = COLOUR_RGB( '', 0.200000002980232, 0.200000002980232, 0.200000002980232 );
#6101 = CARTESIAN_POINT( '', ( 0.550000000000000, 13.8000000000000, 3.97500000000000 ) );
#6102 = CARTESIAN_POINT( '', ( 0.550000000000000, 14.1000000000000, 3.97500000000000 ) );
#6103 = VECTOR( '', #7606, 1000.00000000000 );
#6104 = CARTESIAN_POINT( '', ( 0.550000000000000, 13.8000000000000, 1.42500000000000 ) );
#6105 = CARTESIAN_POINT( '', ( 0.550000000000000, 13.8000000000000, -33.8699468225283 ) );
#6106 = VECTOR( '', #7607, 1000.00000000000 );
#6107 = CARTESIAN_POINT( '', ( 0.550000000000000, 11.6750000000000, 1.42500000000000 ) );
#6108 = CARTESIAN_POINT( '', ( 0.550000000000000, 12.9000000000000, 1.42500000000000 ) );
#6109 = VECTOR( '', #7608, 1000.00000000000 );
#6110 = CARTESIAN_POINT( '', ( 0.550000000000000, 11.6750000000000, 3.17500000000000 ) );
#6111 = CARTESIAN_POINT( '', ( 0.550000000000000, 11.6750000000000, -33.8699468225283 ) );
#6112 = VECTOR( '', #7609, 1000.00000000000 );
#6113 = CARTESIAN_POINT( '', ( 0.549999999999993, 9.87500000000000, 3.17500000000000 ) );
#6114 = CARTESIAN_POINT( '', ( 0.550000000000000, 14.1000000000000, 3.17500000000000 ) );
#6115 = VECTOR( '', #7610, 1000.00000000000 );
#6116 = CARTESIAN_POINT( '', ( 0.550000000000000, 9.87500000000000, 1.42500000000000 ) );
#6117 = CARTESIAN_POINT( '', ( 0.550000000000000, 9.87500000000000, -33.8699468225283 ) );
#6118 = VECTOR( '', #7611, 1000.00000000000 );
#6119 = CARTESIAN_POINT( '', ( 0.550000000000000, 8.90000000000000, 1.42500000000000 ) );
#6120 = CARTESIAN_POINT( '', ( 0.550000000000000, 12.9000000000000, 1.42500000000000 ) );
#6121 = VECTOR( '', #7612, 1000.00000000000 );
#6122 = CARTESIAN_POINT( '', ( 0.550000000000000, 8.90000000000000, -33.8699468225283 ) );
#6123 = VECTOR( '', #7613, 1000.00000000000 );
#6124 = COLOUR_RGB( '', 0.200000002980232, 0.200000002980232, 0.200000002980232 );
#6125 = CARTESIAN_POINT( '', ( 1.80000000000000, 5.17065034594296, 3.17500000000000 ) );
#6126 = CARTESIAN_POINT( '', ( 1.80000000000000, 6.70000000000000, 3.17500000000000 ) );
#6127 = CARTESIAN_POINT( '', ( 1.80000000000000, -37.8449468225284, 3.17500000000000 ) );
#6128 = VECTOR( '', #7614, 1000.00000000000 );
#6129 = CARTESIAN_POINT( '', ( -1.80000000000000, 5.17065034594296, 3.17500000000000 ) );
#6130 = CARTESIAN_POINT( '', ( -1.80000000000000, 5.17065034594296, 3.17500000000000 ) );
#6131 = CARTESIAN_POINT( '', ( -1.70494773036111, 5.20373981707385, 3.02223742379464 ) );
#6132 = CARTESIAN_POINT( '', ( -1.59316663753152, 5.23976637543629, 2.88514815639930 ) );
#6133 = CARTESIAN_POINT( '', ( -1.33673800154891, 5.31097572196591, 2.64000946496277 ) );
#6134 = CARTESIAN_POINT( '', ( -1.19118804310670, 5.34617934374019, 2.53231419156916 ) );
#6135 = CARTESIAN_POINT( '', ( -0.881062846537158, 5.40594957337991, 2.35858101802949 ) );
#6136 = CARTESIAN_POINT( '', ( -0.711961570991832, 5.43133889496968, 2.29000351532677 ) );
#6137 = CARTESIAN_POINT( '', ( -0.363189800002583, 5.46575014428520, 2.19857605640099 ) );
#6138 = CARTESIAN_POINT( '', ( -0.184733446201512, 5.47493314330593, 2.17517266063069 ) );
#6139 = CARTESIAN_POINT( '', ( 0.180749058954305, 5.47506613179260, 2.17482921146191 ) );
#6140 = CARTESIAN_POINT( '', ( 0.360368493259902, 5.46594330090773, 2.19807597882724 ) );
#6141 = CARTESIAN_POINT( '', ( 0.709554909801881, 5.43166028481610, 2.28913668674015 ) );
#6142 = CARTESIAN_POINT( '', ( 0.878755348102647, 5.40634073914797, 2.35748541256778 ) );
#6143 = CARTESIAN_POINT( '', ( 1.18994704000156, 5.34647147112762, 2.53142414954072 ) );
#6144 = CARTESIAN_POINT( '', ( 1.33576134042958, 5.31121995330906, 2.63924071667723 ) );
#6145 = CARTESIAN_POINT( '', ( 1.59208901123711, 5.24009239721138, 2.88395437947818 ) );
#6146 = CARTESIAN_POINT( '', ( 1.70493875273007, 5.20374294235496, 3.02222299545903 ) );
#6147 = CARTESIAN_POINT( '', ( 1.80000000000000, 5.17065034594296, 3.17500000000000 ) );
#6148 = CARTESIAN_POINT( '', ( -1.80000000000000, 6.70000000000000, 3.17500000000000 ) );
#6149 = CARTESIAN_POINT( '', ( -1.80000000000000, -37.8449468225284, 3.17500000000000 ) );
#6150 = VECTOR( '', #7615, 1000.00000000000 );
#6151 = AXIS2_PLACEMENT_3D( '', #7616, #7617, #7618 );
#6152 = COLOUR_RGB( '', 0.752941191196442, 0.752941191196442, 0.752941191196442 );
#6153 = CARTESIAN_POINT( '', ( -12.0788009308512, 2.25000000000000, 17.5758627647031 ) );
#6154 = CARTESIAN_POINT( '', ( -12.3463322705814, 2.25000000000000, 17.6263717140405 ) );
#6155 = AXIS2_PLACEMENT_3D( '', #7619, #7620, #7621 );
#6156 = CARTESIAN_POINT( '', ( -12.3463322705814, -2.25000000000000, 17.6263717140405 ) );
#6157 = CARTESIAN_POINT( '', ( -12.3463322705814, -2.25000000000000, 17.6263717140405 ) );
#6158 = VECTOR( '', #7622, 1000.00000000000 );
#6159 = CARTESIAN_POINT( '', ( -12.0788009308512, -2.25000000000000, 17.5758627647031 ) );
#6160 = AXIS2_PLACEMENT_3D( '', #7623, #7624, #7625 );
#6161 = CARTESIAN_POINT( '', ( -12.0788009308512, -2.25000000000000, 17.5758627647031 ) );
#6162 = VECTOR( '', #7626, 1000.00000000000 );
#6163 = COLOUR_RGB( '', 0.980000019073486, 0.980000019073486, 0.980000019073486 );
#6164 = CARTESIAN_POINT( '', ( -3.59000000000000, -10.4750000000000, -3.59500000000000 ) );
#6165 = AXIS2_PLACEMENT_3D( '', #7627, #7628, #7629 );
#6166 = COLOUR_RGB( '', 0.200000002980232, 0.200000002980232, 0.200000002980232 );
#6167 = CARTESIAN_POINT( '', ( -0.549999999999993, -13.8000000000000, 1.42500000000000 ) );
#6168 = CARTESIAN_POINT( '', ( -0.850000000000000, -14.1000000000000, 1.42500000000000 ) );
#6169 = AXIS2_PLACEMENT_3D( '', #7630, #7631, #7632 );
#6170 = CARTESIAN_POINT( '', ( -0.549999999999994, -13.8000000000000, 3.97500000000000 ) );
#6171 = CARTESIAN_POINT( '', ( -0.549999999999994, -13.8000000000000, -33.8699468225283 ) );
#6172 = VECTOR( '', #7633, 1000.00000000000 );
#6173 = CARTESIAN_POINT( '', ( -0.850000000000000, -14.1000000000000, 3.97500000000000 ) );
#6174 = AXIS2_PLACEMENT_3D( '', #7634, #7635, #7636 );
#6175 = CARTESIAN_POINT( '', ( -0.850000000000000, -14.1000000000000, 1.42500000000000 ) );
#6176 = VECTOR( '', #7637, 1000.00000000000 );
#6177 = COLOUR_RGB( '', 0.200000002980232, 0.200000002980232, 0.200000002980232 );
#6178 = CARTESIAN_POINT( '', ( -2.65141471671257, 6.75000000000000, 2.95000000000000 ) );
#6179 = CARTESIAN_POINT( '', ( -2.41424688654792, 6.75000000000000, 2.83371559633027 ) );
#6180 = AXIS2_PLACEMENT_3D( '', #7638, #7639, #7640 );
#6181 = CARTESIAN_POINT( '', ( -2.65141471671257, 4.64677307386535, 2.95000000000000 ) );
#6182 = CARTESIAN_POINT( '', ( -2.65141471671257, 0.000000000000000, 2.95000000000000 ) );
#6183 = VECTOR( '', #7641, 1000.00000000000 );
#6184 = CARTESIAN_POINT( '', ( -2.41424688654792, 4.77429701325690, 2.83371559633027 ) );
#6185 = CARTESIAN_POINT( '', ( -2.41424688654792, 4.77429701325690, 2.83371559633027 ) );
#6186 = CARTESIAN_POINT( '', ( -2.47374088913177, 4.74421233060990, 2.91051943760708 ) );
#6187 = CARTESIAN_POINT( '', ( -2.56327277694268, 4.69706621978633, 2.95000000000012 ) );
#6188 = CARTESIAN_POINT( '', ( -2.65141471671256, 4.64677307386538, 2.95000000000012 ) );
#6189 = CARTESIAN_POINT( '', ( -2.41424688654792, -34.5930973696680, 2.83371559633027 ) );
#6190 = VECTOR( '', #7642, 1000.00000000000 );
#6191 = COLOUR_RGB( '', 0.200000002980232, 0.200000002980232, 0.200000002980232 );
#6192 = CARTESIAN_POINT( '', ( -5.25000000000000, 9.09326673973661, 3.17500000000000 ) );
#6193 = CARTESIAN_POINT( '', ( -5.25000000000000, 9.26485294000936, 3.17500000000000 ) );
#6194 = CARTESIAN_POINT( '', ( -5.25000000000000, 1.31583005543616E-014, 3.17500000000000 ) );
#6195 = VECTOR( '', #7643, 1000.00000000000 );
#6196 = CARTESIAN_POINT( '', ( -5.25000000000000, 9.26485294000936, 3.97500000000000 ) );
#6197 = CARTESIAN_POINT( '', ( -5.25000000000000, 9.26485294000936, 3.97500000000000 ) );
#6198 = VECTOR( '', #7644, 1000.00000000000 );
#6199 = CARTESIAN_POINT( '', ( -5.25000000000000, 12.6000000000000, 3.97500000000000 ) );
#6200 = CARTESIAN_POINT( '', ( -5.25000000000000, 12.9000000000000, 3.97500000000000 ) );
#6201 = VECTOR( '', #7645, 1000.00000000000 );
#6202 = CARTESIAN_POINT( '', ( -5.25000000000000, 12.6000000000000, 1.42500000000000 ) );
#6203 = CARTESIAN_POINT( '', ( -5.25000000000000, 12.6000000000000, 1.42500000000000 ) );
#6204 = VECTOR( '', #7646, 1000.00000000000 );
#6205 = CARTESIAN_POINT( '', ( -5.25000000000000, 9.09326673973660, 1.42500000000000 ) );
#6206 = CARTESIAN_POINT( '', ( -5.25000000000000, 12.9000000000000, 1.42500000000000 ) );
#6207 = VECTOR( '', #7647, 1000.00000000000 );
#6208 = CARTESIAN_POINT( '', ( -5.25000000000000, 9.09326673973660, 1.42500000000000 ) );
#6209 = VECTOR( '', #7648, 1000.00000000000 );
#6210 = COLOUR_RGB( '', 0.980000019073486, 0.980000019073486, 0.980000019073486 );
#6211 = CARTESIAN_POINT( '', ( 1.79500000000000, 9.28000000000000, -3.59500000000000 ) );
#6212 = AXIS2_PLACEMENT_3D( '', #7649, #7650, #7651 );
#6213 = CARTESIAN_POINT( '', ( 2.09500000000000, 8.98000000000000, 1.42500000000000 ) );
#6214 = AXIS2_PLACEMENT_3D( '', #7652, #7653, #7654 );
#6215 = COLOUR_RGB( '', 0.200000002980232, 0.200000002980232, 0.200000002980232 );
#6216 = CARTESIAN_POINT( '', ( -4.95000000000000, 12.9000000000000, 1.42500000000000 ) );
#6217 = AXIS2_PLACEMENT_3D( '', #7655, #7656, #7657 );
#6218 = CARTESIAN_POINT( '', ( -3.45000000000000, 12.9000000000000, 1.42500000000000 ) );
#6219 = CARTESIAN_POINT( '', ( -3.15000000000000, 12.9000000000000, 1.42500000000000 ) );
#6220 = VECTOR( '', #7658, 1000.00000000000 );
#6221 = CARTESIAN_POINT( '', ( -3.15000000000000, 13.2000000000000, 1.42500000000000 ) );
#6222 = AXIS2_PLACEMENT_3D( '', #7659, #7660, #7661 );
#6223 = CARTESIAN_POINT( '', ( -3.15000000000000, 13.8000000000000, 1.42500000000000 ) );
#6224 = CARTESIAN_POINT( '', ( -3.15000000000000, 14.1000000000000, 1.42500000000000 ) );
#6225 = VECTOR( '', #7662, 1000.00000000000 );
#6226 = CARTESIAN_POINT( '', ( -2.85000000000000, 14.1000000000000, 1.42500000000000 ) );
#6227 = AXIS2_PLACEMENT_3D( '', #7663, #7664, #7665 );
#6228 = CARTESIAN_POINT( '', ( -0.850000000000000, 14.1000000000000, 1.42500000000000 ) );
#6229 = CARTESIAN_POINT( '', ( 3.15000000000000, 14.1000000000000, 1.42500000000000 ) );
#6230 = VECTOR( '', #7666, 1000.00000000000 );
#6231 = CARTESIAN_POINT( '', ( -0.550000000000000, 13.8000000000000, 1.42500000000000 ) );
#6232 = AXIS2_PLACEMENT_3D( '', #7667, #7668, #7669 );
#6233 = CARTESIAN_POINT( '', ( -0.550000000000000, 11.6750000000000, 1.42500000000000 ) );
#6234 = CARTESIAN_POINT( '', ( -0.550000000000000, 12.9000000000000, 1.42500000000000 ) );
#6235 = VECTOR( '', #7670, 1000.00000000000 );
#6236 = CARTESIAN_POINT( '', ( -1.79500000000000, 11.6750000000000, 1.42500000000000 ) );
#6237 = CARTESIAN_POINT( '', ( -5.25000000000000, 11.6750000000000, 1.42500000000000 ) );
#6238 = VECTOR( '', #7671, 1000.00000000000 );
#6239 = CARTESIAN_POINT( '', ( -1.79500000000000, 9.87500000000000, 1.42500000000000 ) );
#6240 = CARTESIAN_POINT( '', ( -1.79500000000000, 12.9000000000000, 1.42500000000000 ) );
#6241 = VECTOR( '', #7672, 1000.00000000000 );
#6242 = CARTESIAN_POINT( '', ( -0.550000000000000, 9.87500000000000, 1.42500000000000 ) );
#6243 = CARTESIAN_POINT( '', ( -5.25000000000000, 9.87500000000000, 1.42500000000000 ) );
#6244 = VECTOR( '', #7673, 1000.00000000000 );
#6245 = CARTESIAN_POINT( '', ( -0.550000000000000, 8.90000000000000, 1.42500000000000 ) );
#6246 = CARTESIAN_POINT( '', ( -0.550000000000000, 12.9000000000000, 1.42500000000000 ) );
#6247 = VECTOR( '', #7674, 1000.00000000000 );
#6248 = AXIS2_PLACEMENT_3D( '', #7675, #7676, #7677 );
#6249 = CARTESIAN_POINT( '', ( 1.79500000000000, 9.87500000000000, 1.42500000000000 ) );
#6250 = CARTESIAN_POINT( '', ( -5.25000000000000, 9.87500000000000, 1.42500000000000 ) );
#6251 = VECTOR( '', #7678, 1000.00000000000 );
#6252 = CARTESIAN_POINT( '', ( 1.79500000000000, 11.6750000000000, 1.42500000000000 ) );
#6253 = CARTESIAN_POINT( '', ( 1.79500000000000, 12.9000000000000, 1.42500000000000 ) );
#6254 = VECTOR( '', #7679, 1000.00000000000 );
#6255 = CARTESIAN_POINT( '', ( -5.25000000000000, 11.6750000000000, 1.42500000000000 ) );
#6256 = VECTOR( '', #7680, 1000.00000000000 );
#6257 = CARTESIAN_POINT( '', ( 0.850000000000000, 14.1000000000000, 1.42500000000000 ) );
#6258 = AXIS2_PLACEMENT_3D( '', #7681, #7682, #7683 );
#6259 = CARTESIAN_POINT( '', ( 2.85000000000000, 14.1000000000000, 1.42500000000000 ) );
#6260 = CARTESIAN_POINT( '', ( 3.15000000000000, 14.1000000000000, 1.42500000000000 ) );
#6261 = VECTOR( '', #7684, 1000.00000000000 );
#6262 = CARTESIAN_POINT( '', ( 3.15000000000000, 13.8000000000000, 1.42500000000000 ) );
#6263 = AXIS2_PLACEMENT_3D( '', #7685, #7686, #7687 );
#6264 = CARTESIAN_POINT( '', ( 3.15000000000000, 12.9000000000000, 1.42500000000000 ) );
#6265 = VECTOR( '', #7688, 1000.00000000000 );
#6266 = CARTESIAN_POINT( '', ( 4.95000000000000, 12.9000000000000, 1.42500000000000 ) );
#6267 = CARTESIAN_POINT( '', ( 5.25000000000000, 12.9000000000000, 1.42500000000000 ) );
#6268 = VECTOR( '', #7689, 1000.00000000000 );
#6269 = CARTESIAN_POINT( '', ( 5.25000000000000, 12.6000000000000, 1.42500000000000 ) );
#6270 = AXIS2_PLACEMENT_3D( '', #7690, #7691, #7692 );
#6271 = CARTESIAN_POINT( '', ( 5.25000000000000, 9.09326673973660, 1.42500000000000 ) );
#6272 = CARTESIAN_POINT( '', ( 5.25000000000000, 9.09326673973660, 1.42500000000000 ) );
#6273 = VECTOR( '', #7693, 1000.00000000000 );
#6274 = CARTESIAN_POINT( '', ( 3.23961903431457, 6.80213440670112, 1.42500000000000 ) );
#6275 = CARTESIAN_POINT( '', ( 3.15000000000000, 6.70000000000000, 1.42500000000000 ) );
#6276 = VECTOR( '', #7694, 1000.00000000000 );
#6277 = CARTESIAN_POINT( '', ( 3.01412134699055, 6.70000000000000, 1.42500000000000 ) );
#6278 = AXIS2_PLACEMENT_3D( '', #7695, #7696, #7697 );
#6279 = CARTESIAN_POINT( '', ( -3.15000000000000, 6.70000000000000, 1.42500000000000 ) );
#6280 = CARTESIAN_POINT( '', ( -3.15000000000000, 6.70000000000000, 1.42500000000000 ) );
#6281 = VECTOR( '', #7698, 1000.00000000000 );
#6282 = CARTESIAN_POINT( '', ( -5.25000000000000, 9.09326673973660, 1.42500000000000 ) );
#6283 = VECTOR( '', #7699, 1000.00000000000 );
#6284 = CARTESIAN_POINT( '', ( 3.89000000000000, 10.7750000000000, 1.42500000000000 ) );
#6285 = AXIS2_PLACEMENT_3D( '', #7700, #7701, #7702 );
#6286 = CARTESIAN_POINT( '', ( -1.79500000000000, 9.28000000000000, 1.42500000000000 ) );
#6287 = AXIS2_PLACEMENT_3D( '', #7703, #7704, #7705 );
#6288 = CARTESIAN_POINT( '', ( -1.79500000000000, 12.8700000000000, 1.42500000000000 ) );
#6289 = AXIS2_PLACEMENT_3D( '', #7706, #7707, #7708 );
#6290 = CARTESIAN_POINT( '', ( -3.59000000000000, 11.0750000000000, 1.42500000000000 ) );
#6291 = AXIS2_PLACEMENT_3D( '', #7709, #7710, #7711 );
#6292 = COLOUR_RGB( '', 0.200000002980232, 0.200000002980232, 0.200000002980232 );
#6293 = CARTESIAN_POINT( '', ( 19.1238477847700, 9.87500000000000, -22.9328181713633 ) );
#6294 = VECTOR( '', #7712, 1000.00000000000 );
#6295 = COLOUR_RGB( '', 0.200000002980232, 0.200000002980232, 0.200000002980232 );
#6296 = CARTESIAN_POINT( '', ( -13.0464830941420, -3.00968094436488, 1.20756310973602 ) );
#6297 = CARTESIAN_POINT( '', ( -10.3042523220914, -3.57277687014026, 0.000000000000000 ) );
#6298 = CARTESIAN_POINT( '', ( -2.64028521701587, -5.14651336822402, -3.37488881119909 ) );
#6299 = VECTOR( '', #7713, 1000.00000000000 );
#6300 = CARTESIAN_POINT( '', ( -12.6241161390704, -2.85000000000000, 1.55000000000000 ) );
#6301 = AXIS2_PLACEMENT_3D( '', #7714, #7715, #7716 );
#6302 = CARTESIAN_POINT( '', ( -10.8250000000000, -2.85000000000000, 1.55000000000000 ) );
#6303 = CARTESIAN_POINT( '', ( -13.8241161390704, -2.85000000000000, 1.55000000000000 ) );
#6304 = VECTOR( '', #7717, 1000.00000000000 );
#6305 = CARTESIAN_POINT( '', ( -10.1022231298597, -3.57277687014026, 2.16840434497101E-016 ) );
#6306 = CARTESIAN_POINT( '', ( -9.18457754972219, -4.49042245027781, -1.96789729718000 ) );
#6307 = VECTOR( '', #7718, 1000.00000000000 );
#6308 = CARTESIAN_POINT( '', ( -17.3241161390705, -3.57277687014025, 0.000000000000000 ) );
#6309 = VECTOR( '', #7719, 1000.00000000000 );
#6310 = COLOUR_RGB( '', 0.752941191196442, 0.752941191196442, 0.752941191196442 );
#6311 = CARTESIAN_POINT( '', ( -11.8417323132024, 0.310000000000000, 1.46436271221378 ) );
#6312 = AXIS2_PLACEMENT_3D( '', #7720, #7721, #7722 );
#6313 = CARTESIAN_POINT( '', ( -11.8417323132024, 2.25000000000000, 1.46436271221378 ) );
#6314 = CARTESIAN_POINT( '', ( -11.8417323132024, -2.25000000000000, 1.46436271221378 ) );
#6315 = VECTOR( '', #7723, 1000.00000000000 );
#6316 = AXIS2_PLACEMENT_3D( '', #7724, #7725, #7726 );
#6317 = COLOUR_RGB( '', 0.200000002980232, 0.200000002980232, 0.200000002980232 );
#6318 = CARTESIAN_POINT( '', ( 0.575000000000000, -6.50000000000000, 15.4250000000000 ) );
#6319 = CARTESIAN_POINT( '', ( -0.575000000000000, -6.50000000000000, 15.4250000000000 ) );
#6320 = CARTESIAN_POINT( '', ( 0.875000000000000, -6.50000000000000, 15.4250000000000 ) );
#6321 = VECTOR( '', #7727, 1000.00000000000 );
#6322 = CARTESIAN_POINT( '', ( -0.575000000000000, -6.50000000000000, 14.7750000000000 ) );
#6323 = CARTESIAN_POINT( '', ( -0.575000000000000, -6.50000000000000, 14.7750000000000 ) );
#6324 = VECTOR( '', #7728, 1000.00000000000 );
#6325 = CARTESIAN_POINT( '', ( 0.575000000000000, -6.50000000000000, 14.7750000000000 ) );
#6326 = CARTESIAN_POINT( '', ( -6.07500000000000, -6.50000000000000, 14.7750000000000 ) );
#6327 = VECTOR( '', #7729, 1000.00000000000 );
#6328 = CARTESIAN_POINT( '', ( 0.575000000000000, -6.50000000000000, 15.4250000000000 ) );
#6329 = VECTOR( '', #7730, 1000.00000000000 );
#6330 = COLOUR_RGB( '', 0.200000002980232, 0.200000002980232, 0.200000002980232 );
#6331 = CARTESIAN_POINT( '', ( 8.11456998140440, 9.20954615766602, 9.30000000000000 ) );
#6332 = CARTESIAN_POINT( '', ( 7.69030591269248, 9.20954615766602, 9.30000000000000 ) );
#6333 = AXIS2_PLACEMENT_3D( '', #7731, #7732, #7733 );
#6334 = CARTESIAN_POINT( '', ( 8.11456998140440, 9.20954615766602, 0.000000000000000 ) );
#6335 = CARTESIAN_POINT( '', ( 8.11456998140440, 9.20954615766602, 9.30000000000000 ) );
#6336 = VECTOR( '', #7734, 1000.00000000000 );
#6337 = CARTESIAN_POINT( '', ( 7.69030591269248, 9.20954615766602, 0.000000000000000 ) );
#6338 = AXIS2_PLACEMENT_3D( '', #7735, #7736, #7737 );
#6339 = CARTESIAN_POINT( '', ( 7.69030591269248, 9.20954615766602, 0.000000000000000 ) );
#6340 = VECTOR( '', #7738, 1000.00000000000 );
#6341 = COLOUR_RGB( '', 0.980000019073486, 0.980000019073486, 0.980000019073486 );
#6342 = CARTESIAN_POINT( '', ( -1.79500000000000, 9.28000000000000, -3.59500000000000 ) );
#6343 = AXIS2_PLACEMENT_3D( '', #7739, #7740, #7741 );
#6344 = COLOUR_RGB( '', 0.200000002980232, 0.200000002980232, 0.200000002980232 );
#6345 = CARTESIAN_POINT( '', ( -0.875000000000000, -7.00000000000000, 15.4250000000000 ) );
#6346 = CARTESIAN_POINT( '', ( -0.875000000000000, -7.00000000000000, 15.4250000000000 ) );
#6347 = VECTOR( '', #7742, 1000.00000000000 );
#6348 = CARTESIAN_POINT( '', ( -2.76690734369030, -7.00000000000000, 15.4250000000000 ) );
#6349 = CARTESIAN_POINT( '', ( -2.76690734369030, -7.00000000000000, 15.4250000000000 ) );
#6350 = VECTOR( '', #7743, 1000.00000000000 );
#6351 = CARTESIAN_POINT( '', ( -2.76690734369030, -7.00000000000000, 15.4250000000000 ) );
#6352 = VECTOR( '', #7744, 1000.00000000000 );
#6353 = COLOUR_RGB( '', 0.200000002980232, 0.200000002980232, 0.200000002980232 );
#6354 = CARTESIAN_POINT( '', ( 0.875000000000000, -6.80000000000000, 14.7750000000000 ) );
#6355 = AXIS2_PLACEMENT_3D( '', #7745, #7746, #7747 );
#6356 = CARTESIAN_POINT( '', ( 0.875000000000000, -6.80000000000000, 15.4250000000000 ) );
#6357 = CARTESIAN_POINT( '', ( 0.875000000000000, -6.80000000000000, 14.7750000000000 ) );
#6358 = VECTOR( '', #7748, 1000.00000000000 );
#6359 = AXIS2_PLACEMENT_3D( '', #7749, #7750, #7751 );
#6360 = COLOUR_RGB( '', 0.200000002980232, 0.200000002980232, 0.200000002980232 );
#6361 = CARTESIAN_POINT( '', ( -2.85000000000000, -14.1000000000000, 1.42500000000000 ) );
#6362 = CARTESIAN_POINT( '', ( 3.15000000000000, -14.1000000000000, 1.42500000000000 ) );
#6363 = VECTOR( '', #7752, 1000.00000000000 );
#6364 = CARTESIAN_POINT( '', ( -2.85000000000000, -14.1000000000000, 3.97500000000000 ) );
#6365 = CARTESIAN_POINT( '', ( 3.15000000000000, -14.1000000000000, 3.97500000000000 ) );
#6366 = VECTOR( '', #7753, 1000.00000000000 );
#6367 = CARTESIAN_POINT( '', ( -2.85000000000000, -14.1000000000000, 1.42500000000000 ) );
#6368 = VECTOR( '', #7754, 1000.00000000000 );
#6369 = COLOUR_RGB( '', 0.980000019073486, 0.980000019073486, 0.980000019073486 );
#6370 = CARTESIAN_POINT( '', ( -3.59000000000000, 11.0750000000000, -3.59500000000000 ) );
#6371 = AXIS2_PLACEMENT_3D( '', #7755, #7756, #7757 );
#6372 = COLOUR_RGB( '', 0.752941191196442, 0.752941191196442, 0.752941191196442 );
#6373 = CARTESIAN_POINT( '', ( -10.9612813593697, -2.25000000000000, 0.990225476916847 ) );
#6374 = CARTESIAN_POINT( '', ( -10.9612813593697, -0.310000000000000, 0.990225476916847 ) );
#6375 = CARTESIAN_POINT( '', ( -10.9612813593697, -2.25000000000000, 0.990225476916847 ) );
#6376 = VECTOR( '', #7758, 1000.00000000000 );
#6377 = CARTESIAN_POINT( '', ( -11.8417323132024, -0.310000000000000, 1.46436271221378 ) );
#6378 = VECTOR( '', #7759, 1000.00000000000 );
#6379 = CARTESIAN_POINT( '', ( -11.8417323132024, -2.25000000000000, 1.46436271221378 ) );
#6380 = VECTOR( '', #7760, 1000.00000000000 );
#6381 = COLOUR_RGB( '', 0.200000002980232, 0.200000002980232, 0.200000002980232 );
#6382 = CARTESIAN_POINT( '', ( 5.25000000000000, -12.6000000000000, 1.42500000000000 ) );
#6383 = AXIS2_PLACEMENT_3D( '', #7761, #7762, #7763 );
#6384 = CARTESIAN_POINT( '', ( 5.25000000000000, -12.6000000000000, 3.97500000000000 ) );
#6385 = CARTESIAN_POINT( '', ( 5.25000000000000, -12.6000000000000, 1.42500000000000 ) );
#6386 = VECTOR( '', #7764, 1000.00000000000 );
#6387 = AXIS2_PLACEMENT_3D( '', #7765, #7766, #7767 );
#6388 = COLOUR_RGB( '', 0.200000002980232, 0.200000002980232, 0.200000002980232 );
#6389 = CARTESIAN_POINT( '', ( 5.39583333333334, 9.00749591389798, 3.97500000000000 ) );
#6390 = CARTESIAN_POINT( '', ( 5.39583333333334, -9.00749591389798, 3.97500000000000 ) );
#6391 = AXIS2_PLACEMENT_3D( '', #7768, #7769, #7770 );
#6392 = CARTESIAN_POINT( '', ( 5.39583333333334, -9.00749591389798, 3.17500000000000 ) );
#6393 = CARTESIAN_POINT( '', ( 5.39583333333334, -9.00749591389798, 54.0000000000000 ) );
#6394 = VECTOR( '', #7771, 1000.00000000000 );
#6395 = CARTESIAN_POINT( '', ( 5.39583333333334, 9.00749591389798, 3.17500000000000 ) );
#6396 = AXIS2_PLACEMENT_3D( '', #7772, #7773, #7774 );
#6397 = CARTESIAN_POINT( '', ( 5.39583333333334, 9.00749591389798, 54.0000000000000 ) );
#6398 = VECTOR( '', #7775, 1000.00000000000 );
#6399 = COLOUR_RGB( '', 0.200000002980232, 0.200000002980232, 0.200000002980232 );
#6400 = CARTESIAN_POINT( '', ( 3.15000000000000, 13.8000000000000, 3.97500000000000 ) );
#6401 = CARTESIAN_POINT( '', ( 3.15000000000000, 13.8000000000000, 1.42500000000000 ) );
#6402 = VECTOR( '', #7776, 1000.00000000000 );
#6403 = CARTESIAN_POINT( '', ( 3.15000000000000, 12.9000000000000, 3.97500000000000 ) );
#6404 = VECTOR( '', #7777, 1000.00000000000 );
#6405 = COLOUR_RGB( '', 0.200000002980232, 0.200000002980232, 0.200000002980232 );
#6406 = CARTESIAN_POINT( '', ( -5.39583333333333, 9.00749591389799, 3.17500000000000 ) );
#6407 = AXIS2_PLACEMENT_3D( '', #7778, #7779, #7780 );
#6408 = CARTESIAN_POINT( '', ( -5.39583333333333, 9.00749591389799, 3.97500000000000 ) );
#6409 = CARTESIAN_POINT( '', ( -5.39583333333333, 9.00749591389799, 54.0000000000000 ) );
#6410 = VECTOR( '', #7781, 1000.00000000000 );
#6411 = AXIS2_PLACEMENT_3D( '', #7782, #7783, #7784 );
#6412 = COLOUR_RGB( '', 0.200000002980232, 0.200000002980232, 0.200000002980232 );
#6413 = CARTESIAN_POINT( '', ( 0.875000000000000, -7.00000000000000, 15.9750000000000 ) );
#6414 = CARTESIAN_POINT( '', ( 2.76690734369031, -7.00000000000000, 15.9750000000000 ) );
#6415 = CARTESIAN_POINT( '', ( -2.76690734369030, -7.00000000000000, 15.9750000000000 ) );
#6416 = VECTOR( '', #7785, 1000.00000000000 );
#6417 = CARTESIAN_POINT( '', ( 0.875000000000000, -10.4634781502137, 15.9750000000000 ) );
#6418 = CARTESIAN_POINT( '', ( 0.875000000000000, 0.000000000000000, 15.9750000000000 ) );
#6419 = VECTOR( '', #7786, 1000.00000000000 );
#6420 = CARTESIAN_POINT( '', ( 5.00000000000000, -9.23309265630969, 15.9750000000000 ) );
#6421 = AXIS2_PLACEMENT_3D( '', #7787, #7788, #7789 );
#6422 = CARTESIAN_POINT( '', ( 2.76690734369031, -7.00000000000000, 15.9750000000000 ) );
#6423 = VECTOR( '', #7790, 1000.00000000000 );
#6424 = COLOUR_RGB( '', 0.200000002980232, 0.200000002980232, 0.200000002980232 );
#6425 = CARTESIAN_POINT( '', ( -0.549999999999993, -9.98486354438557, 3.97500000000000 ) );
#6426 = CARTESIAN_POINT( '', ( -0.549999999999992, -8.90000000000000, 3.97500000000000 ) );
#6427 = VECTOR( '', #7791, 1000.00000000000 );
#6428 = AXIS2_PLACEMENT_3D( '', #7792, #7793, #7794 );
#6429 = CARTESIAN_POINT( '', ( -0.550000000000000, 13.8000000000000, 3.97500000000000 ) );
#6430 = CARTESIAN_POINT( '', ( -0.550000000000000, 8.90000000000000, 3.97500000000000 ) );
#6431 = VECTOR( '', #7795, 1000.00000000000 );
#6432 = CARTESIAN_POINT( '', ( -0.850000000000000, 14.1000000000000, 3.97500000000000 ) );
#6433 = AXIS2_PLACEMENT_3D( '', #7796, #7797, #7798 );
#6434 = CARTESIAN_POINT( '', ( -2.85000000000000, 14.1000000000000, 3.97500000000000 ) );
#6435 = CARTESIAN_POINT( '', ( 3.15000000000000, 14.1000000000000, 3.97500000000000 ) );
#6436 = VECTOR( '', #7799, 1000.00000000000 );
#6437 = CARTESIAN_POINT( '', ( -3.15000000000000, 13.8000000000000, 3.97500000000000 ) );
#6438 = AXIS2_PLACEMENT_3D( '', #7800, #7801, #7802 );
#6439 = CARTESIAN_POINT( '', ( -3.15000000000000, 13.2000000000000, 3.97500000000000 ) );
#6440 = CARTESIAN_POINT( '', ( -3.15000000000000, 14.1000000000000, 3.97500000000000 ) );
#6441 = VECTOR( '', #7803, 1000.00000000000 );
#6442 = CARTESIAN_POINT( '', ( -3.45000000000000, 12.9000000000000, 3.97500000000000 ) );
#6443 = AXIS2_PLACEMENT_3D( '', #7804, #7805, #7806 );
#6444 = CARTESIAN_POINT( '', ( -4.95000000000000, 12.9000000000000, 3.97500000000000 ) );
#6445 = CARTESIAN_POINT( '', ( -3.15000000000000, 12.9000000000000, 3.97500000000000 ) );
#6446 = VECTOR( '', #7807, 1000.00000000000 );
#6447 = AXIS2_PLACEMENT_3D( '', #7808, #7809, #7810 );
#6448 = CARTESIAN_POINT( '', ( -5.39583333333333, -9.00749591389799, 3.97500000000000 ) );
#6449 = AXIS2_PLACEMENT_3D( '', #7811, #7812, #7813 );
#6450 = CARTESIAN_POINT( '', ( -5.25000000000000, -9.26485294000936, 3.97500000000000 ) );
#6451 = AXIS2_PLACEMENT_3D( '', #7814, #7815, #7816 );
#6452 = CARTESIAN_POINT( '', ( -5.25000000000000, -12.6000000000000, 3.97500000000000 ) );
#6453 = CARTESIAN_POINT( '', ( -5.25000000000000, -12.9000000000000, 3.97500000000000 ) );
#6454 = VECTOR( '', #7817, 1000.00000000000 );
#6455 = AXIS2_PLACEMENT_3D( '', #7818, #7819, #7820 );
#6456 = AXIS2_PLACEMENT_3D( '', #7821, #7822, #7823 );
#6457 = COLOUR_RGB( '', 0.200000002980232, 0.200000002980232, 0.200000002980232 );
#6458 = CARTESIAN_POINT( '', ( -2.85000000000000, 14.1000000000000, 1.42500000000000 ) );
#6459 = VECTOR( '', #7824, 1000.00000000000 );
#6460 = CARTESIAN_POINT( '', ( -0.850000000000000, 14.1000000000000, 1.42500000000000 ) );
#6461 = VECTOR( '', #7825, 1000.00000000000 );
#6462 = COLOUR_RGB( '', 0.200000002980232, 0.200000002980232, 0.200000002980232 );
#6463 = CARTESIAN_POINT( '', ( 13.1182337861293, 3.01714790949589, 1.23104843031233 ) );
#6464 = CARTESIAN_POINT( '', ( 13.8241161390704, 2.85000000000000, 1.55000000000000 ) );
#6465 = CARTESIAN_POINT( '', ( -0.904261258876802, 6.33757478080587, -5.10498871087252 ) );
#6466 = VECTOR( '', #7826, 1000.00000000000 );
#6467 = CARTESIAN_POINT( '', ( 13.0464830941421, 3.00968094436488, 1.20756310973603 ) );
#6468 = AXIS2_PLACEMENT_3D( '', #7827, #7828, #7829 );
#6469 = CARTESIAN_POINT( '', ( 10.3042523220914, 3.57277687014025, 2.59753268683568E-015 ) );
#6470 = CARTESIAN_POINT( '', ( 2.64028521701586, 5.14651336822401, -3.37488881119909 ) );
#6471 = VECTOR( '', #7830, 1000.00000000000 );
#6472 = CARTESIAN_POINT( '', ( 12.0277957955108, 5.29632034355963, 2.60208521396521E-015 ) );
#6473 = CARTESIAN_POINT( '', ( -12.6172783736627, -19.3487538256139, 2.60208521396522E-015 ) );
#6474 = VECTOR( '', #7831, 1000.00000000000 );
#6475 = CARTESIAN_POINT( '', ( 13.8241161390704, 3.50000000000000, 1.31252997265152 ) );
#6476 = CARTESIAN_POINT( '', ( 14.1491161390704, 3.17500000000000, 1.55000000000000 ) );
#6477 = VECTOR( '', #7832, 1000.00000000000 );
#6478 = CARTESIAN_POINT( '', ( 13.8241161390704, 0.925494608306810, 2.25309591999644 ) );
#6479 = VECTOR( '', #7833, 1000.00000000000 );
#6480 = COLOUR_RGB( '', 0.200000002980232, 0.200000002980232, 0.200000002980232 );
#6481 = CARTESIAN_POINT( '', ( 4.95000000000000, 12.9000000000000, 3.97500000000000 ) );
#6482 = CARTESIAN_POINT( '', ( 5.25000000000000, 12.9000000000000, 3.97500000000000 ) );
#6483 = VECTOR( '', #7834, 1000.00000000000 );
#6484 = CARTESIAN_POINT( '', ( 4.95000000000000, 12.9000000000000, 1.42500000000000 ) );
#6485 = VECTOR( '', #7835, 1000.00000000000 );
#6486 = COLOUR_RGB( '', 0.200000002980232, 0.200000002980232, 0.200000002980232 );
#6487 = CARTESIAN_POINT( '', ( -7.08786796564403, -8.60710821061757, 9.30000000000000 ) );
#6488 = CARTESIAN_POINT( '', ( -7.69030591269248, -9.20954615766602, 9.30000000000000 ) );
#6489 = CARTESIAN_POINT( '', ( -7.90243794704844, -9.42167819202198, 9.30000000000000 ) );
#6490 = VECTOR( '', #7836, 1000.00000000000 );
#6491 = CARTESIAN_POINT( '', ( -7.10314606741573, -8.16859479622759, 9.30000000000000 ) );
#6492 = AXIS2_PLACEMENT_3D( '', #7837, #7838, #7839 );
#6493 = CARTESIAN_POINT( '', ( -7.10314606741573, 8.16859479622759, 9.30000000000000 ) );
#6494 = AXIS2_PLACEMENT_3D( '', #7840, #7841, #7842 );
#6495 = CARTESIAN_POINT( '', ( -7.08786796564403, 8.60710821061758, 9.30000000000000 ) );
#6496 = AXIS2_PLACEMENT_3D( '', #7843, #7844, #7845 );
#6497 = CARTESIAN_POINT( '', ( -7.69030591269248, 9.20954615766602, 9.30000000000000 ) );
#6498 = CARTESIAN_POINT( '', ( -7.90243794704844, 9.42167819202199, 9.30000000000000 ) );
#6499 = VECTOR( '', #7846, 1000.00000000000 );
#6500 = CARTESIAN_POINT( '', ( -8.11456998140441, 9.20954615766602, 9.30000000000000 ) );
#6501 = AXIS2_PLACEMENT_3D( '', #7847, #7848, #7849 );
#6502 = CARTESIAN_POINT( '', ( -13.8241161390704, 3.50000000000000, 9.30000000000000 ) );
#6503 = CARTESIAN_POINT( '', ( 4.17424493773362E-016, 17.3241161390704, 9.30000000000000 ) );
#6504 = VECTOR( '', #7850, 1000.00000000000 );
#6505 = CARTESIAN_POINT( '', ( -13.8241161390704, -3.50000000000000, 9.30000000000000 ) );
#6506 = CARTESIAN_POINT( '', ( -13.8241161390704, 3.50000000000000, 9.30000000000000 ) );
#6507 = VECTOR( '', #7851, 1000.00000000000 );
#6508 = CARTESIAN_POINT( '', ( -8.11456998140440, -9.20954615766602, 9.30000000000000 ) );
#6509 = CARTESIAN_POINT( '', ( -13.8241161390704, -3.50000000000000, 9.30000000000000 ) );
#6510 = VECTOR( '', #7852, 1000.00000000000 );
#6511 = AXIS2_PLACEMENT_3D( '', #7853, #7854, #7855 );
#6512 = COLOUR_RGB( '', 0.200000002980232, 0.200000002980232, 0.200000002980232 );
#6513 = CARTESIAN_POINT( '', ( -3.23961903431456, -6.80213440670112, 1.42500000000000 ) );
#6514 = AXIS2_PLACEMENT_3D( '', #7856, #7857, #7858 );
#6515 = CARTESIAN_POINT( '', ( -3.23961903431456, -6.80213440670112, 3.17500000000000 ) );
#6516 = CARTESIAN_POINT( '', ( -3.23961903431456, -6.80213440670112, 1.42500000000000 ) );
#6517 = VECTOR( '', #7859, 1000.00000000000 );
#6518 = AXIS2_PLACEMENT_3D( '', #7860, #7861, #7862 );
#6519 = COLOUR_RGB( '', 0.980000019073486, 0.980000019073486, 0.980000019073486 );
#6520 = CARTESIAN_POINT( '', ( -3.59000000000000, -10.4750000000000, 1.42500000000000 ) );
#6521 = AXIS2_PLACEMENT_3D( '', #7863, #7864, #7865 );
#6522 = COLOUR_RGB( '', 0.752941191196442, 0.752941191196442, 0.752941191196442 );
#6523 = CARTESIAN_POINT( '', ( -14.5443995276920, 0.300000000000000, 2.34934012031235 ) );
#6524 = CARTESIAN_POINT( '', ( -14.6150000000000, 0.300000000000000, 1.16315926586006 ) );
#6525 = AXIS2_PLACEMENT_3D( '', #7866, #7867, #7868 );
#6526 = CARTESIAN_POINT( '', ( -14.6150000000000, -0.300000000000000, 1.16315926586006 ) );
#6527 = CARTESIAN_POINT( '', ( -14.6150000000000, -0.300000000000000, 1.16315926586006 ) );
#6528 = VECTOR( '', #7869, 1000.00000000000 );
#6529 = CARTESIAN_POINT( '', ( -14.5443995276920, -0.300000000000000, 2.34934012031235 ) );
#6530 = AXIS2_PLACEMENT_3D( '', #7870, #7871, #7872 );
#6531 = CARTESIAN_POINT( '', ( -14.5443995276920, -0.300000000000000, 2.34934012031235 ) );
#6532 = VECTOR( '', #7873, 1000.00000000000 );
#6533 = COLOUR_RGB( '', 0.752941191196442, 0.752941191196442, 0.752941191196442 );
#6534 = CARTESIAN_POINT( '', ( -13.9776321543506, 0.300000000000000, 3.55406702286817 ) );
#6535 = AXIS2_PLACEMENT_3D( '', #7874, #7875, #7876 );
#6536 = CARTESIAN_POINT( '', ( -13.9776321543506, -0.300000000000000, 3.55406702286817 ) );
#6537 = CARTESIAN_POINT( '', ( -13.9776321543506, -0.300000000000000, 3.55406702286817 ) );
#6538 = VECTOR( '', #7877, 1000.00000000000 );
#6539 = AXIS2_PLACEMENT_3D( '', #7878, #7879, #7880 );
#6540 = COLOUR_RGB( '', 0.200000002980232, 0.200000002980232, 0.200000002980232 );
#6541 = CARTESIAN_POINT( '', ( -3.45000000000000, 12.9000000000000, 1.42500000000000 ) );
#6542 = VECTOR( '', #7881, 1000.00000000000 );
#6543 = CARTESIAN_POINT( '', ( -3.15000000000000, 13.2000000000000, 3.97500000000000 ) );
#6544 = VECTOR( '', #7882, 1000.00000000000 );
#6545 = COLOUR_RGB( '', 0.200000002980232, 0.200000002980232, 0.200000002980232 );
#6546 = CARTESIAN_POINT( '', ( -3.15000000000000, 13.8000000000000, 1.42500000000000 ) );
#6547 = VECTOR( '', #7883, 1000.00000000000 );
#6548 = COLOUR_RGB( '', 0.200000002980232, 0.200000002980232, 0.200000002980232 );
#6549 = CARTESIAN_POINT( '', ( 1.00000000000000, 9.00000000000000, 17.4750000000000 ) );
#6550 = AXIS2_PLACEMENT_3D( '', #7884, #7885, #7886 );
#6551 = CARTESIAN_POINT( '', ( 1.00000000000000, 9.00000000000000, 15.9750000000000 ) );
#6552 = AXIS2_PLACEMENT_3D( '', #7887, #7888, #7889 );
#6553 = COLOUR_RGB( '', 0.200000002980232, 0.200000002980232, 0.200000002980232 );
#6554 = CARTESIAN_POINT( '', ( 5.35000000000000, 0.000000000000000, 9.30000000000000 ) );
#6555 = AXIS2_PLACEMENT_3D( '', #7890, #7891, #7892 );
#6556 = CARTESIAN_POINT( '', ( 2.41424688654792, 4.77429701325690, 2.83371559633027 ) );
#6557 = CARTESIAN_POINT( '', ( 2.65141471671257, 4.64677307386535, 2.95000000000000 ) );
#6558 = CARTESIAN_POINT( '', ( 2.56315269555282, 4.69713473734876, 2.95000000000000 ) );
#6559 = CARTESIAN_POINT( '', ( 2.47383948093423, 4.74416247511264, 2.91064671479222 ) );
#6560 = CARTESIAN_POINT( '', ( 2.41424688654769, 4.77429701325711, 2.83371559633062 ) );
#6561 = CARTESIAN_POINT( '', ( 2.41424688654791, 4.77429701325690, 2.83371559633028 ) );
#6562 = CARTESIAN_POINT( '', ( 2.27527756140791, 4.84457045029135, 2.65431300906355 ) );
#6563 = CARTESIAN_POINT( '', ( 2.11731441988332, 4.91687190560266, 2.49124605340899 ) );
#6564 = CARTESIAN_POINT( '', ( 1.76293770676824, 5.05477005716436, 2.19971552643169 ) );
#6565 = CARTESIAN_POINT( '', ( 1.57185300415389, 5.11831367849998, 2.07548946513484 ) );
#6566 = CARTESIAN_POINT( '', ( 1.16002710982894, 5.22706360040219, 1.86953532857963 ) );
#6567 = CARTESIAN_POINT( '', ( 0.935803408445448, 5.27255401544496, 1.78745612951590 ) );
#6568 = CARTESIAN_POINT( '', ( 0.479180724853224, 5.33347351150937, 1.67871068147466 ) );
#6569 = CARTESIAN_POINT( '', ( 0.245031569682919, 5.34979515823808, 1.65035886032711 ) );
#6570 = CARTESIAN_POINT( '', ( -0.236003414763043, 5.35020103299577, 1.64964781221153 ) );
#6571 = CARTESIAN_POINT( '', ( -0.471230591404119, 5.33424669891224, 1.67734983003408 ) );
#6572 = CARTESIAN_POINT( '', ( -0.930896625541862, 5.27348818029262, 1.78576977703937 ) );
#6573 = CARTESIAN_POINT( '', ( -1.15433637156318, 5.22836829500700, 1.86712730068834 ) );
#6574 = CARTESIAN_POINT( '', ( -1.56839024283095, 5.11942179675993, 2.07332940674734 ) );
#6575 = CARTESIAN_POINT( '', ( -1.76391187857882, 5.05437815710086, 2.20055640503027 ) );
#6576 = CARTESIAN_POINT( '', ( -2.11570951287976, 4.91750921986730, 2.48988636671625 ) );
#6577 = CARTESIAN_POINT( '', ( -2.27391018397343, 4.84526190009114, 2.65254779181673 ) );
#6578 = CARTESIAN_POINT( '', ( -2.41424688654792, 4.77429701325690, 2.83371559633028 ) );
#6579 = CARTESIAN_POINT( '', ( -2.65141471671257, -4.64677307386535, 2.95000000000000 ) );
#6580 = AXIS2_PLACEMENT_3D( '', #7893, #7894, #7895 );
#6581 = CARTESIAN_POINT( '', ( -2.41424688654792, -4.77429701325690, 2.83371559633027 ) );
#6582 = CARTESIAN_POINT( '', ( -2.65141471671257, -4.64677307386535, 2.95000000000000 ) );
#6583 = CARTESIAN_POINT( '', ( -2.56315269555282, -4.69713473734876, 2.95000000000000 ) );
#6584 = CARTESIAN_POINT( '', ( -2.47383948093423, -4.74416247511264, 2.91064671479222 ) );
#6585 = CARTESIAN_POINT( '', ( -2.41424688654769, -4.77429701325711, 2.83371559633062 ) );
#6586 = CARTESIAN_POINT( '', ( 2.41424688654792, -4.77429701325690, 2.83371559633027 ) );
#6587 = CARTESIAN_POINT( '', ( -2.41424688654791, -4.77429701325689, 2.83371559633028 ) );
#6588 = CARTESIAN_POINT( '', ( -2.27527756140791, -4.84457045029135, 2.65431300906355 ) );
#6589 = CARTESIAN_POINT( '', ( -2.11731441988332, -4.91687190560266, 2.49124605340899 ) );
#6590 = CARTESIAN_POINT( '', ( -1.76293770676823, -5.05477005716436, 2.19971552643169 ) );
#6591 = CARTESIAN_POINT( '', ( -1.57185300415389, -5.11831367849997, 2.07548946513484 ) );
#6592 = CARTESIAN_POINT( '', ( -1.16002710982894, -5.22706360040219, 1.86953532857963 ) );
#6593 = CARTESIAN_POINT( '', ( -0.935803408445449, -5.27255401544496, 1.78745612951590 ) );
#6594 = CARTESIAN_POINT( '', ( -0.479180724853225, -5.33347351150937, 1.67871068147466 ) );
#6595 = CARTESIAN_POINT( '', ( -0.245031569682918, -5.34979515823807, 1.65035886032711 ) );
#6596 = CARTESIAN_POINT( '', ( 0.236003414763044, -5.35020103299577, 1.64964781221153 ) );
#6597 = CARTESIAN_POINT( '', ( 0.471230591404121, -5.33424669891224, 1.67734983003408 ) );
#6598 = CARTESIAN_POINT( '', ( 0.930896625541864, -5.27348818029262, 1.78576977703937 ) );
#6599 = CARTESIAN_POINT( '', ( 1.15433637156319, -5.22836829500700, 1.86712730068834 ) );
#6600 = CARTESIAN_POINT( '', ( 1.56839024283095, -5.11942179675993, 2.07332940674734 ) );
#6601 = CARTESIAN_POINT( '', ( 1.76391187857882, -5.05437815710087, 2.20055640503027 ) );
#6602 = CARTESIAN_POINT( '', ( 2.11570951287975, -4.91750921986730, 2.48988636671625 ) );
#6603 = CARTESIAN_POINT( '', ( 2.27391018397343, -4.84526190009114, 2.65254779181673 ) );
#6604 = CARTESIAN_POINT( '', ( 2.41424688654792, -4.77429701325690, 2.83371559633028 ) );
#6605 = CARTESIAN_POINT( '', ( 2.41424688654792, -4.77429701325690, 2.83371559633027 ) );
#6606 = CARTESIAN_POINT( '', ( 2.47374088913177, -4.74421233060990, 2.91051943760708 ) );
#6607 = CARTESIAN_POINT( '', ( 2.56327277694268, -4.69706621978633, 2.95000000000012 ) );
#6608 = CARTESIAN_POINT( '', ( 2.65141471671256, -4.64677307386538, 2.95000000000012 ) );
#6609 = COLOUR_RGB( '', 0.200000002980232, 0.200000002980232, 0.200000002980232 );
#6610 = CARTESIAN_POINT( '', ( 10.8250000000000, 2.85000000000000, 1.55000000000000 ) );
#6611 = CARTESIAN_POINT( '', ( 12.6241161390704, 2.85000000000000, 1.55000000000000 ) );
#6612 = CARTESIAN_POINT( '', ( 1.23635473184767E-015, 2.85000000000000, 1.55000000000000 ) );
#6613 = VECTOR( '', #7896, 1000.00000000000 );
#6614 = CARTESIAN_POINT( '', ( 12.6241161390704, -2.85000000000000, 1.55000000000000 ) );
#6615 = CARTESIAN_POINT( '', ( 12.6241161390704, -34.5930973696680, 1.55000000000000 ) );
#6616 = VECTOR( '', #7897, 1000.00000000000 );
#6617 = CARTESIAN_POINT( '', ( 10.8250000000000, -2.85000000000000, 1.55000000000000 ) );
#6618 = CARTESIAN_POINT( '', ( 1.23635473184767E-015, -2.85000000000000, 1.55000000000000 ) );
#6619 = VECTOR( '', #7898, 1000.00000000000 );
#6620 = CARTESIAN_POINT( '', ( 10.8250000000000, 0.000000000000000, 1.55000000000000 ) );
#6621 = VECTOR( '', #7899, 1000.00000000000 );
#6622 = COLOUR_RGB( '', 0.980000019073486, 0.980000019073486, 0.980000019073486 );
#6623 = COLOUR_RGB( '', 0.752941191196442, 0.752941191196442, 0.752941191196442 );
#6624 = CARTESIAN_POINT( '', ( -11.1983499770184, -2.25000000000000, 0.549999999999980 ) );
#6625 = CARTESIAN_POINT( '', ( -11.1983499770184, -0.310000000000000, 0.549999999999980 ) );
#6626 = CARTESIAN_POINT( '', ( -11.1983499770184, -2.25000000000000, 0.549999999999980 ) );
#6627 = VECTOR( '', #7900, 1000.00000000000 );
#6628 = CARTESIAN_POINT( '', ( -11.1983499770184, -0.310000000000000, 0.549999999999979 ) );
#6629 = VECTOR( '', #7901, 1000.00000000000 );
#6630 = CARTESIAN_POINT( '', ( -11.1983499770184, -2.25000000000000, 0.549999999999979 ) );
#6631 = VECTOR( '', #7902, 1000.00000000000 );
#6632 = COLOUR_RGB( '', 0.200000002980232, 0.200000002980232, 0.200000002980232 );
#6633 = CARTESIAN_POINT( '', ( 5.25000000000000, 9.09326673973660, 3.17500000000000 ) );
#6634 = CARTESIAN_POINT( '', ( 3.23961903431457, 6.80213440670113, 3.17500000000000 ) );
#6635 = CARTESIAN_POINT( '', ( -1.54185737453953, 1.35292085615553, 3.17500000000000 ) );
#6636 = VECTOR( '', #7903, 1000.00000000000 );
#6637 = CARTESIAN_POINT( '', ( 3.23961903431457, 6.80213440670112, 1.42500000000000 ) );
#6638 = VECTOR( '', #7904, 1000.00000000000 );
#6639 = CARTESIAN_POINT( '', ( 5.25000000000000, 9.09326673973660, 1.42500000000000 ) );
#6640 = VECTOR( '', #7905, 1000.00000000000 );
#6641 = COLOUR_RGB( '', 0.200000002980232, 0.200000002980232, 0.200000002980232 );
#6642 = CARTESIAN_POINT( '', ( -0.550000000000000, 13.8000000000000, -33.8699468225283 ) );
#6643 = VECTOR( '', #7906, 1000.00000000000 );
#6644 = COLOUR_RGB( '', 0.200000002980232, 0.200000002980232, 0.200000002980232 );
#6645 = CARTESIAN_POINT( '', ( -0.549999999999993, 9.87500000000000, 3.17500000000000 ) );
#6646 = CARTESIAN_POINT( '', ( -20.3302563679214, 9.87500000000000, -24.6285732079214 ) );
#6647 = VECTOR( '', #7907, 1000.00000000000 );
#6648 = CARTESIAN_POINT( '', ( -0.550000000000000, 9.87500000000000, -33.8699468225283 ) );
#6649 = VECTOR( '', #7908, 1000.00000000000 );
#6650 = COLOUR_RGB( '', 0.200000002980232, 0.200000002980232, 0.200000002980232 );
#6651 = CARTESIAN_POINT( '', ( 2.85000000000000, -14.1000000000000, 3.97500000000000 ) );
#6652 = CARTESIAN_POINT( '', ( 0.850000000000000, -14.1000000000000, 3.97500000000000 ) );
#6653 = CARTESIAN_POINT( '', ( 3.15000000000000, -14.1000000000000, 3.97500000000000 ) );
#6654 = VECTOR( '', #7909, 1000.00000000000 );
#6655 = CARTESIAN_POINT( '', ( 0.850000000000000, -14.1000000000000, 1.42500000000000 ) );
#6656 = CARTESIAN_POINT( '', ( 0.850000000000000, -14.1000000000000, 1.42500000000000 ) );
#6657 = VECTOR( '', #7910, 1000.00000000000 );
#6658 = CARTESIAN_POINT( '', ( 2.85000000000000, -14.1000000000000, 1.42500000000000 ) );
#6659 = CARTESIAN_POINT( '', ( 3.15000000000000, -14.1000000000000, 1.42500000000000 ) );
#6660 = VECTOR( '', #7911, 1000.00000000000 );
#6661 = CARTESIAN_POINT( '', ( 2.85000000000000, -14.1000000000000, 1.42500000000000 ) );
#6662 = VECTOR( '', #7912, 1000.00000000000 );
#6663 = COLOUR_RGB( '', 0.980000019073486, 0.980000019073486, 0.980000019073486 );
#6664 = CARTESIAN_POINT( '', ( -1.79500000000000, -8.68000000000000, -3.59500000000000 ) );
#6665 = AXIS2_PLACEMENT_3D( '', #7913, #7914, #7915 );
#6666 = COLOUR_RGB( '', 0.752941191196442, 0.752941191196442, 0.752941191196442 );
#6667 = CARTESIAN_POINT( '', ( -14.6150000000000, 0.300000000000000, -3.59000000000000 ) );
#6668 = CARTESIAN_POINT( '', ( -14.6150000000000, 0.300000000000000, -3.59000000000000 ) );
#6669 = VECTOR( '', #7916, 1000.00000000000 );
#6670 = CARTESIAN_POINT( '', ( -14.4776170005829, 0.300000000000000, 3.55017426832687 ) );
#6671 = AXIS2_PLACEMENT_3D( '', #7917, #7918, #7919 );
#6672 = CARTESIAN_POINT( '', ( -14.4776170005830, 0.300000000000000, 3.55017426832690 ) );
#6673 = VECTOR( '', #7920, 1000.00000000000 );
#6674 = CARTESIAN_POINT( '', ( -14.1150000000000, 0.300000000000000, -3.59000000000000 ) );
#6675 = CARTESIAN_POINT( '', ( -14.1150000000000, 0.300000000000000, -3.59000000000000 ) );
#6676 = VECTOR( '', #7921, 1000.00000000000 );
#6677 = CARTESIAN_POINT( '', ( -14.6150000000000, 0.300000000000000, -3.59000000000000 ) );
#6678 = VECTOR( '', #7922, 1000.00000000000 );
#6679 = COLOUR_RGB( '', 0.200000002980232, 0.200000002980232, 0.200000002980232 );
#6680 = CARTESIAN_POINT( '', ( -4.95000000000000, 12.9000000000000, 1.42500000000000 ) );
#6681 = VECTOR( '', #7923, 1000.00000000000 );
#6682 = COLOUR_RGB( '', 0.200000002980232, 0.200000002980232, 0.200000002980232 );
#6683 = CARTESIAN_POINT( '', ( 0.550000000000000, -11.6750000000000, 1.42500000000000 ) );
#6684 = CARTESIAN_POINT( '', ( 0.550000000000000, -13.8000000000000, 1.42500000000000 ) );
#6685 = CARTESIAN_POINT( '', ( 0.550000000000000, -12.9000000000000, 1.42500000000000 ) );
#6686 = VECTOR( '', #7924, 1000.00000000000 );
#6687 = CARTESIAN_POINT( '', ( 0.550000000000000, -13.8000000000000, 3.97500000000000 ) );
#6688 = CARTESIAN_POINT( '', ( 0.550000000000000, -13.8000000000000, -33.8699468225283 ) );
#6689 = VECTOR( '', #7925, 1000.00000000000 );
#6690 = CARTESIAN_POINT( '', ( 0.550000000000000, -9.98486354438557, 3.97500000000000 ) );
#6691 = CARTESIAN_POINT( '', ( 0.550000000000000, -14.1000000000000, 3.97500000000000 ) );
#6692 = VECTOR( '', #7926, 1000.00000000000 );
#6693 = CARTESIAN_POINT( '', ( 0.550000000000000, -8.90000000000000, 3.97500000000000 ) );
#6694 = CARTESIAN_POINT( '', ( 0.550000000000000, -14.1000000000000, 3.97500000000000 ) );
#6695 = VECTOR( '', #7927, 1000.00000000000 );
#6696 = CARTESIAN_POINT( '', ( 0.550000000000000, -8.90000000000000, 1.42500000000000 ) );
#6697 = CARTESIAN_POINT( '', ( 0.550000000000000, -8.90000000000000, -33.8699468225283 ) );
#6698 = VECTOR( '', #7928, 1000.00000000000 );
#6699 = CARTESIAN_POINT( '', ( 0.550000000000000, -9.87500000000000, 1.42500000000000 ) );
#6700 = CARTESIAN_POINT( '', ( 0.550000000000000, -12.9000000000000, 1.42500000000000 ) );
#6701 = VECTOR( '', #7929, 1000.00000000000 );
#6702 = CARTESIAN_POINT( '', ( 0.549999999999993, -9.87500000000000, 3.17500000000000 ) );
#6703 = CARTESIAN_POINT( '', ( 0.550000000000000, -9.87500000000000, -33.8699468225283 ) );
#6704 = VECTOR( '', #7930, 1000.00000000000 );
#6705 = CARTESIAN_POINT( '', ( 0.549999999999993, -11.6750000000000, 3.17500000000000 ) );
#6706 = CARTESIAN_POINT( '', ( 0.550000000000000, -14.1000000000000, 3.17500000000000 ) );
#6707 = VECTOR( '', #7931, 1000.00000000000 );
#6708 = CARTESIAN_POINT( '', ( 0.550000000000000, -11.6750000000000, -33.8699468225283 ) );
#6709 = VECTOR( '', #7932, 1000.00000000000 );
#6710 = COLOUR_RGB( '', 0.200000002980232, 0.200000002980232, 0.200000002980232 );
#6711 = CARTESIAN_POINT( '', ( -5.00000000000000, -9.23309265630969, 15.4250000000000 ) );
#6712 = CARTESIAN_POINT( '', ( -5.00000000000000, -9.23309265630969, 15.4250000000000 ) );
#6713 = VECTOR( '', #7933, 1000.00000000000 );
#6714 = CARTESIAN_POINT( '', ( -5.00000000000000, -9.23309265630969, 15.4250000000000 ) );
#6715 = VECTOR( '', #7934, 1000.00000000000 );
#6716 = COLOUR_RGB( '', 0.200000002980232, 0.200000002980232, 0.200000002980232 );
#6717 = CARTESIAN_POINT( '', ( 1.79500000000000, -11.6750000000000, 1.42500000000000 ) );
#6718 = CARTESIAN_POINT( '', ( 20.3302563679214, -11.6750000000000, -24.6285732079214 ) );
#6719 = VECTOR( '', #7935, 1000.00000000000 );
#6720 = CARTESIAN_POINT( '', ( 1.79500000000000, -9.87500000000000, 1.42500000000000 ) );
#6721 = CARTESIAN_POINT( '', ( 19.1238477847700, -9.87500000000000, -22.9328181713633 ) );
#6722 = VECTOR( '', #7936, 1000.00000000000 );
#6723 = CARTESIAN_POINT( '', ( 1.79500000000000, -12.9000000000000, 1.42500000000000 ) );
#6724 = VECTOR( '', #7937, 1000.00000000000 );
#6725 = COLOUR_RGB( '', 0.752941191196442, 0.752941191196442, 0.752941191196442 );
#6726 = CARTESIAN_POINT( '', ( -14.4776170005830, 0.310000000000000, 3.55017426832687 ) );
#6727 = CARTESIAN_POINT( '', ( -14.4612813593697, 0.310000000000000, 1.73771240838055 ) );
#6728 = AXIS2_PLACEMENT_3D( '', #7938, #7939, #7940 );
#6729 = CARTESIAN_POINT( '', ( -12.3463322705811, 0.310000000000000, 0.973628285959211 ) );
#6730 = AXIS2_PLACEMENT_3D( '', #7941, #7942, #7943 );
#6731 = CARTESIAN_POINT( '', ( -12.0788009308512, 0.310000000000000, 1.02413723529691 ) );
#6732 = AXIS2_PLACEMENT_3D( '', #7944, #7945, #7946 );
#6733 = CARTESIAN_POINT( '', ( -11.1983499770184, 0.310000000000000, 0.549999999999980 ) );
#6734 = CARTESIAN_POINT( '', ( -12.0788009308512, 0.310000000000000, 1.02413723529691 ) );
#6735 = VECTOR( '', #7947, 1000.00000000000 );
#6736 = CARTESIAN_POINT( '', ( -10.9612813593697, 0.310000000000000, 0.990225476916847 ) );
#6737 = CARTESIAN_POINT( '', ( -11.1983499770184, 0.310000000000000, 0.549999999999979 ) );
#6738 = VECTOR( '', #7948, 1000.00000000000 );
#6739 = CARTESIAN_POINT( '', ( -11.8417323132024, 0.310000000000000, 1.46436271221378 ) );
#6740 = VECTOR( '', #7949, 1000.00000000000 );
#6741 = CARTESIAN_POINT( '', ( -13.9776321543500, 0.310000000000000, 3.55406702286818 ) );
#6742 = AXIS2_PLACEMENT_3D( '', #7950, #7951, #7952 );
#6743 = CARTESIAN_POINT( '', ( -14.4999999999986, 0.310000000000000, 3.55000000000000 ) );
#6744 = VECTOR( '', #7953, 1000.00000000000 );
#6745 = COLOUR_RGB( '', 0.200000002980232, 0.200000002980232, 0.200000002980232 );
#6746 = CARTESIAN_POINT( '', ( -5.25000000000000, -9.09326673973661, 3.17500000000000 ) );
#6747 = CARTESIAN_POINT( '', ( 1.54185737453954, -1.35292085615554, 3.17500000000000 ) );
#6748 = VECTOR( '', #7954, 1000.00000000000 );
#6749 = CARTESIAN_POINT( '', ( -5.25000000000000, -9.09326673973660, 1.42500000000000 ) );
#6750 = CARTESIAN_POINT( '', ( -5.25000000000000, -9.09326673973660, 1.42500000000000 ) );
#6751 = VECTOR( '', #7955, 1000.00000000000 );
#6752 = CARTESIAN_POINT( '', ( -5.25000000000000, -9.09326673973660, 1.42500000000000 ) );
#6753 = VECTOR( '', #7956, 1000.00000000000 );
#6754 = COLOUR_RGB( '', 0.200000002980232, 0.200000002980232, 0.200000002980232 );
#6755 = CARTESIAN_POINT( '', ( -0.875000000000000, -6.80000000000000, 14.7750000000000 ) );
#6756 = AXIS2_PLACEMENT_3D( '', #7957, #7958, #7959 );
#6757 = CARTESIAN_POINT( '', ( -0.875000000000000, -6.80000000000000, 15.4250000000000 ) );
#6758 = AXIS2_PLACEMENT_3D( '', #7960, #7961, #7962 );
#6759 = CARTESIAN_POINT( '', ( -0.875000000000000, -6.80000000000000, 15.4250000000000 ) );
#6760 = VECTOR( '', #7963, 1000.00000000000 );
#6761 = COLOUR_RGB( '', 0.200000002980232, 0.200000002980232, 0.200000002980232 );
#6762 = CARTESIAN_POINT( '', ( 5.25000000000000, 12.6000000000000, 3.97500000000000 ) );
#6763 = AXIS2_PLACEMENT_3D( '', #7964, #7965, #7966 );
#6764 = CARTESIAN_POINT( '', ( 5.25000000000000, 12.6000000000000, 1.42500000000000 ) );
#6765 = VECTOR( '', #7967, 1000.00000000000 );
#6766 = COLOUR_RGB( '', 0.200000002980232, 0.200000002980232, 0.200000002980232 );
#6767 = CARTESIAN_POINT( '', ( 0.850000000000000, 14.1000000000000, 3.97500000000000 ) );
#6768 = AXIS2_PLACEMENT_3D( '', #7968, #7969, #7970 );
#6769 = CARTESIAN_POINT( '', ( 0.850000000000000, 14.1000000000000, 1.42500000000000 ) );
#6770 = VECTOR( '', #7971, 1000.00000000000 );
#6771 = COLOUR_RGB( '', 0.980000019073486, 0.980000019073486, 0.980000019073486 );
#6772 = CARTESIAN_POINT( '', ( 3.59000000000000, 11.0750000000000, -3.59500000000000 ) );
#6773 = AXIS2_PLACEMENT_3D( '', #7972, #7973, #7974 );
#6774 = COLOUR_RGB( '', 0.200000002980232, 0.200000002980232, 0.200000002980232 );
#6775 = CARTESIAN_POINT( '', ( -12.0277957955108, 5.29632034355963, 0.000000000000000 ) );
#6776 = CARTESIAN_POINT( '', ( -13.8241161390704, 3.50000000000000, 1.31252997265152 ) );
#6777 = CARTESIAN_POINT( '', ( -12.0277957955108, 5.29632034355963, 2.60208521396521E-015 ) );
#6778 = VECTOR( '', #7975, 1000.00000000000 );
#6779 = CARTESIAN_POINT( '', ( -13.8241161390704, 3.50000000000000, 9.30000000000000 ) );
#6780 = VECTOR( '', #7976, 1000.00000000000 );
#6781 = CARTESIAN_POINT( '', ( -8.11456998140441, 9.20954615766602, 0.000000000000000 ) );
#6782 = CARTESIAN_POINT( '', ( -8.11456998140441, 9.20954615766602, 0.000000000000000 ) );
#6783 = VECTOR( '', #7977, 1000.00000000000 );
#6784 = CARTESIAN_POINT( '', ( 4.17424493773362E-016, 17.3241161390704, 0.000000000000000 ) );
#6785 = VECTOR( '', #7978, 1000.00000000000 );
#6786 = COLOUR_RGB( '', 0.752941191196442, 0.752941191196442, 0.752941191196442 );
#6787 = CARTESIAN_POINT( '', ( -14.1150000000000, -0.300000000000000, -3.59000000000000 ) );
#6788 = CARTESIAN_POINT( '', ( -14.1150000000000, -0.300000000000000, -3.59000000000000 ) );
#6789 = VECTOR( '', #7979, 1000.00000000000 );
#6790 = CARTESIAN_POINT( '', ( -14.1150000000000, -0.300000000000000, -3.59000000000000 ) );
#6791 = VECTOR( '', #7980, 1000.00000000000 );
#6792 = COLOUR_RGB( '', 0.200000002980232, 0.200000002980232, 0.200000002980232 );
#6793 = CARTESIAN_POINT( '', ( 1.80000000000000, -5.17065034594296, 3.17500000000000 ) );
#6794 = CARTESIAN_POINT( '', ( 1.80000000000000, -37.8449468225284, 3.17500000000000 ) );
#6795 = VECTOR( '', #7981, 1000.00000000000 );
#6796 = CARTESIAN_POINT( '', ( -1.80000000000000, -5.17065034594296, 3.17500000000000 ) );
#6797 = CARTESIAN_POINT( '', ( -1.80000000000000, -37.8449468225284, 3.17500000000000 ) );
#6798 = VECTOR( '', #7982, 1000.00000000000 );
#6799 = CARTESIAN_POINT( '', ( 1.80000000000000, -5.17065034594296, 3.17500000000000 ) );
#6800 = CARTESIAN_POINT( '', ( 1.70494773036111, -5.20373981707385, 3.02223742379465 ) );
#6801 = CARTESIAN_POINT( '', ( 1.59316663753152, -5.23976637543629, 2.88514815639930 ) );
#6802 = CARTESIAN_POINT( '', ( 1.33673800154891, -5.31097572196591, 2.64000946496277 ) );
#6803 = CARTESIAN_POINT( '', ( 1.19118804310670, -5.34617934374019, 2.53231419156916 ) );
#6804 = CARTESIAN_POINT( '', ( 0.881062846537159, -5.40594957337991, 2.35858101802949 ) );
#6805 = CARTESIAN_POINT( '', ( 0.711961570991833, -5.43133889496968, 2.29000351532677 ) );
#6806 = CARTESIAN_POINT( '', ( 0.363189800002582, -5.46575014428520, 2.19857605640099 ) );
#6807 = CARTESIAN_POINT( '', ( 0.184733446201512, -5.47493314330593, 2.17517266063069 ) );
#6808 = CARTESIAN_POINT( '', ( -0.180749058954305, -5.47506613179260, 2.17482921146191 ) );
#6809 = CARTESIAN_POINT( '', ( -0.360368493259902, -5.46594330090772, 2.19807597882724 ) );
#6810 = CARTESIAN_POINT( '', ( -0.709554909801882, -5.43166028481610, 2.28913668674015 ) );
#6811 = CARTESIAN_POINT( '', ( -0.878755348102647, -5.40634073914797, 2.35748541256778 ) );
#6812 = CARTESIAN_POINT( '', ( -1.18994704000156, -5.34647147112762, 2.53142414954072 ) );
#6813 = CARTESIAN_POINT( '', ( -1.33576134042958, -5.31121995330906, 2.63924071667723 ) );
#6814 = CARTESIAN_POINT( '', ( -1.59208901123711, -5.24009239721139, 2.88395437947818 ) );
#6815 = CARTESIAN_POINT( '', ( -1.70493875273007, -5.20374294235496, 3.02222299545903 ) );
#6816 = CARTESIAN_POINT( '', ( -1.80000000000000, -5.17065034594296, 3.17500000000000 ) );
#6817 = COLOUR_RGB( '', 0.752941191196442, 0.752941191196442, 0.752941191196442 );
#6818 = CARTESIAN_POINT( '', ( -14.4612813593713, 2.25000000000000, 16.8622875916200 ) );
#6819 = AXIS2_PLACEMENT_3D( '', #7983, #7984, #7985 );
#6820 = CARTESIAN_POINT( '', ( -14.4612813593713, -2.25000000000000, 16.8622875916200 ) );
#6821 = CARTESIAN_POINT( '', ( -14.4612813593713, -2.25000000000000, 16.8622875916200 ) );
#6822 = VECTOR( '', #7986, 1000.00000000000 );
#6823 = AXIS2_PLACEMENT_3D( '', #7987, #7988, #7989 );
#6824 = COLOUR_RGB( '', 0.200000002980232, 0.200000002980232, 0.200000002980232 );
#6825 = CARTESIAN_POINT( '', ( 13.1182337861293, -3.01714790949589, 1.23104843031233 ) );
#6826 = CARTESIAN_POINT( '', ( 13.8241161390704, -2.85000000000000, 1.55000000000000 ) );
#6827 = CARTESIAN_POINT( '', ( -3.54185797132393, -6.96213888095917, -6.29678166069309 ) );
#6828 = VECTOR( '', #7990, 1000.00000000000 );
#6829 = CARTESIAN_POINT( '', ( 13.1182337861293, -34.5930973696680, 1.23104843031233 ) );
#6830 = VECTOR( '', #7991, 1000.00000000000 );
#6831 = CARTESIAN_POINT( '', ( 13.8241161390704, 0.000000000000000, 1.55000000000000 ) );
#6832 = VECTOR( '', #7992, 1000.00000000000 );
#6833 = COLOUR_RGB( '', 0.200000002980232, 0.200000002980232, 0.200000002980232 );
#6834 = CARTESIAN_POINT( '', ( -7.10314606741573, -8.16859479622759, 2.95000000000000 ) );
#6835 = CARTESIAN_POINT( '', ( -7.10314606741573, -8.16859479622759, 29.5000000000000 ) );
#6836 = VECTOR( '', #7993, 1000.00000000000 );
#6837 = CARTESIAN_POINT( '', ( -7.10314606741573, 8.16859479622759, 2.95000000000000 ) );
#6838 = AXIS2_PLACEMENT_3D( '', #7994, #7995, #7996 );
#6839 = CARTESIAN_POINT( '', ( -7.10314606741573, 8.16859479622759, 29.5000000000000 ) );
#6840 = VECTOR( '', #7997, 1000.00000000000 );
#6841 = COLOUR_RGB( '', 0.200000002980232, 0.200000002980232, 0.200000002980232 );
#6842 = CARTESIAN_POINT( '', ( 13.8241161390704, 3.50000000000000, 9.30000000000000 ) );
#6843 = CARTESIAN_POINT( '', ( 13.8241161390704, 3.50000000000000, 9.30000000000000 ) );
#6844 = VECTOR( '', #7998, 1000.00000000000 );
#6845 = CARTESIAN_POINT( '', ( 13.8241161390704, 3.50000000000000, 0.000000000000000 ) );
#6846 = VECTOR( '', #7999, 1000.00000000000 );
#6847 = CARTESIAN_POINT( '', ( 13.8241161390704, 3.50000000000000, 9.30000000000000 ) );
#6848 = VECTOR( '', #8000, 1000.00000000000 );
#6849 = COLOUR_RGB( '', 0.200000002980232, 0.200000002980232, 0.200000002980232 );
#6850 = AXIS2_PLACEMENT_3D( '', #8001, #8002, #8003 );
#6851 = CARTESIAN_POINT( '', ( 3.01412134699055, 6.70000000000000, 3.17500000000000 ) );
#6852 = CARTESIAN_POINT( '', ( 0.000000000000000, 6.70000000000000, 3.17500000000000 ) );
#6853 = VECTOR( '', #8004, 1000.00000000000 );
#6854 = AXIS2_PLACEMENT_3D( '', #8005, #8006, #8007 );
#6855 = CARTESIAN_POINT( '', ( 5.25000000000000, 9.26485294000935, 3.17500000000000 ) );
#6856 = CARTESIAN_POINT( '', ( 5.25000000000000, 1.31583005543616E-014, 3.17500000000000 ) );
#6857 = VECTOR( '', #8008, 1000.00000000000 );
#6858 = AXIS2_PLACEMENT_3D( '', #8009, #8010, #8011 );
#6859 = CARTESIAN_POINT( '', ( 5.25000000000000, -9.26485294000935, 3.17500000000000 ) );
#6860 = AXIS2_PLACEMENT_3D( '', #8012, #8013, #8014 );
#6861 = CARTESIAN_POINT( '', ( 5.25000000000000, -9.09326673973660, 3.17500000000000 ) );
#6862 = CARTESIAN_POINT( '', ( 5.25000000000000, -9.09326673973660, 3.17500000000000 ) );
#6863 = VECTOR( '', #8015, 1000.00000000000 );
#6864 = CARTESIAN_POINT( '', ( 3.23961903431456, -6.80213440670112, 3.17500000000000 ) );
#6865 = CARTESIAN_POINT( '', ( -1.54185737453954, -1.35292085615554, 3.17500000000000 ) );
#6866 = VECTOR( '', #8016, 1000.00000000000 );
#6867 = AXIS2_PLACEMENT_3D( '', #8017, #8018, #8019 );
#6868 = COLOUR_RGB( '', 0.899999976158142, 0.899999976158142, 0.000000000000000 );
#6869 = CARTESIAN_POINT( '', ( -0.875000000000000, -9.96164519544839, 14.7750000000000 ) );
#6870 = CARTESIAN_POINT( '', ( -0.875000000000000, -6.50000000000000, 14.7750000000000 ) );
#6871 = VECTOR( '', #8020, 1000.00000000000 );
#6872 = CARTESIAN_POINT( '', ( 0.875000000000000, -9.96164519544839, 14.7750000000000 ) );
#6873 = AXIS2_PLACEMENT_3D( '', #8021, #8022, #8023 );
#6874 = CARTESIAN_POINT( '', ( 0.875000000000000, -1.13028076481614E-015, 14.7750000000000 ) );
#6875 = VECTOR( '', #8024, 1000.00000000000 );
#6876 = COLOUR_RGB( '', 0.200000002980232, 0.200000002980232, 0.200000002980232 );
#6877 = CARTESIAN_POINT( '', ( -3.15000000000000, 6.70000000000000, 3.17500000000000 ) );
#6878 = CARTESIAN_POINT( '', ( -3.15000000000000, 6.70000000000000, 1.42500000000000 ) );
#6879 = VECTOR( '', #8025, 1000.00000000000 );
#6880 = CARTESIAN_POINT( '', ( 1.54185737453954, 1.35292085615554, 3.17500000000000 ) );
#6881 = VECTOR( '', #8026, 1000.00000000000 );
#6882 = COLOUR_RGB( '', 0.752941191196442, 0.752941191196442, 0.752941191196442 );
#6883 = CARTESIAN_POINT( '', ( -14.6150000000000, -0.300000000000000, -3.59000000000000 ) );
#6884 = CARTESIAN_POINT( '', ( -14.6150000000000, -0.300000000000000, -3.59000000000000 ) );
#6885 = VECTOR( '', #8027, 1000.00000000000 );
#6886 = CARTESIAN_POINT( '', ( -14.6150000000000, -0.300000000000000, -3.59000000000000 ) );
#6887 = VECTOR( '', #8028, 1000.00000000000 );
#6888 = COLOUR_RGB( '', 0.980000019073486, 0.980000019073486, 0.980000019073486 );
#6889 = CARTESIAN_POINT( '', ( -1.79500000000000, 12.8700000000000, -3.59500000000000 ) );
#6890 = AXIS2_PLACEMENT_3D( '', #8029, #8030, #8031 );
#6891 = COLOUR_RGB( '', 0.200000002980232, 0.200000002980232, 0.200000002980232 );
#6892 = CARTESIAN_POINT( '', ( -5.00000000000000, 9.23309265630970, 15.4250000000000 ) );
#6893 = CARTESIAN_POINT( '', ( -2.76690734369030, 7.00000000000000, 15.4250000000000 ) );
#6894 = CARTESIAN_POINT( '', ( -5.00000000000000, 9.23309265630970, 15.4250000000000 ) );
#6895 = VECTOR( '', #8032, 1000.00000000000 );
#6896 = AXIS2_PLACEMENT_3D( '', #8033, #8034, #8035 );
#6897 = CARTESIAN_POINT( '', ( -0.875000000000000, -6.50000000000000, 15.4250000000000 ) );
#6898 = VECTOR( '', #8036, 1000.00000000000 );
#6899 = CARTESIAN_POINT( '', ( 0.875000000000000, -7.00000000000000, 15.4250000000000 ) );
#6900 = CARTESIAN_POINT( '', ( 0.875000000000000, -10.5000000000000, 15.4250000000000 ) );
#6901 = VECTOR( '', #8037, 1000.00000000000 );
#6902 = CARTESIAN_POINT( '', ( 2.76690734369031, -7.00000000000000, 15.4250000000000 ) );
#6903 = CARTESIAN_POINT( '', ( -2.76690734369030, -7.00000000000000, 15.4250000000000 ) );
#6904 = VECTOR( '', #8038, 1000.00000000000 );
#6905 = CARTESIAN_POINT( '', ( 5.00000000000000, -9.23309265630969, 15.4250000000000 ) );
#6906 = CARTESIAN_POINT( '', ( 2.76690734369031, -7.00000000000000, 15.4250000000000 ) );
#6907 = VECTOR( '', #8039, 1000.00000000000 );
#6908 = CARTESIAN_POINT( '', ( 5.00000000000000, 9.23309265630969, 15.4250000000000 ) );
#6909 = AXIS2_PLACEMENT_3D( '', #8040, #8041, #8042 );
#6910 = CARTESIAN_POINT( '', ( 2.76690734369031, 7.00000000000000, 15.4250000000000 ) );
#6911 = CARTESIAN_POINT( '', ( 2.76690734369031, 7.00000000000000, 15.4250000000000 ) );
#6912 = VECTOR( '', #8043, 1000.00000000000 );
#6913 = CARTESIAN_POINT( '', ( -2.76690734369030, 7.00000000000000, 15.4250000000000 ) );
#6914 = VECTOR( '', #8044, 1000.00000000000 );
#6915 = CARTESIAN_POINT( '', ( 5.47500000000000, 0.000000000000000, 15.4250000000000 ) );
#6916 = AXIS2_PLACEMENT_3D( '', #8045, #8046, #8047 );
#6917 = COLOUR_RGB( '', 0.200000002980232, 0.200000002980232, 0.200000002980232 );
#6918 = CARTESIAN_POINT( '', ( 3.15000000000000, -13.8000000000000, 1.42500000000000 ) );
#6919 = AXIS2_PLACEMENT_3D( '', #8048, #8049, #8050 );
#6920 = CARTESIAN_POINT( '', ( 3.15000000000000, -13.8000000000000, 3.97500000000000 ) );
#6921 = CARTESIAN_POINT( '', ( 3.15000000000000, -13.8000000000000, 1.42500000000000 ) );
#6922 = VECTOR( '', #8051, 1000.00000000000 );
#6923 = AXIS2_PLACEMENT_3D( '', #8052, #8053, #8054 );
#6924 = COLOUR_RGB( '', 0.200000002980232, 0.200000002980232, 0.200000002980232 );
#6925 = CARTESIAN_POINT( '', ( -0.875000000000000, -10.4634781502137, 14.7750000000000 ) );
#6926 = CARTESIAN_POINT( '', ( -0.875000000000000, -10.4634781502137, 54.0000000000000 ) );
#6927 = VECTOR( '', #8055, 1000.00000000000 );
#6928 = CARTESIAN_POINT( '', ( -0.875000000000000, 8.45677694538693E-016, 14.7750000000000 ) );
#6929 = VECTOR( '', #8056, 1000.00000000000 );
#6930 = COLOUR_RGB( '', 0.200000002980232, 0.200000002980232, 0.200000002980232 );
#6931 = CARTESIAN_POINT( '', ( -5.00000000000000, 9.23309265630970, 15.9750000000000 ) );
#6932 = CARTESIAN_POINT( '', ( -2.76690734369030, 7.00000000000000, 15.9750000000000 ) );
#6933 = CARTESIAN_POINT( '', ( -5.00000000000000, 9.23309265630970, 15.9750000000000 ) );
#6934 = VECTOR( '', #8057, 1000.00000000000 );
#6935 = CARTESIAN_POINT( '', ( -5.00000000000000, 9.23309265630970, 15.4250000000000 ) );
#6936 = VECTOR( '', #8058, 1000.00000000000 );
#6937 = CARTESIAN_POINT( '', ( -2.76690734369030, 7.00000000000000, 15.4250000000000 ) );
#6938 = VECTOR( '', #8059, 1000.00000000000 );
#6939 = COLOUR_RGB( '', 0.200000002980232, 0.200000002980232, 0.200000002980232 );
#6940 = CARTESIAN_POINT( '', ( 2.41424688654792, 6.75000000000000, 2.83371559633027 ) );
#6941 = AXIS2_PLACEMENT_3D( '', #8060, #8061, #8062 );
#6942 = CARTESIAN_POINT( '', ( 2.41424688654792, -34.5930973696680, 2.83371559633027 ) );
#6943 = VECTOR( '', #8063, 1000.00000000000 );
#6944 = COLOUR_RGB( '', 0.200000002980232, 0.200000002980232, 0.200000002980232 );
#6945 = CARTESIAN_POINT( '', ( 3.01412134699055, 6.70000000000000, 1.42500000000000 ) );
#6946 = VECTOR( '', #8064, 1000.00000000000 );
#6947 = COLOUR_RGB( '', 0.752941191196442, 0.752941191196442, 0.752941191196442 );
#6948 = CARTESIAN_POINT( '', ( -14.4776170005829, -2.25000000000000, 3.55017426832687 ) );
#6949 = VECTOR( '', #8065, 1000.00000000000 );
#6950 = CARTESIAN_POINT( '', ( -14.4776170005830, -0.300000000000000, 3.55017426832690 ) );
#6951 = CARTESIAN_POINT( '', ( -14.4776170005830, -0.300000000000000, 3.55017426832690 ) );
#6952 = VECTOR( '', #8066, 1000.00000000000 );
#6953 = CARTESIAN_POINT( '', ( -14.4776170005830, -0.310000000000000, 3.55017426832687 ) );
#6954 = CARTESIAN_POINT( '', ( -14.4776170005829, -2.25000000000000, 3.55017426832687 ) );
#6955 = VECTOR( '', #8067, 1000.00000000000 );
#6956 = AXIS2_PLACEMENT_3D( '', #8068, #8069, #8070 );
#6957 = AXIS2_PLACEMENT_3D( '', #8071, #8072, #8073 );
#6958 = CARTESIAN_POINT( '', ( -14.4612813593712, 2.25000000000000, 1.73771240838053 ) );
#6959 = AXIS2_PLACEMENT_3D( '', #8074, #8075, #8076 );
#6960 = CARTESIAN_POINT( '', ( -14.4612813593712, -2.25000000000000, 1.73771240838053 ) );
#6961 = VECTOR( '', #8077, 1000.00000000000 );
#6962 = COLOUR_RGB( '', 0.200000002980232, 0.200000002980232, 0.200000002980232 );
#6963 = CARTESIAN_POINT( '', ( 13.0464830941421, -3.00968094436488, 1.20756310973603 ) );
#6964 = AXIS2_PLACEMENT_3D( '', #8078, #8079, #8080 );
#6965 = CARTESIAN_POINT( '', ( 13.8241161390704, -3.50000000000000, 1.31252997265152 ) );
#6966 = CARTESIAN_POINT( '', ( 13.8241161390704, 5.25021915226175, 4.50932194402507 ) );
#6967 = VECTOR( '', #8081, 1000.00000000000 );
#6968 = CARTESIAN_POINT( '', ( 12.0277957955108, -5.29632034355963, 0.000000000000000 ) );
#6969 = CARTESIAN_POINT( '', ( 12.0277957955108, -5.29632034355963, 2.60208521396521E-015 ) );
#6970 = VECTOR( '', #8082, 1000.00000000000 );
#6971 = CARTESIAN_POINT( '', ( 10.3042523220914, -3.57277687014026, 2.54204137907527E-015 ) );
#6972 = CARTESIAN_POINT( '', ( -12.6172783736627, 19.3487538256139, 2.49110259844441E-015 ) );
#6973 = VECTOR( '', #8083, 1000.00000000000 );
#6974 = CARTESIAN_POINT( '', ( 2.64028521701586, -5.14651336822401, -3.37488881119909 ) );
#6975 = VECTOR( '', #8084, 1000.00000000000 );
#6976 = COLOUR_RGB( '', 0.200000002980232, 0.200000002980232, 0.200000002980232 );
#6977 = CARTESIAN_POINT( '', ( 7.69030591269248, -9.20954615766602, 9.30000000000000 ) );
#6978 = CARTESIAN_POINT( '', ( 8.11456998140441, -9.20954615766602, 9.30000000000000 ) );
#6979 = AXIS2_PLACEMENT_3D( '', #8085, #8086, #8087 );
#6980 = CARTESIAN_POINT( '', ( 7.69030591269248, -9.20954615766602, 0.000000000000000 ) );
#6981 = CARTESIAN_POINT( '', ( 7.69030591269248, -9.20954615766602, 39.5759050750217 ) );
#6982 = VECTOR( '', #8088, 1000.00000000000 );
#6983 = CARTESIAN_POINT( '', ( 8.11456998140441, -9.20954615766602, 0.000000000000000 ) );
#6984 = AXIS2_PLACEMENT_3D( '', #8089, #8090, #8091 );
#6985 = CARTESIAN_POINT( '', ( 8.11456998140441, -9.20954615766602, 9.30000000000000 ) );
#6986 = VECTOR( '', #8092, 1000.00000000000 );
#6987 = COLOUR_RGB( '', 0.752941191196442, 0.752941191196442, 0.752941191196442 );
#6988 = CARTESIAN_POINT( '', ( -14.4776170005830, -0.300000000000000, 3.55017426832690 ) );
#6989 = VECTOR( '', #8093, 1000.00000000000 );
#6990 = CARTESIAN_POINT( '', ( -13.9776321543500, -0.310000000000000, 3.55406702286818 ) );
#6991 = CARTESIAN_POINT( '', ( -13.9776321543499, -2.25000000000000, 3.55406702286818 ) );
#6992 = VECTOR( '', #8094, 1000.00000000000 );
#6993 = CARTESIAN_POINT( '', ( -14.4999999999986, -0.310000000000000, 3.55000000000000 ) );
#6994 = VECTOR( '', #8095, 1000.00000000000 );
#6995 = COLOUR_RGB( '', 0.200000002980232, 0.200000002980232, 0.200000002980232 );
#6996 = CARTESIAN_POINT( '', ( -0.550000000000000, 11.6750000000000, 3.17500000000000 ) );
#6997 = CARTESIAN_POINT( '', ( -19.1238477847700, 11.6750000000000, -22.9328181713633 ) );
#6998 = VECTOR( '', #8096, 1000.00000000000 );
#6999 = CARTESIAN_POINT( '', ( -0.550000000000000, 8.90000000000000, 3.17500000000000 ) );
#7000 = VECTOR( '', #8097, 1000.00000000000 );
#7001 = COLOUR_RGB( '', 0.200000002980232, 0.200000002980232, 0.200000002980232 );
#7002 = CARTESIAN_POINT( '', ( -12.6241161390704, 2.85000000000000, 1.55000000000000 ) );
#7003 = CARTESIAN_POINT( '', ( -12.6241161390704, -34.5930973696680, 1.55000000000000 ) );
#7004 = VECTOR( '', #8098, 1000.00000000000 );
#7005 = CARTESIAN_POINT( '', ( -10.8250000000000, 2.85000000000000, 1.55000000000000 ) );
#7006 = CARTESIAN_POINT( '', ( -13.8241161390704, 2.85000000000000, 1.55000000000000 ) );
#7007 = VECTOR( '', #8099, 1000.00000000000 );
#7008 = CARTESIAN_POINT( '', ( -10.8250000000000, -2.85000000000000, 1.55000000000000 ) );
#7009 = VECTOR( '', #8100, 1000.00000000000 );
#7010 = COLOUR_RGB( '', 0.200000002980232, 0.200000002980232, 0.200000002980232 );
#7011 = CARTESIAN_POINT( '', ( -5.25000000000000, -9.87500000000000, 1.42500000000000 ) );
#7012 = VECTOR( '', #8101, 1000.00000000000 );
#7013 = COLOUR_RGB( '', 0.200000002980232, 0.200000002980232, 0.200000002980232 );
#7014 = CARTESIAN_POINT( '', ( 5.25000000000000, -9.26485294000935, 3.97500000000000 ) );
#7015 = CARTESIAN_POINT( '', ( 5.25000000000000, -9.09326673973660, 3.97500000000000 ) );
#7016 = VECTOR( '', #8102, 1000.00000000000 );
#7017 = CARTESIAN_POINT( '', ( 5.25000000000000, -9.09326673973660, 1.42500000000000 ) );
#7018 = CARTESIAN_POINT( '', ( 5.25000000000000, -9.09326673973660, 1.42500000000000 ) );
#7019 = VECTOR( '', #8103, 1000.00000000000 );
#7020 = CARTESIAN_POINT( '', ( 5.25000000000000, -9.09326673973660, 1.42500000000000 ) );
#7021 = VECTOR( '', #8104, 1000.00000000000 );
#7022 = CARTESIAN_POINT( '', ( 5.25000000000000, -9.26485294000935, 1.42500000000000 ) );
#7023 = VECTOR( '', #8105, 1000.00000000000 );
#7024 = COLOUR_RGB( '', 0.200000002980232, 0.200000002980232, 0.200000002980232 );
#7025 = CARTESIAN_POINT( '', ( -2.41424688654792, -6.75000000000000, 2.83371559633027 ) );
#7026 = CARTESIAN_POINT( '', ( -2.65141471671257, -6.75000000000000, 2.95000000000000 ) );
#7027 = AXIS2_PLACEMENT_3D( '', #8106, #8107, #8108 );
#7028 = CARTESIAN_POINT( '', ( -2.41424688654792, -34.5930973696680, 2.83371559633027 ) );
#7029 = VECTOR( '', #8109, 1000.00000000000 );
#7030 = CARTESIAN_POINT( '', ( -2.65141471671257, 0.000000000000000, 2.95000000000000 ) );
#7031 = VECTOR( '', #8110, 1000.00000000000 );
#7032 = COLOUR_RGB( '', 0.200000002980232, 0.200000002980232, 0.200000002980232 );
#7033 = CARTESIAN_POINT( '', ( 3.15000000000000, -12.9000000000000, 1.42500000000000 ) );
#7034 = VECTOR( '', #8111, 1000.00000000000 );
#7035 = CARTESIAN_POINT( '', ( 3.15000000000000, -12.9000000000000, 3.97500000000000 ) );
#7036 = VECTOR( '', #8112, 1000.00000000000 );
#7037 = COLOUR_RGB( '', 0.200000002980232, 0.200000002980232, 0.200000002980232 );
#7038 = CARTESIAN_POINT( '', ( -0.549999999999993, -11.6750000000000, 1.42500000000000 ) );
#7039 = CARTESIAN_POINT( '', ( -0.549999999999993, -12.9000000000000, 1.42500000000000 ) );
#7040 = VECTOR( '', #8113, 1000.00000000000 );
#7041 = CARTESIAN_POINT( '', ( -0.549999999999993, -11.6750000000000, 3.17500000000000 ) );
#7042 = CARTESIAN_POINT( '', ( -0.549999999999993, -11.6750000000000, -33.8699468225283 ) );
#7043 = VECTOR( '', #8114, 1000.00000000000 );
#7044 = CARTESIAN_POINT( '', ( -0.549999999999993, -9.87500000000000, 3.17500000000000 ) );
#7045 = CARTESIAN_POINT( '', ( -0.549999999999992, -8.90000000000000, 3.17500000000000 ) );
#7046 = VECTOR( '', #8115, 1000.00000000000 );
#7047 = CARTESIAN_POINT( '', ( -0.549999999999992, -9.87500000000000, 1.42500000000000 ) );
#7048 = CARTESIAN_POINT( '', ( -0.549999999999992, -9.87500000000000, -33.8699468225283 ) );
#7049 = VECTOR( '', #8116, 1000.00000000000 );
#7050 = CARTESIAN_POINT( '', ( -0.550000000000000, -8.90000000000000, 1.42500000000000 ) );
#7051 = CARTESIAN_POINT( '', ( -0.549999999999993, -12.9000000000000, 1.42500000000000 ) );
#7052 = VECTOR( '', #8117, 1000.00000000000 );
#7053 = CARTESIAN_POINT( '', ( -0.550000000000000, -8.90000000000000, 3.97500000000000 ) );
#7054 = CARTESIAN_POINT( '', ( -0.550000000000000, -8.90000000000000, -33.8699468225283 ) );
#7055 = VECTOR( '', #8118, 1000.00000000000 );
#7056 = CARTESIAN_POINT( '', ( -0.549999999999992, -8.90000000000000, 3.97500000000000 ) );
#7057 = VECTOR( '', #8119, 1000.00000000000 );
#7058 = COLOUR_RGB( '', 0.200000002980232, 0.200000002980232, 0.200000002980232 );
#7059 = CARTESIAN_POINT( '', ( -5.25000000000000, -9.26485294000936, 3.17500000000000 ) );
#7060 = CARTESIAN_POINT( '', ( -5.39583333333333, -9.00749591389799, 3.17500000000000 ) );
#7061 = AXIS2_PLACEMENT_3D( '', #8120, #8121, #8122 );
#7062 = CARTESIAN_POINT( '', ( -5.25000000000000, -9.26485294000936, 1.42500000000000 ) );
#7063 = VECTOR( '', #8123, 1000.00000000000 );
#7064 = CARTESIAN_POINT( '', ( -5.39583333333333, -9.00749591389799, 54.0000000000000 ) );
#7065 = VECTOR( '', #8124, 1000.00000000000 );
#7066 = COLOUR_RGB( '', 0.200000002980232, 0.200000002980232, 0.200000002980232 );
#7067 = AXIS2_PLACEMENT_3D( '', #8125, #8126, #8127 );
#7068 = COLOUR_RGB( '', 0.200000002980232, 0.200000002980232, 0.200000002980232 );
#7069 = CARTESIAN_POINT( '', ( 13.8241161390704, -3.50000000000000, 9.30000000000000 ) );
#7070 = CARTESIAN_POINT( '', ( 13.8241161390704, -3.50000000000000, 9.30000000000000 ) );
#7071 = VECTOR( '', #8128, 1000.00000000000 );
#7072 = CARTESIAN_POINT( '', ( 4.17424493773362E-016, -17.3241161390704, 9.30000000000000 ) );
#7073 = VECTOR( '', #8129, 1000.00000000000 );
#7074 = CARTESIAN_POINT( '', ( 4.17424493773362E-016, -17.3241161390704, 0.000000000000000 ) );
#7075 = VECTOR( '', #8130, 1000.00000000000 );
#7076 = COLOUR_RGB( '', 0.980000019073486, 0.980000019073486, 0.980000019073486 );
#7077 = CARTESIAN_POINT( '', ( 3.59000000000000, -10.4750000000000, -3.59500000000000 ) );
#7078 = AXIS2_PLACEMENT_3D( '', #8131, #8132, #8133 );
#7079 = CARTESIAN_POINT( '', ( 3.29000000000000, -10.7750000000000, 1.42500000000000 ) );
#7080 = AXIS2_PLACEMENT_3D( '', #8134, #8135, #8136 );
#7081 = COLOUR_RGB( '', 0.200000002980232, 0.200000002980232, 0.200000002980232 );
#7082 = CARTESIAN_POINT( '', ( 5.25000000000000, 9.26485294000935, 3.97500000000000 ) );
#7083 = CARTESIAN_POINT( '', ( 5.25000000000000, 9.09326673973660, 3.97500000000000 ) );
#7084 = VECTOR( '', #8137, 1000.00000000000 );
#7085 = CARTESIAN_POINT( '', ( 5.25000000000000, 9.26485294000935, 3.17500000000000 ) );
#7086 = VECTOR( '', #8138, 1000.00000000000 );
#7087 = COLOUR_RGB( '', 0.200000002980232, 0.200000002980232, 0.200000002980232 );
#7088 = CARTESIAN_POINT( '', ( 3.23961903431456, -6.80213440670112, 1.42500000000000 ) );
#7089 = AXIS2_PLACEMENT_3D( '', #8139, #8140, #8141 );
#7090 = CARTESIAN_POINT( '', ( 3.23961903431456, -6.80213440670112, 1.42500000000000 ) );
#7091 = VECTOR( '', #8142, 1000.00000000000 );
#7092 = COLOUR_RGB( '', 0.200000002980232, 0.200000002980232, 0.200000002980232 );
#7093 = AXIS2_PLACEMENT_3D( '', #8143, #8144, #8145 );
#7094 = COLOUR_RGB( '', 0.200000002980232, 0.200000002980232, 0.200000002980232 );
#7095 = CARTESIAN_POINT( '', ( 5.00000000000000, 9.23309265630969, 15.9750000000000 ) );
#7096 = AXIS2_PLACEMENT_3D( '', #8146, #8147, #8148 );
#7097 = CARTESIAN_POINT( '', ( 2.76690734369031, 7.00000000000000, 15.9750000000000 ) );
#7098 = CARTESIAN_POINT( '', ( -2.76690734369030, 7.00000000000000, 15.9750000000000 ) );
#7099 = VECTOR( '', #8149, 1000.00000000000 );
#7100 = CARTESIAN_POINT( '', ( 2.76690734369031, 7.00000000000000, 15.9750000000000 ) );
#7101 = VECTOR( '', #8150, 1000.00000000000 );
#7102 = COLOUR_RGB( '', 0.200000002980232, 0.200000002980232, 0.200000002980232 );
#7103 = CARTESIAN_POINT( '', ( -13.1182337861293, -3.01714790949591, 1.23104843031233 ) );
#7104 = AXIS2_PLACEMENT_3D( '', #8151, #8152, #8153 );
#7105 = CARTESIAN_POINT( '', ( -13.1182337861293, 3.01714790949591, 1.23104843031233 ) );
#7106 = CARTESIAN_POINT( '', ( -13.1182337861293, -34.5930973696680, 1.23104843031233 ) );
#7107 = VECTOR( '', #8154, 1000.00000000000 );
#7108 = CARTESIAN_POINT( '', ( -13.0464830941420, 3.00968094436488, 1.20756310973602 ) );
#7109 = AXIS2_PLACEMENT_3D( '', #8155, #8156, #8157 );
#7110 = AXIS2_PLACEMENT_3D( '', #8158, #8159, #8160 );
#7111 = COLOUR_RGB( '', 0.980000019073486, 0.980000019073486, 0.980000019073486 );
#7112 = COLOUR_RGB( '', 0.200000002980232, 0.200000002980232, 0.200000002980232 );
#7113 = CARTESIAN_POINT( '', ( 5.23075975502646, -6.75000000000000, 0.000000000000000 ) );
#7114 = CARTESIAN_POINT( '', ( 5.23075975502646, -6.75000000000000, 0.000000000000000 ) );
#7115 = VECTOR( '', #8161, 1000.00000000000 );
#7116 = CARTESIAN_POINT( '', ( -9.42167819202197, 7.90243794704846, 9.30000000000000 ) );
#7117 = VECTOR( '', #8162, 1000.00000000000 );
#7118 = CARTESIAN_POINT( '', ( 5.23075975502646, -6.75000000000000, 39.5759050750217 ) );
#7119 = VECTOR( '', #8163, 1000.00000000000 );
#7120 = COLOUR_RGB( '', 0.752941191196442, 0.752941191196442, 0.752941191196442 );
#7121 = CARTESIAN_POINT( '', ( -14.6150000000000, -0.300000000000000, -3.59000000000000 ) );
#7122 = VECTOR( '', #8164, 1000.00000000000 );
#7123 = AXIS2_PLACEMENT_3D( '', #8165, #8166, #8167 );
#7124 = COLOUR_RGB( '', 0.752941191196442, 0.752941191196442, 0.752941191196442 );
#7125 = CARTESIAN_POINT( '', ( -13.9613075727196, 2.25000000000000, 16.8571677613757 ) );
#7126 = CARTESIAN_POINT( '', ( -12.7275872708139, 2.25000000000000, 17.3028834997294 ) );
#7127 = AXIS2_PLACEMENT_3D( '', #8168, #8169, #8170 );
#7128 = CARTESIAN_POINT( '', ( -12.7275872708139, -2.25000000000000, 17.3028834997294 ) );
#7129 = CARTESIAN_POINT( '', ( -12.7275872708139, -2.25000000000000, 17.3028834997294 ) );
#7130 = VECTOR( '', #8171, 1000.00000000000 );
#7131 = CARTESIAN_POINT( '', ( -13.9613075727196, -2.25000000000000, 16.8571677613757 ) );
#7132 = AXIS2_PLACEMENT_3D( '', #8172, #8173, #8174 );
#7133 = CARTESIAN_POINT( '', ( -13.9613075727196, -2.25000000000000, 16.8571677613757 ) );
#7134 = VECTOR( '', #8175, 1000.00000000000 );
#7135 = COLOUR_RGB( '', 0.200000002980232, 0.200000002980232, 0.200000002980232 );
#7136 = CARTESIAN_POINT( '', ( 7.10314606741573, 8.16859479622759, 9.30000000000000 ) );
#7137 = CARTESIAN_POINT( '', ( 7.10314606741573, 8.16859479622759, 29.5000000000000 ) );
#7138 = VECTOR( '', #8176, 1000.00000000000 );
#7139 = CARTESIAN_POINT( '', ( 7.08786796564404, 8.60710821061758, 9.30000000000000 ) );
#7140 = AXIS2_PLACEMENT_3D( '', #8177, #8178, #8179 );
#7141 = CARTESIAN_POINT( '', ( 7.08786796564403, 8.60710821061757, 9.30000000000000 ) );
#7142 = VECTOR( '', #8180, 1000.00000000000 );
#7143 = COLOUR_RGB( '', 0.200000002980232, 0.200000002980232, 0.200000002980232 );
#7144 = AXIS2_PLACEMENT_3D( '', #8181, #8182, #8183 );
#7145 = CARTESIAN_POINT( '', ( 10.1022231298598, -3.57277687014025, -4.33680868994202E-016 ) );
#7146 = CARTESIAN_POINT( '', ( -17.3241161390705, -3.57277687014026, 0.000000000000000 ) );
#7147 = VECTOR( '', #8184, 1000.00000000000 );
#7148 = CARTESIAN_POINT( '', ( 11.2568895134681, -2.41811048653195, 2.47619005052776 ) );
#7149 = VECTOR( '', #8185, 1000.00000000000 );
#7150 = COLOUR_RGB( '', 0.200000002980232, 0.200000002980232, 0.200000002980232 );
#7151 = CARTESIAN_POINT( '', ( -10.1022231298597, 3.57277687014026, 2.16840434497101E-016 ) );
#7152 = CARTESIAN_POINT( '', ( -10.1022231298597, 0.000000000000000, 0.000000000000000 ) );
#7153 = VECTOR( '', #8186, 1000.00000000000 );
#7154 = CARTESIAN_POINT( '', ( -10.3042523220914, 3.57277687014025, 2.54204137907527E-015 ) );
#7155 = CARTESIAN_POINT( '', ( -17.3241161390705, 3.57277687014025, 0.000000000000000 ) );
#7156 = VECTOR( '', #8187, 1000.00000000000 );
#7157 = CARTESIAN_POINT( '', ( 12.6172783736627, -19.3487538256139, 2.49110259844441E-015 ) );
#7158 = VECTOR( '', #8188, 1000.00000000000 );
#7159 = CARTESIAN_POINT( '', ( -7.69030591269248, 9.20954615766602, 0.000000000000000 ) );
#7160 = AXIS2_PLACEMENT_3D( '', #8189, #8190, #8191 );
#7161 = CARTESIAN_POINT( '', ( -5.23075975502646, 6.75000000000000, 0.000000000000000 ) );
#7162 = CARTESIAN_POINT( '', ( -7.90243794704843, 9.42167819202198, 0.000000000000000 ) );
#7163 = VECTOR( '', #8192, 1000.00000000000 );
#7164 = CARTESIAN_POINT( '', ( 5.23075975502647, 6.75000000000000, 0.000000000000000 ) );
#7165 = CARTESIAN_POINT( '', ( -5.23075975502646, 6.75000000000000, 0.000000000000000 ) );
#7166 = VECTOR( '', #8193, 1000.00000000000 );
#7167 = CARTESIAN_POINT( '', ( 5.23075975502647, 6.75000000000000, 0.000000000000000 ) );
#7168 = VECTOR( '', #8194, 1000.00000000000 );
#7169 = CARTESIAN_POINT( '', ( 10.1022231298597, 3.57277687014026, -2.16840434497101E-015 ) );
#7170 = CARTESIAN_POINT( '', ( -17.3241161390705, 3.57277687014026, 0.000000000000000 ) );
#7171 = VECTOR( '', #8195, 1000.00000000000 );
#7172 = CARTESIAN_POINT( '', ( 10.1022231298598, 0.000000000000000, 0.000000000000000 ) );
#7173 = VECTOR( '', #8196, 1000.00000000000 );
#7174 = CARTESIAN_POINT( '', ( -5.23075975502646, -6.75000000000000, 0.000000000000000 ) );
#7175 = CARTESIAN_POINT( '', ( -5.23075975502646, -6.75000000000000, 0.000000000000000 ) );
#7176 = VECTOR( '', #8197, 1000.00000000000 );
#7177 = CARTESIAN_POINT( '', ( -7.69030591269248, -9.20954615766602, 0.000000000000000 ) );
#7178 = CARTESIAN_POINT( '', ( -7.90243794704843, -9.42167819202198, 0.000000000000000 ) );
#7179 = VECTOR( '', #8198, 1000.00000000000 );
#7180 = CARTESIAN_POINT( '', ( -8.11456998140440, -9.20954615766602, 0.000000000000000 ) );
#7181 = AXIS2_PLACEMENT_3D( '', #8199, #8200, #8201 );
#7182 = CARTESIAN_POINT( '', ( -12.0277957955108, -5.29632034355963, 2.60208521396521E-015 ) );
#7183 = CARTESIAN_POINT( '', ( -13.8241161390704, -3.50000000000000, 0.000000000000000 ) );
#7184 = VECTOR( '', #8202, 1000.00000000000 );
#7185 = CARTESIAN_POINT( '', ( 12.6172783736627, 19.3487538256139, 2.60208521396522E-015 ) );
#7186 = VECTOR( '', #8203, 1000.00000000000 );
#7187 = COLOUR_RGB( '', 0.200000002980232, 0.200000002980232, 0.200000002980232 );
#7188 = AXIS2_PLACEMENT_3D( '', #8204, #8205, #8206 );
#7189 = COLOUR_RGB( '', 0.752941191196442, 0.752941191196442, 0.752941191196442 );
#7190 = COLOUR_RGB( '', 0.752941191196442, 0.752941191196442, 0.752941191196442 );
#7191 = CARTESIAN_POINT( '', ( -13.9613075727153, -0.310000000000000, 1.74283223822173 ) );
#7192 = AXIS2_PLACEMENT_3D( '', #8207, #8208, #8209 );
#7193 = CARTESIAN_POINT( '', ( -13.9613075727139, -2.25000000000000, 1.74283223822175 ) );
#7194 = CARTESIAN_POINT( '', ( -13.9613075727139, -2.25000000000000, 1.74283223822175 ) );
#7195 = VECTOR( '', #8210, 1000.00000000000 );
#7196 = AXIS2_PLACEMENT_3D( '', #8211, #8212, #8213 );
#7197 = COLOUR_RGB( '', 0.200000002980232, 0.200000002980232, 0.200000002980232 );
#7198 = COLOUR_RGB( '', 0.200000002980232, 0.200000002980232, 0.200000002980232 );
#7199 = CARTESIAN_POINT( '', ( -1.79500000000000, -11.6750000000000, 1.42500000000000 ) );
#7200 = CARTESIAN_POINT( '', ( -19.1238477847700, -11.6750000000000, -22.9328181713633 ) );
#7201 = VECTOR( '', #8214, 1000.00000000000 );
#7202 = CARTESIAN_POINT( '', ( -1.79500000000000, -9.87500000000000, 1.42500000000000 ) );
#7203 = CARTESIAN_POINT( '', ( -1.79500000000000, -12.9000000000000, 1.42500000000000 ) );
#7204 = VECTOR( '', #8215, 1000.00000000000 );
#7205 = CARTESIAN_POINT( '', ( -20.3302563679214, -9.87500000000000, -24.6285732079214 ) );
#7206 = VECTOR( '', #8216, 1000.00000000000 );
#7207 = COLOUR_RGB( '', 0.200000002980232, 0.200000002980232, 0.200000002980232 );
#7208 = AXIS2_PLACEMENT_3D( '', #8217, #8218, #8219 );
#7209 = COLOUR_RGB( '', 0.980000019073486, 0.980000019073486, 0.980000019073486 );
#7210 = COLOUR_RGB( '', 0.200000002980232, 0.200000002980232, 0.200000002980232 );
#7211 = CARTESIAN_POINT( '', ( -7.08786796564403, -8.60710821061757, 2.95000000000000 ) );
#7212 = CARTESIAN_POINT( '', ( -5.23075975502646, -6.75000000000000, 2.95000000000000 ) );
#7213 = CARTESIAN_POINT( '', ( 0.759620122486765, -0.759620122486765, 2.95000000000000 ) );
#7214 = VECTOR( '', #8220, 1000.00000000000 );
#7215 = CARTESIAN_POINT( '', ( -7.08786796564403, -8.60710821061757, 39.5759050750217 ) );
#7216 = VECTOR( '', #8221, 1000.00000000000 );
#7217 = CARTESIAN_POINT( '', ( -7.69030591269248, -9.20954615766602, 39.5759050750217 ) );
#7218 = VECTOR( '', #8222, 1000.00000000000 );
#7219 = CARTESIAN_POINT( '', ( -5.23075975502646, -6.75000000000000, 39.5759050750217 ) );
#7220 = VECTOR( '', #8223, 1000.00000000000 );
#7221 = COLOUR_RGB( '', 0.200000002980232, 0.200000002980232, 0.200000002980232 );
#7222 = CARTESIAN_POINT( '', ( -9.42167819202195, -7.90243794704847, 9.30000000000000 ) );
#7223 = VECTOR( '', #8224, 1000.00000000000 );
#7224 = CARTESIAN_POINT( '', ( 5.23075975502647, 6.75000000000000, 45.2925462753644 ) );
#7225 = VECTOR( '', #8225, 1000.00000000000 );
#7226 = COLOUR_RGB( '', 0.899999976158142, 0.899999976158142, 0.000000000000000 );
#7227 = AXIS2_PLACEMENT_3D( '', #8226, #8227, #8228 );
#7228 = AXIS2_PLACEMENT_3D( '', #8229, #8230, #8231 );
#7229 = COLOUR_RGB( '', 0.980000019073486, 0.980000019073486, 0.980000019073486 );
#7230 = COLOUR_RGB( '', 0.752941191196442, 0.752941191196442, 0.752941191196442 );
#7231 = CARTESIAN_POINT( '', ( -11.1983499770184, 2.25000000000000, 0.549999999999980 ) );
#7232 = CARTESIAN_POINT( '', ( -11.1983499770184, -2.25000000000000, 0.549999999999980 ) );
#7233 = VECTOR( '', #8232, 1000.00000000000 );
#7234 = CARTESIAN_POINT( '', ( -10.9612813593697, 2.25000000000000, 0.990225476916847 ) );
#7235 = CARTESIAN_POINT( '', ( -11.1983499770184, 2.25000000000000, 0.549999999999979 ) );
#7236 = VECTOR( '', #8233, 1000.00000000000 );
#7237 = CARTESIAN_POINT( '', ( -10.9612813593697, -2.25000000000000, 0.990225476916847 ) );
#7238 = VECTOR( '', #8234, 1000.00000000000 );
#7239 = COLOUR_RGB( '', 0.752941191196442, 0.752941191196442, 0.752941191196442 );
#7240 = CARTESIAN_POINT( '', ( -12.3463322705811, 2.25000000000000, 0.973628285959212 ) );
#7241 = CARTESIAN_POINT( '', ( -12.3463322705811, -2.25000000000000, 0.973628285959212 ) );
#7242 = VECTOR( '', #8235, 1000.00000000000 );
#7243 = CARTESIAN_POINT( '', ( -12.0788009308512, 2.25000000000000, 1.02413723529691 ) );
#7244 = AXIS2_PLACEMENT_3D( '', #8236, #8237, #8238 );
#7245 = CARTESIAN_POINT( '', ( -12.0788009308512, -2.25000000000000, 1.02413723529691 ) );
#7246 = VECTOR( '', #8239, 1000.00000000000 );
#7247 = COLOUR_RGB( '', 0.752941191196442, 0.752941191196442, 0.752941191196442 );
#7248 = CARTESIAN_POINT( '', ( -11.8417323131379, 2.25000000000000, 17.1356372878204 ) );
#7249 = CARTESIAN_POINT( '', ( -10.9612813593697, 2.25000000000000, 17.6097745230831 ) );
#7250 = CARTESIAN_POINT( '', ( -10.9612813593697, 2.25000000000000, 17.6097745230831 ) );
#7251 = VECTOR( '', #8240, 1000.00000000000 );
#7252 = CARTESIAN_POINT( '', ( -10.9612813593697, -2.25000000000000, 17.6097745230831 ) );
#7253 = CARTESIAN_POINT( '', ( -10.9612813593697, -2.25000000000000, 17.6097745230831 ) );
#7254 = VECTOR( '', #8241, 1000.00000000000 );
#7255 = CARTESIAN_POINT( '', ( -11.8417323131379, -2.25000000000000, 17.1356372878204 ) );
#7256 = CARTESIAN_POINT( '', ( -10.9612813593697, -2.25000000000000, 17.6097745230831 ) );
#7257 = VECTOR( '', #8242, 1000.00000000000 );
#7258 = CARTESIAN_POINT( '', ( -11.8417323131379, -2.25000000000000, 17.1356372878204 ) );
#7259 = VECTOR( '', #8243, 1000.00000000000 );
#7260 = COLOUR_RGB( '', 0.980000019073486, 0.980000019073486, 0.980000019073486 );
#7261 = COLOUR_RGB( '', 0.200000002980232, 0.200000002980232, 0.200000002980232 );
#7262 = CARTESIAN_POINT( '', ( 20.3302563679214, 11.6750000000000, -24.6285732079214 ) );
#7263 = VECTOR( '', #8244, 1000.00000000000 );
#7264 = COLOUR_RGB( '', 0.200000002980232, 0.200000002980232, 0.200000002980232 );
#7265 = CARTESIAN_POINT( '', ( -0.550000000000000, 8.90000000000000, -33.8699468225283 ) );
#7266 = VECTOR( '', #8245, 1000.00000000000 );
#7267 = COLOUR_RGB( '', 0.752941191196442, 0.752941191196442, 0.752941191196442 );
#7268 = AXIS2_PLACEMENT_3D( '', #8246, #8247, #8248 );
#7269 = AXIS2_PLACEMENT_3D( '', #8249, #8250, #8251 );
#7270 = COLOUR_RGB( '', 0.200000002980232, 0.200000002980232, 0.200000002980232 );
#7271 = CARTESIAN_POINT( '', ( -7.08786796564404, 8.60710821061758, 2.95000000000000 ) );
#7272 = CARTESIAN_POINT( '', ( -7.08786796564404, 8.60710821061757, 2.95000000000000 ) );
#7273 = VECTOR( '', #8252, 1000.00000000000 );
#7274 = CARTESIAN_POINT( '', ( -5.23075975502646, 6.75000000000000, 2.95000000000000 ) );
#7275 = CARTESIAN_POINT( '', ( 0.759620122486765, 0.759620122486765, 2.95000000000000 ) );
#7276 = VECTOR( '', #8253, 1000.00000000000 );
#7277 = CARTESIAN_POINT( '', ( -5.23075975502646, 6.75000000000000, 45.2925462753644 ) );
#7278 = VECTOR( '', #8254, 1000.00000000000 );
#7279 = CARTESIAN_POINT( '', ( -7.69030591269248, 9.20954615766602, 9.30000000000000 ) );
#7280 = VECTOR( '', #8255, 1000.00000000000 );
#7281 = COLOUR_RGB( '', 0.200000002980232, 0.200000002980232, 0.200000002980232 );
#7282 = COLOUR_RGB( '', 0.200000002980232, 0.200000002980232, 0.200000002980232 );
#7283 = AXIS2_PLACEMENT_3D( '', #8256, #8257, #8258 );
#7284 = AXIS2_PLACEMENT_3D( '', #8259, #8260, #8261 );
#7285 = COLOUR_RGB( '', 0.980000019073486, 0.980000019073486, 0.980000019073486 );
#7286 = CARTESIAN_POINT( '', ( -1.79500000000000, -12.2700000000000, -3.59500000000000 ) );
#7287 = AXIS2_PLACEMENT_3D( '', #8262, #8263, #8264 );
#7288 = CARTESIAN_POINT( '', ( -1.79500000000000, -12.2700000000000, 1.42500000000000 ) );
#7289 = AXIS2_PLACEMENT_3D( '', #8265, #8266, #8267 );
#7290 = COLOUR_RGB( '', 0.200000002980232, 0.200000002980232, 0.200000002980232 );
#7291 = COLOUR_RGB( '', 0.200000002980232, 0.200000002980232, 0.200000002980232 );
#7292 = CARTESIAN_POINT( '', ( 13.8241161390704, 3.50000000000000, 9.30000000000000 ) );
#7293 = VECTOR( '', #8268, 1000.00000000000 );
#7294 = COLOUR_RGB( '', 0.752941191196442, 0.752941191196442, 0.752941191196442 );
#7295 = CARTESIAN_POINT( '', ( -11.1983499770184, 2.25000000000000, 18.0500000000000 ) );
#7296 = CARTESIAN_POINT( '', ( -11.1983499770184, 2.25000000000000, 18.0500000000000 ) );
#7297 = VECTOR( '', #8269, 1000.00000000000 );
#7298 = CARTESIAN_POINT( '', ( -11.1983499770184, -2.25000000000000, 18.0500000000000 ) );
#7299 = CARTESIAN_POINT( '', ( -11.1983499770184, -2.25000000000000, 18.0500000000000 ) );
#7300 = VECTOR( '', #8270, 1000.00000000000 );
#7301 = CARTESIAN_POINT( '', ( -11.1983499770184, -2.25000000000000, 18.0500000000000 ) );
#7302 = VECTOR( '', #8271, 1000.00000000000 );
#7303 = COLOUR_RGB( '', 0.200000002980232, 0.200000002980232, 0.200000002980232 );
#7304 = CARTESIAN_POINT( '', ( 0.000000000000000, 6.70000000000000, 3.17500000000000 ) );
#7305 = VECTOR( '', #8272, 1000.00000000000 );
#7306 = COLOUR_RGB( '', 0.200000002980232, 0.200000002980232, 0.200000002980232 );
#7307 = CARTESIAN_POINT( '', ( 9.18457754972220, 4.49042245027781, -1.96789729718000 ) );
#7308 = VECTOR( '', #8273, 1000.00000000000 );
#7309 = COLOUR_RGB( '', 0.752941191196442, 0.752941191196442, 0.752941191196442 );
#7310 = CARTESIAN_POINT( '', ( -13.9776321543499, -2.25000000000000, 3.55406702286818 ) );
#7311 = VECTOR( '', #8274, 1000.00000000000 );
#7312 = COLOUR_RGB( '', 0.200000002980232, 0.200000002980232, 0.200000002980232 );
#7313 = AXIS2_PLACEMENT_3D( '', #8275, #8276, #8277 );
#7314 = CARTESIAN_POINT( '', ( 0.875000000000000, -10.4634781502137, 14.7750000000000 ) );
#7315 = AXIS2_PLACEMENT_3D( '', #8278, #8279, #8280 );
#7316 = CARTESIAN_POINT( '', ( 0.875000000000000, -1.13028076481614E-015, 14.7750000000000 ) );
#7317 = VECTOR( '', #8281, 1000.00000000000 );
#7318 = COLOUR_RGB( '', 0.200000002980232, 0.200000002980232, 0.200000002980232 );
#7319 = CARTESIAN_POINT( '', ( -13.8241161390704, -3.50000000000000, 1.31252997265152 ) );
#7320 = CARTESIAN_POINT( '', ( -14.1491161390704, -3.17500000000000, 1.55000000000000 ) );
#7321 = VECTOR( '', #8282, 1000.00000000000 );
#7322 = CARTESIAN_POINT( '', ( -13.8241161390704, -2.85000000000000, 1.55000000000000 ) );
#7323 = CARTESIAN_POINT( '', ( -13.8241161390704, 5.25021915226175, 4.50932194402507 ) );
#7324 = VECTOR( '', #8283, 1000.00000000000 );
#7325 = CARTESIAN_POINT( '', ( 0.904261258876302, -6.33757478080602, -5.10498871087239 ) );
#7326 = VECTOR( '', #8284, 1000.00000000000 );
#7327 = COLOUR_RGB( '', 0.200000002980232, 0.200000002980232, 0.200000002980232 );
#7328 = AXIS2_PLACEMENT_3D( '', #8285, #8286, #8287 );
#7329 = COLOUR_RGB( '', 0.200000002980232, 0.200000002980232, 0.200000002980232 );
#7330 = CARTESIAN_POINT( '', ( -13.8241161390704, -3.50000000000000, 9.30000000000000 ) );
#7331 = VECTOR( '', #8288, 1000.00000000000 );
#7332 = CARTESIAN_POINT( '', ( -8.11456998140440, -9.20954615766602, 9.30000000000000 ) );
#7333 = VECTOR( '', #8289, 1000.00000000000 );
#7334 = COLOUR_RGB( '', 0.200000002980232, 0.200000002980232, 0.200000002980232 );
#7335 = CARTESIAN_POINT( '', ( 0.875000000000000, -10.4634781502137, 54.0000000000000 ) );
#7336 = VECTOR( '', #8290, 1000.00000000000 );
#7337 = CARTESIAN_POINT( '', ( 0.875000000000000, -7.00000000000000, 15.4250000000000 ) );
#7338 = VECTOR( '', #8291, 1000.00000000000 );
#7339 = COLOUR_RGB( '', 0.200000002980232, 0.200000002980232, 0.200000002980232 );
#7340 = AXIS2_PLACEMENT_3D( '', #8292, #8293, #8294 );
#7341 = COLOUR_RGB( '', 0.200000002980232, 0.200000002980232, 0.200000002980232 );
#7342 = COLOUR_RGB( '', 0.980000019073486, 0.980000019073486, 0.980000019073486 );
#7343 = COLOUR_RGB( '', 0.200000002980232, 0.200000002980232, 0.200000002980232 );
#7344 = CARTESIAN_POINT( '', ( 5.00000000000000, 9.23309265630969, 15.4250000000000 ) );
#7345 = VECTOR( '', #8295, 1000.00000000000 );
#7346 = CARTESIAN_POINT( '', ( 5.00000000000000, -9.23309265630969, 15.4250000000000 ) );
#7347 = VECTOR( '', #8296, 1000.00000000000 );
#7348 = COLOUR_RGB( '', 0.200000002980232, 0.200000002980232, 0.200000002980232 );
#7349 = CARTESIAN_POINT( '', ( -2.64028521701587, 5.14651336822402, -3.37488881119909 ) );
#7350 = VECTOR( '', #8297, 1000.00000000000 );
#7351 = CARTESIAN_POINT( '', ( -11.2568895134681, 2.41811048653195, 2.47619005052777 ) );
#7352 = VECTOR( '', #8298, 1000.00000000000 );
#7353 = COLOUR_RGB( '', 0.200000002980232, 0.200000002980232, 0.200000002980232 );
#7354 = CARTESIAN_POINT( '', ( 5.59640664608587E-016, 6.75000000000000, 2.95000000000000 ) );
#7355 = VECTOR( '', #8299, 1000.00000000000 );
#7356 = CARTESIAN_POINT( '', ( -1.11928132921717E-015, -6.75000000000000, 2.95000000000000 ) );
#7357 = VECTOR( '', #8300, 1000.00000000000 );
#7358 = COLOUR_RGB( '', 0.200000002980232, 0.200000002980232, 0.200000002980232 );
#7359 = CARTESIAN_POINT( '', ( -5.25000000000000, -11.6750000000000, 1.42500000000000 ) );
#7360 = VECTOR( '', #8301, 1000.00000000000 );
#7361 = COLOUR_RGB( '', 0.200000002980232, 0.200000002980232, 0.200000002980232 );
#7362 = AXIS2_PLACEMENT_3D( '', #8302, #8303, #8304 );
#7363 = COLOUR_RGB( '', 0.200000002980232, 0.200000002980232, 0.200000002980232 );
#7364 = AXIS2_PLACEMENT_3D( '', #8305, #8306, #8307 );
#7365 = COLOUR_RGB( '', 0.200000002980232, 0.200000002980232, 0.200000002980232 );
#7366 = CARTESIAN_POINT( '', ( 2.41424688654792, -6.75000000000000, 2.83371559633027 ) );
#7367 = CARTESIAN_POINT( '', ( 2.41424688654792, -34.5930973696680, 2.83371559633027 ) );
#7368 = VECTOR( '', #8308, 1000.00000000000 );
#7369 = AXIS2_PLACEMENT_3D( '', #8309, #8310, #8311 );
#7370 = COLOUR_RGB( '', 0.752941191196442, 0.752941191196442, 0.752941191196442 );
#7371 = AXIS2_PLACEMENT_3D( '', #8312, #8313, #8314 );
#7372 = CARTESIAN_POINT( '', ( -11.8417323132024, 2.25000000000000, 1.46436271221378 ) );
#7373 = VECTOR( '', #8315, 1000.00000000000 );
#7374 = CARTESIAN_POINT( '', ( -12.0788009308512, 2.25000000000000, 1.02413723529691 ) );
#7375 = VECTOR( '', #8316, 1000.00000000000 );
#7376 = AXIS2_PLACEMENT_3D( '', #8317, #8318, #8319 );
#7377 = CARTESIAN_POINT( '', ( -11.1983499770184, 2.25000000000000, 18.0500000000000 ) );
#7378 = VECTOR( '', #8320, 1000.00000000000 );
#7379 = COLOUR_RGB( '', 0.200000002980232, 0.200000002980232, 0.200000002980232 );
#7380 = CARTESIAN_POINT( '', ( 2.85000000000000, 14.1000000000000, 3.97500000000000 ) );
#7381 = AXIS2_PLACEMENT_3D( '', #8321, #8322, #8323 );
#7382 = CARTESIAN_POINT( '', ( 3.15000000000000, 14.1000000000000, 3.97500000000000 ) );
#7383 = VECTOR( '', #8324, 1000.00000000000 );
#7384 = AXIS2_PLACEMENT_3D( '', #8325, #8326, #8327 );
#7385 = COLOUR_RGB( '', 0.200000002980232, 0.200000002980232, 0.200000002980232 );
#7386 = AXIS2_PLACEMENT_3D( '', #8328, #8329, #8330 );
#7387 = COLOUR_RGB( '', 0.980000019073486, 0.980000019073486, 0.980000019073486 );
#7388 = CARTESIAN_POINT( '', ( 1.49500000000000, -12.5700000000000, 1.42500000000000 ) );
#7389 = AXIS2_PLACEMENT_3D( '', #8331, #8332, #8333 );
#7390 = COLOUR_RGB( '', 0.200000002980232, 0.200000002980232, 0.200000002980232 );
#7391 = CARTESIAN_POINT( '', ( 2.85000000000000, 14.1000000000000, 1.42500000000000 ) );
#7392 = VECTOR( '', #8334, 1000.00000000000 );
#7393 = COLOUR_RGB( '', 0.200000002980232, 0.200000002980232, 0.200000002980232 );
#7394 = AXIS2_PLACEMENT_3D( '', #8335, #8336, #8337 );
#7395 = COLOUR_RGB( '', 0.200000002980232, 0.200000002980232, 0.200000002980232 );
#7396 = COLOUR_RGB( '', 0.200000002980232, 0.200000002980232, 0.200000002980232 );
#7397 = COLOUR_RGB( '', 0.200000002980232, 0.200000002980232, 0.200000002980232 );
#7398 = CARTESIAN_POINT( '', ( -5.25000000000000, -9.87500000000000, 1.42500000000000 ) );
#7399 = VECTOR( '', #8338, 1000.00000000000 );
#7400 = COLOUR_RGB( '', 0.200000002980232, 0.200000002980232, 0.200000002980232 );
#7401 = AXIS2_PLACEMENT_3D( '', #8339, #8340, #8341 );
#7402 = COLOUR_RGB( '', 0.752941191196442, 0.752941191196442, 0.752941191196442 );
#7403 = COLOUR_RGB( '', 0.200000002980232, 0.200000002980232, 0.200000002980232 );
#7404 = COLOUR_RGB( '', 0.200000002980232, 0.200000002980232, 0.200000002980232 );
#7405 = COLOUR_RGB( '', 0.752941191196442, 0.752941191196442, 0.752941191196442 );
#7406 = AXIS2_PLACEMENT_3D( '', #8342, #8343, #8344 );
#7407 = AXIS2_PLACEMENT_3D( '', #8345, #8346, #8347 );
#7408 = COLOUR_RGB( '', 0.200000002980232, 0.200000002980232, 0.200000002980232 );
#7409 = CARTESIAN_POINT( '', ( -13.8241161390704, 2.85000000000000, 1.55000000000000 ) );
#7410 = CARTESIAN_POINT( '', ( -13.8241161390704, -2.85000000000000, 1.55000000000000 ) );
#7411 = VECTOR( '', #8348, 1000.00000000000 );
#7412 = CARTESIAN_POINT( '', ( 3.54185797132344, 6.96213888095936, -6.29678166069298 ) );
#7413 = VECTOR( '', #8349, 1000.00000000000 );
#7414 = COLOUR_RGB( '', 0.752941191196442, 0.752941191196442, 0.752941191196442 );
#7415 = CARTESIAN_POINT( '', ( -11.1983499770184, -2.25000000000000, 18.0500000000000 ) );
#7416 = VECTOR( '', #8350, 1000.00000000000 );
#7417 = COLOUR_RGB( '', 0.980000019073486, 0.980000019073486, 0.980000019073486 );
#7418 = CARTESIAN_POINT( '', ( -1.79500000000000, -8.68000000000000, 1.42500000000000 ) );
#7419 = AXIS2_PLACEMENT_3D( '', #8351, #8352, #8353 );
#7420 = COLOUR_RGB( '', 0.200000002980232, 0.200000002980232, 0.200000002980232 );
#7421 = CARTESIAN_POINT( '', ( -5.25000000000000, -11.6750000000000, 1.42500000000000 ) );
#7422 = VECTOR( '', #8354, 1000.00000000000 );
#7423 = COLOUR_RGB( '', 0.200000002980232, 0.200000002980232, 0.200000002980232 );
#7424 = COLOUR_RGB( '', 0.980000019073486, 0.980000019073486, 0.980000019073486 );
#7425 = COLOUR_RGB( '', 0.200000002980232, 0.200000002980232, 0.200000002980232 );
#7426 = COLOUR_RGB( '', 0.200000002980232, 0.200000002980232, 0.200000002980232 );
#7427 = CARTESIAN_POINT( '', ( -5.25000000000000, -12.6000000000000, 1.42500000000000 ) );
#7428 = AXIS2_PLACEMENT_3D( '', #8355, #8356, #8357 );
#7429 = CARTESIAN_POINT( '', ( -5.25000000000000, -12.9000000000000, 1.42500000000000 ) );
#7430 = VECTOR( '', #8358, 1000.00000000000 );
#7431 = CARTESIAN_POINT( '', ( 3.15000000000000, -6.70000000000000, 1.42500000000000 ) );
#7432 = VECTOR( '', #8359, 1000.00000000000 );
#7433 = COLOUR_RGB( '', 0.200000002980232, 0.200000002980232, 0.200000002980232 );
#7434 = COLOUR_RGB( '', 0.752941191196442, 0.752941191196442, 0.752941191196442 );
#7435 = COLOUR_RGB( '', 0.980000019073486, 0.980000019073486, 0.980000019073486 );
#7436 = COLOUR_RGB( '', 0.200000002980232, 0.200000002980232, 0.200000002980232 );
#7437 = CARTESIAN_POINT( '', ( 2.76690734369031, 7.00000000000000, 15.4250000000000 ) );
#7438 = VECTOR( '', #8360, 1000.00000000000 );
#7439 = COLOUR_RGB( '', 0.752941191196442, 0.752941191196442, 0.752941191196442 );
#7440 = CARTESIAN_POINT( '', ( -12.0788009308512, -0.310000000000000, 1.02413723529691 ) );
#7441 = VECTOR( '', #8361, 1000.00000000000 );
#7442 = CARTESIAN_POINT( '', ( -12.0788009308512, -2.25000000000000, 1.02413723529691 ) );
#7443 = VECTOR( '', #8362, 1000.00000000000 );
#7444 = COLOUR_RGB( '', 0.752941191196442, 0.752941191196442, 0.752941191196442 );
#7445 = COLOUR_RGB( '', 0.200000002980232, 0.200000002980232, 0.200000002980232 );
#7446 = COLOUR_RGB( '', 0.200000002980232, 0.200000002980232, 0.200000002980232 );
#7447 = CARTESIAN_POINT( '', ( 2.76690734369031, -7.00000000000000, 15.4250000000000 ) );
#7448 = VECTOR( '', #8363, 1000.00000000000 );
#7449 = COLOUR_RGB( '', 0.752941191196442, 0.752941191196442, 0.752941191196442 );
#7450 = COLOUR_RGB( '', 0.200000002980232, 0.200000002980232, 0.200000002980232 );
#7451 = AXIS2_PLACEMENT_3D( '', #8364, #8365, #8366 );
#7452 = COLOUR_RGB( '', 0.200000002980232, 0.200000002980232, 0.200000002980232 );
#7453 = CARTESIAN_POINT( '', ( -5.25000000000000, -12.9000000000000, 3.17500000000000 ) );
#7454 = VECTOR( '', #8367, 1000.00000000000 );
#7455 = COLOUR_RGB( '', 0.899999976158142, 0.899999976158142, 0.000000000000000 );
#7456 = COLOUR_RGB( '', 0.200000002980232, 0.200000002980232, 0.200000002980232 );
#7457 = CARTESIAN_POINT( '', ( -13.8241161390704, 0.925494608306811, 2.25309591999644 ) );
#7458 = VECTOR( '', #8368, 1000.00000000000 );
#7459 = COLOUR_RGB( '', 0.200000002980232, 0.200000002980232, 0.200000002980232 );
#7460 = COLOUR_RGB( '', 0.752941191196442, 0.752941191196442, 0.752941191196442 );
#7461 = COLOUR_RGB( '', 0.200000002980232, 0.200000002980232, 0.200000002980232 );
#7462 = COLOUR_RGB( '', 0.752941191196442, 0.752941191196442, 0.752941191196442 );
#7463 = COLOUR_RGB( '', 0.200000002980232, 0.200000002980232, 0.200000002980232 );
#7464 = CARTESIAN_POINT( '', ( -5.25000000000000, -12.6000000000000, 1.42500000000000 ) );
#7465 = VECTOR( '', #8369, 1000.00000000000 );
#7466 = COLOUR_RGB( '', 0.200000002980232, 0.200000002980232, 0.200000002980232 );
#7467 = CARTESIAN_POINT( '', ( -0.550000000000000, 11.6750000000000, -33.8699468225283 ) );
#7468 = VECTOR( '', #8370, 1000.00000000000 );
#7469 = COLOUR_RGB( '', 0.200000002980232, 0.200000002980232, 0.200000002980232 );
#7470 = COLOUR_RGB( '', 0.200000002980232, 0.200000002980232, 0.200000002980232 );
#7471 = COLOUR_RGB( '', 0.200000002980232, 0.200000002980232, 0.200000002980232 );
#7472 = COLOUR_RGB( '', 0.200000002980232, 0.200000002980232, 0.200000002980232 );
#7473 = COLOUR_RGB( '', 0.200000002980232, 0.200000002980232, 0.200000002980232 );
#7474 = DIRECTION( '', ( 0.000000000000000, 1.00000000000000, 0.000000000000000 ) );
#7475 = CARTESIAN_POINT( '', ( -12.1813738927149, -0.310000000000000, 0.833663981168579 ) );
#7476 = DIRECTION( '', ( 0.000000000000000, -1.00000000000000, 0.000000000000000 ) );
#7477 = DIRECTION( '', ( 0.000000000000000, 0.000000000000000, -1.00000000000000 ) );
#7478 = DIRECTION( '', ( 0.000000000000000, 1.00000000000000, 0.000000000000000 ) );
#7479 = CARTESIAN_POINT( '', ( -12.1813738927149, -2.25000000000000, 0.833663981168579 ) );
#7480 = DIRECTION( '', ( -0.000000000000000, 1.00000000000000, 0.000000000000000 ) );
#7481 = DIRECTION( '', ( 1.00000000000000, 0.000000000000000, 0.000000000000000 ) );
#7482 = DIRECTION( '', ( -1.00000000000000, 0.000000000000000, 0.000000000000000 ) );
#7483 = DIRECTION( '', ( 0.000000000000000, 0.000000000000000, 1.00000000000000 ) );
#7484 = DIRECTION( '', ( -1.00000000000000, 0.000000000000000, 0.000000000000000 ) );
#7485 = DIRECTION( '', ( 0.000000000000000, 0.000000000000000, 1.00000000000000 ) );
#7486 = DIRECTION( '', ( -1.00000000000000, 0.000000000000000, 0.000000000000000 ) );
#7487 = DIRECTION( '', ( 0.000000000000000, 0.000000000000000, 1.00000000000000 ) );
#7488 = DIRECTION( '', ( -1.00000000000000, 0.000000000000000, 0.000000000000000 ) );
#7489 = DIRECTION( '', ( 0.000000000000000, 0.000000000000000, 1.00000000000000 ) );
#7490 = CARTESIAN_POINT( '', ( 8.67361737988404E-016, 0.000000000000000, 15.9750000000000 ) );
#7491 = DIRECTION( '', ( 0.000000000000000, 0.000000000000000, -1.00000000000000 ) );
#7492 = DIRECTION( '', ( 0.000000000000000, 1.00000000000000, 0.000000000000000 ) );
#7493 = DIRECTION( '', ( -1.08420217248550E-016, 1.00000000000000, 0.000000000000000 ) );
#7494 = DIRECTION( '', ( 1.00000000000000, -7.83692431882790E-017, 0.000000000000000 ) );
#7495 = DIRECTION( '', ( 0.707106781186549, 0.707106781186546, 0.000000000000000 ) );
#7496 = CARTESIAN_POINT( '', ( 1.79500000000000, 12.5700000000000, -3.59500000000000 ) );
#7497 = DIRECTION( '', ( 0.000000000000000, 0.000000000000000, -1.00000000000000 ) );
#7498 = DIRECTION( '', ( 0.000000000000000, 1.00000000000000, 0.000000000000000 ) );
#7499 = CARTESIAN_POINT( '', ( 1.79500000000000, 12.5700000000000, 1.42500000000000 ) );
#7500 = DIRECTION( '', ( 0.000000000000000, 0.000000000000000, 1.00000000000000 ) );
#7501 = DIRECTION( '', ( 1.00000000000000, 0.000000000000000, 0.000000000000000 ) );
#7502 = CARTESIAN_POINT( '', ( 1.79500000000000, -12.5700000000000, -3.59500000000000 ) );
#7503 = DIRECTION( '', ( 0.000000000000000, -0.000000000000000, 1.00000000000000 ) );
#7504 = DIRECTION( '', ( 0.000000000000000, 1.00000000000000, 0.000000000000000 ) );
#7505 = CARTESIAN_POINT( '', ( 3.45000000000000, 13.2000000000000, 1.42500000000000 ) );
#7506 = DIRECTION( '', ( 0.000000000000000, 0.000000000000000, 1.00000000000000 ) );
#7507 = DIRECTION( '', ( 1.00000000000000, 0.000000000000000, 0.000000000000000 ) );
#7508 = DIRECTION( '', ( 0.000000000000000, 0.000000000000000, 1.00000000000000 ) );
#7509 = CARTESIAN_POINT( '', ( 3.45000000000000, 13.2000000000000, 3.97500000000000 ) );
#7510 = DIRECTION( '', ( 0.000000000000000, 0.000000000000000, 1.00000000000000 ) );
#7511 = DIRECTION( '', ( 1.00000000000000, 0.000000000000000, 0.000000000000000 ) );
#7512 = DIRECTION( '', ( 0.000000000000000, 0.000000000000000, 1.00000000000000 ) );
#7513 = DIRECTION( '', ( 3.61400724161836E-016, 1.00000000000000, 0.000000000000000 ) );
#7514 = DIRECTION( '', ( 0.000000000000000, 0.000000000000000, 1.00000000000000 ) );
#7515 = DIRECTION( '', ( 3.61400724161836E-016, 1.00000000000000, 0.000000000000000 ) );
#7516 = DIRECTION( '', ( 0.000000000000000, 0.000000000000000, 1.00000000000000 ) );
#7517 = DIRECTION( '', ( 1.00000000000000, 0.000000000000000, 0.000000000000000 ) );
#7518 = DIRECTION( '', ( 0.000000000000000, 0.000000000000000, 1.00000000000000 ) );
#7519 = DIRECTION( '', ( -1.00000000000000, 0.000000000000000, 0.000000000000000 ) );
#7520 = CARTESIAN_POINT( '', ( 0.000000000000000, -6.70000000000000, 4.29500000000000 ) );
#7521 = DIRECTION( '', ( 0.000000000000000, -1.00000000000000, 0.000000000000000 ) );
#7522 = DIRECTION( '', ( 0.000000000000000, 0.000000000000000, -1.00000000000000 ) );
#7523 = DIRECTION( '', ( -1.00000000000000, 0.000000000000000, 0.000000000000000 ) );
#7524 = DIRECTION( '', ( 0.000000000000000, 0.000000000000000, 1.00000000000000 ) );
#7525 = CARTESIAN_POINT( '', ( 7.30000000000000, -8.39497617626161, 2.95000000000000 ) );
#7526 = DIRECTION( '', ( 0.000000000000000, 0.000000000000000, -1.00000000000000 ) );
#7527 = DIRECTION( '', ( -1.00000000000000, 0.000000000000000, 0.000000000000000 ) );
#7528 = DIRECTION( '', ( 0.000000000000000, 0.000000000000000, -1.00000000000000 ) );
#7529 = CARTESIAN_POINT( '', ( 7.30000000000000, -8.39497617626161, 9.30000000000000 ) );
#7530 = DIRECTION( '', ( 0.000000000000000, 0.000000000000000, 1.00000000000000 ) );
#7531 = DIRECTION( '', ( 1.00000000000000, 0.000000000000000, 0.000000000000000 ) );
#7532 = DIRECTION( '', ( 0.000000000000000, 0.000000000000000, -1.00000000000000 ) );
#7533 = CARTESIAN_POINT( '', ( -13.2613442713971, 0.310000000000000, 1.74999999999997 ) );
#7534 = DIRECTION( '', ( 0.000000000000000, -1.00000000000000, 0.000000000000000 ) );
#7535 = DIRECTION( '', ( 0.000000000000000, 0.000000000000000, -1.00000000000000 ) );
#7536 = DIRECTION( '', ( 0.000000000000000, 1.00000000000000, 0.000000000000000 ) );
#7537 = CARTESIAN_POINT( '', ( -13.2613442713971, 2.25000000000000, 1.74999999999997 ) );
#7538 = DIRECTION( '', ( -0.000000000000000, 1.00000000000000, 0.000000000000000 ) );
#7539 = DIRECTION( '', ( 1.00000000000000, 0.000000000000000, 0.000000000000000 ) );
#7540 = DIRECTION( '', ( 0.000000000000000, 1.00000000000000, 0.000000000000000 ) );
#7541 = CARTESIAN_POINT( '', ( 1.79500000000000, -8.98000000000000, -3.59500000000000 ) );
#7542 = DIRECTION( '', ( 0.000000000000000, -0.000000000000000, 1.00000000000000 ) );
#7543 = DIRECTION( '', ( 0.000000000000000, 1.00000000000000, 0.000000000000000 ) );
#7544 = CARTESIAN_POINT( '', ( 1.79500000000000, -8.98000000000000, 1.42500000000000 ) );
#7545 = DIRECTION( '', ( 0.000000000000000, 0.000000000000000, -1.00000000000000 ) );
#7546 = DIRECTION( '', ( -1.00000000000000, 0.000000000000000, 0.000000000000000 ) );
#7547 = DIRECTION( '', ( -1.45950292449972E-016, 1.00000000000000, 0.000000000000000 ) );
#7548 = CARTESIAN_POINT( '', ( 0.000000000000000, 8.90000000000000, 3.97500000000000 ) );
#7549 = DIRECTION( '', ( 0.000000000000000, 0.000000000000000, -1.00000000000000 ) );
#7550 = DIRECTION( '', ( 0.000000000000000, 1.00000000000000, 0.000000000000000 ) );
#7551 = DIRECTION( '', ( 6.25501253357023E-017, 1.00000000000000, 0.000000000000000 ) );
#7552 = CARTESIAN_POINT( '', ( 0.000000000000000, 0.000000000000000, 3.97500000000000 ) );
#7553 = DIRECTION( '', ( 0.000000000000000, 0.000000000000000, -1.00000000000000 ) );
#7554 = DIRECTION( '', ( -1.00000000000000, 0.000000000000000, 0.000000000000000 ) );
#7555 = DIRECTION( '', ( 0.000000000000000, 1.00000000000000, 0.000000000000000 ) );
#7556 = CARTESIAN_POINT( '', ( -12.1813738927149, -0.310000000000000, 0.833663981168579 ) );
#7557 = DIRECTION( '', ( 0.000000000000000, -1.00000000000000, 0.000000000000000 ) );
#7558 = DIRECTION( '', ( 0.000000000000000, 0.000000000000000, -1.00000000000000 ) );
#7559 = DIRECTION( '', ( 0.000000000000000, 1.00000000000000, 0.000000000000000 ) );
#7560 = CARTESIAN_POINT( '', ( -12.1813738927149, -2.25000000000000, 0.833663981168579 ) );
#7561 = DIRECTION( '', ( 0.000000000000000, -1.00000000000000, 0.000000000000000 ) );
#7562 = DIRECTION( '', ( 1.00000000000000, 0.000000000000000, 0.000000000000000 ) );
#7563 = CARTESIAN_POINT( '', ( -4.61500000000000, 0.300000000000000, 1.16315926586006 ) );
#7564 = DIRECTION( '', ( -0.000000000000000, 1.00000000000000, 0.000000000000000 ) );
#7565 = DIRECTION( '', ( 1.00000000000000, 0.000000000000000, 0.000000000000000 ) );
#7566 = DIRECTION( '', ( 0.000000000000000, 1.00000000000000, 0.000000000000000 ) );
#7567 = CARTESIAN_POINT( '', ( -4.61500000000000, -0.300000000000000, 1.16315926586006 ) );
#7568 = DIRECTION( '', ( -0.000000000000000, 1.00000000000000, 0.000000000000000 ) );
#7569 = DIRECTION( '', ( 1.00000000000000, 0.000000000000000, 0.000000000000000 ) );
#7570 = DIRECTION( '', ( 0.000000000000000, 1.00000000000000, 0.000000000000000 ) );
#7571 = CARTESIAN_POINT( '', ( -3.45000000000000, -13.2000000000000, 1.42500000000000 ) );
#7572 = DIRECTION( '', ( 0.000000000000000, 0.000000000000000, -1.00000000000000 ) );
#7573 = DIRECTION( '', ( -1.00000000000000, 0.000000000000000, 0.000000000000000 ) );
#7574 = CARTESIAN_POINT( '', ( -3.45000000000000, -13.2000000000000, 3.97500000000000 ) );
#7575 = DIRECTION( '', ( 0.000000000000000, 0.000000000000000, 1.00000000000000 ) );
#7576 = DIRECTION( '', ( 1.00000000000000, 0.000000000000000, 0.000000000000000 ) );
#7577 = CARTESIAN_POINT( '', ( 0.000000000000000, 0.000000000000000, 2.95000000000000 ) );
#7578 = DIRECTION( '', ( 0.000000000000000, 0.000000000000000, -1.00000000000000 ) );
#7579 = DIRECTION( '', ( 1.00000000000000, 0.000000000000000, 0.000000000000000 ) );
#7580 = DIRECTION( '', ( 0.000000000000000, 1.00000000000000, 0.000000000000000 ) );
#7581 = DIRECTION( '', ( 1.00000000000000, -1.65819456180322E-016, 0.000000000000000 ) );
#7582 = DIRECTION( '', ( 0.707106781186547, -0.707106781186548, 0.000000000000000 ) );
#7583 = CARTESIAN_POINT( '', ( 0.000000000000000, 0.000000000000000, 2.95000000000000 ) );
#7584 = DIRECTION( '', ( 0.000000000000000, 0.000000000000000, -1.00000000000000 ) );
#7585 = DIRECTION( '', ( 1.00000000000000, 0.000000000000000, 0.000000000000000 ) );
#7586 = CARTESIAN_POINT( '', ( 7.30000000000000, 8.39497617626161, 2.95000000000000 ) );
#7587 = DIRECTION( '', ( 0.000000000000000, 0.000000000000000, -1.00000000000000 ) );
#7588 = DIRECTION( '', ( -1.00000000000000, 0.000000000000000, 0.000000000000000 ) );
#7589 = DIRECTION( '', ( 0.707106781186546, 0.707106781186549, 0.000000000000000 ) );
#7590 = DIRECTION( '', ( 1.00000000000000, -8.29097280901611E-017, 0.000000000000000 ) );
#7591 = DIRECTION( '', ( 0.000000000000000, 1.00000000000000, 0.000000000000000 ) );
#7592 = DIRECTION( '', ( 0.000000000000000, 1.00000000000000, 0.000000000000000 ) );
#7593 = CARTESIAN_POINT( '', ( -13.2613442713971, -0.310000000000000, 1.74999999999997 ) );
#7594 = DIRECTION( '', ( 0.000000000000000, -1.00000000000000, 0.000000000000000 ) );
#7595 = DIRECTION( '', ( 0.000000000000000, 0.000000000000000, -1.00000000000000 ) );
#7596 = CARTESIAN_POINT( '', ( -13.2613442713971, -2.25000000000000, 1.74999999999997 ) );
#7597 = DIRECTION( '', ( 0.000000000000000, -1.00000000000000, 0.000000000000000 ) );
#7598 = DIRECTION( '', ( 1.00000000000000, 0.000000000000000, 0.000000000000000 ) );
#7599 = CARTESIAN_POINT( '', ( 3.45000000000000, -13.2000000000000, 1.42500000000000 ) );
#7600 = DIRECTION( '', ( 0.000000000000000, 0.000000000000000, -1.00000000000000 ) );
#7601 = DIRECTION( '', ( -1.00000000000000, 0.000000000000000, 0.000000000000000 ) );
#7602 = CARTESIAN_POINT( '', ( 3.45000000000000, -13.2000000000000, 3.97500000000000 ) );
#7603 = DIRECTION( '', ( 0.000000000000000, 0.000000000000000, 1.00000000000000 ) );
#7604 = DIRECTION( '', ( 1.00000000000000, 0.000000000000000, 0.000000000000000 ) );
#7605 = DIRECTION( '', ( 0.000000000000000, 0.000000000000000, 1.00000000000000 ) );
#7606 = DIRECTION( '', ( 1.45950292449972E-016, -1.00000000000000, 0.000000000000000 ) );
#7607 = DIRECTION( '', ( 0.000000000000000, 0.000000000000000, 1.00000000000000 ) );
#7608 = DIRECTION( '', ( 1.45950292449972E-016, -1.00000000000000, 0.000000000000000 ) );
#7609 = DIRECTION( '', ( 0.000000000000000, 0.000000000000000, -1.00000000000000 ) );
#7610 = DIRECTION( '', ( -1.45950292449972E-016, 1.00000000000000, 0.000000000000000 ) );
#7611 = DIRECTION( '', ( 0.000000000000000, 0.000000000000000, 1.00000000000000 ) );
#7612 = DIRECTION( '', ( 1.45950292449972E-016, -1.00000000000000, 0.000000000000000 ) );
#7613 = DIRECTION( '', ( 0.000000000000000, 0.000000000000000, 1.00000000000000 ) );
#7614 = DIRECTION( '', ( 0.000000000000000, 1.00000000000000, 0.000000000000000 ) );
#7615 = DIRECTION( '', ( 0.000000000000000, 1.00000000000000, 0.000000000000000 ) );
#7616 = CARTESIAN_POINT( '', ( 0.000000000000000, 6.70000000000000, 4.29500000000000 ) );
#7617 = DIRECTION( '', ( 0.000000000000000, -1.00000000000000, 0.000000000000000 ) );
#7618 = DIRECTION( '', ( 0.000000000000000, 0.000000000000000, -1.00000000000000 ) );
#7619 = CARTESIAN_POINT( '', ( -12.1813738926934, 2.25000000000000, 17.7663360189454 ) );
#7620 = DIRECTION( '', ( -0.000000000000000, 1.00000000000000, 0.000000000000000 ) );
#7621 = DIRECTION( '', ( 1.00000000000000, 0.000000000000000, 0.000000000000000 ) );
#7622 = DIRECTION( '', ( 0.000000000000000, 1.00000000000000, 0.000000000000000 ) );
#7623 = CARTESIAN_POINT( '', ( -12.1813738926934, -2.25000000000000, 17.7663360189454 ) );
#7624 = DIRECTION( '', ( -0.000000000000000, 1.00000000000000, 0.000000000000000 ) );
#7625 = DIRECTION( '', ( 1.00000000000000, 0.000000000000000, 0.000000000000000 ) );
#7626 = DIRECTION( '', ( 0.000000000000000, 1.00000000000000, 0.000000000000000 ) );
#7627 = CARTESIAN_POINT( '', ( -3.59000000000000, -10.7750000000000, -3.59500000000000 ) );
#7628 = DIRECTION( '', ( 0.000000000000000, 0.000000000000000, -1.00000000000000 ) );
#7629 = DIRECTION( '', ( 0.000000000000000, 1.00000000000000, 0.000000000000000 ) );
#7630 = CARTESIAN_POINT( '', ( -0.850000000000000, -13.8000000000000, 1.42500000000000 ) );
#7631 = DIRECTION( '', ( 0.000000000000000, 0.000000000000000, -1.00000000000000 ) );
#7632 = DIRECTION( '', ( -1.00000000000000, 0.000000000000000, 0.000000000000000 ) );
#7633 = DIRECTION( '', ( 0.000000000000000, 0.000000000000000, 1.00000000000000 ) );
#7634 = CARTESIAN_POINT( '', ( -0.850000000000000, -13.8000000000000, 3.97500000000000 ) );
#7635 = DIRECTION( '', ( 0.000000000000000, 0.000000000000000, 1.00000000000000 ) );
#7636 = DIRECTION( '', ( 1.00000000000000, 0.000000000000000, 0.000000000000000 ) );
#7637 = DIRECTION( '', ( 0.000000000000000, 0.000000000000000, 1.00000000000000 ) );
#7638 = CARTESIAN_POINT( '', ( -2.65141471671257, 6.75000000000000, 2.65000000000000 ) );
#7639 = DIRECTION( '', ( 8.29097280901611E-017, 1.00000000000000, 0.000000000000000 ) );
#7640 = DIRECTION( '', ( -1.00000000000000, 8.29097280901611E-017, 0.000000000000000 ) );
#7641 = DIRECTION( '', ( 0.000000000000000, 1.00000000000000, 0.000000000000000 ) );
#7642 = DIRECTION( '', ( 0.000000000000000, 1.00000000000000, 0.000000000000000 ) );
#7643 = DIRECTION( '', ( 2.50634296273553E-015, 1.00000000000000, 0.000000000000000 ) );
#7644 = DIRECTION( '', ( 0.000000000000000, 0.000000000000000, 1.00000000000000 ) );
#7645 = DIRECTION( '', ( -2.50634296273553E-015, -1.00000000000000, 0.000000000000000 ) );
#7646 = DIRECTION( '', ( 0.000000000000000, 0.000000000000000, 1.00000000000000 ) );
#7647 = DIRECTION( '', ( -2.50634296273553E-015, -1.00000000000000, 0.000000000000000 ) );
#7648 = DIRECTION( '', ( 0.000000000000000, 0.000000000000000, 1.00000000000000 ) );
#7649 = CARTESIAN_POINT( '', ( 1.79500000000000, 8.98000000000000, -3.59500000000000 ) );
#7650 = DIRECTION( '', ( 0.000000000000000, 0.000000000000000, -1.00000000000000 ) );
#7651 = DIRECTION( '', ( 0.000000000000000, 1.00000000000000, 0.000000000000000 ) );
#7652 = CARTESIAN_POINT( '', ( 1.79500000000000, 8.98000000000000, 1.42500000000000 ) );
#7653 = DIRECTION( '', ( 0.000000000000000, 0.000000000000000, 1.00000000000000 ) );
#7654 = DIRECTION( '', ( 1.00000000000000, 0.000000000000000, 0.000000000000000 ) );
#7655 = CARTESIAN_POINT( '', ( -4.95000000000000, 12.6000000000000, 1.42500000000000 ) );
#7656 = DIRECTION( '', ( 0.000000000000000, 0.000000000000000, 1.00000000000000 ) );
#7657 = DIRECTION( '', ( 1.00000000000000, 0.000000000000000, 0.000000000000000 ) );
#7658 = DIRECTION( '', ( -1.00000000000000, 0.000000000000000, 0.000000000000000 ) );
#7659 = CARTESIAN_POINT( '', ( -3.45000000000000, 13.2000000000000, 1.42500000000000 ) );
#7660 = DIRECTION( '', ( 0.000000000000000, 0.000000000000000, 1.00000000000000 ) );
#7661 = DIRECTION( '', ( 1.00000000000000, 0.000000000000000, 0.000000000000000 ) );
#7662 = DIRECTION( '', ( 3.61400724161837E-016, -1.00000000000000, 0.000000000000000 ) );
#7663 = CARTESIAN_POINT( '', ( -2.85000000000000, 13.8000000000000, 1.42500000000000 ) );
#7664 = DIRECTION( '', ( 0.000000000000000, 0.000000000000000, 1.00000000000000 ) );
#7665 = DIRECTION( '', ( 1.00000000000000, 0.000000000000000, 0.000000000000000 ) );
#7666 = DIRECTION( '', ( -1.00000000000000, -1.10141173077892E-015, 0.000000000000000 ) );
#7667 = CARTESIAN_POINT( '', ( -0.850000000000000, 13.8000000000000, 1.42500000000000 ) );
#7668 = DIRECTION( '', ( 0.000000000000000, 0.000000000000000, 1.00000000000000 ) );
#7669 = DIRECTION( '', ( 1.00000000000000, 0.000000000000000, 0.000000000000000 ) );
#7670 = DIRECTION( '', ( 6.25501253357023E-017, 1.00000000000000, 0.000000000000000 ) );
#7671 = DIRECTION( '', ( -1.00000000000000, 0.000000000000000, 0.000000000000000 ) );
#7672 = DIRECTION( '', ( -9.63735264431560E-016, -1.00000000000000, 0.000000000000000 ) );
#7673 = DIRECTION( '', ( 1.00000000000000, 0.000000000000000, 0.000000000000000 ) );
#7674 = DIRECTION( '', ( 6.25501253357023E-017, 1.00000000000000, 0.000000000000000 ) );
#7675 = CARTESIAN_POINT( '', ( 0.000000000000000, 8.90000000000000, 1.42500000000000 ) );
#7676 = DIRECTION( '', ( 0.000000000000000, 0.000000000000000, 1.00000000000000 ) );
#7677 = DIRECTION( '', ( 1.00000000000000, 0.000000000000000, 0.000000000000000 ) );
#7678 = DIRECTION( '', ( 1.00000000000000, 0.000000000000000, 0.000000000000000 ) );
#7679 = DIRECTION( '', ( -9.63735264431560E-016, 1.00000000000000, 0.000000000000000 ) );
#7680 = DIRECTION( '', ( -1.00000000000000, 0.000000000000000, 0.000000000000000 ) );
#7681 = CARTESIAN_POINT( '', ( 0.850000000000000, 13.8000000000000, 1.42500000000000 ) );
#7682 = DIRECTION( '', ( 0.000000000000000, 0.000000000000000, 1.00000000000000 ) );
#7683 = DIRECTION( '', ( 1.00000000000000, 0.000000000000000, 0.000000000000000 ) );
#7684 = DIRECTION( '', ( -1.00000000000000, -1.10141173077892E-015, 0.000000000000000 ) );
#7685 = CARTESIAN_POINT( '', ( 2.85000000000000, 13.8000000000000, 1.42500000000000 ) );
#7686 = DIRECTION( '', ( 0.000000000000000, 0.000000000000000, 1.00000000000000 ) );
#7687 = DIRECTION( '', ( 1.00000000000000, 0.000000000000000, 0.000000000000000 ) );
#7688 = DIRECTION( '', ( -1.08420217248550E-014, 1.00000000000000, 0.000000000000000 ) );
#7689 = DIRECTION( '', ( -1.00000000000000, 0.000000000000000, 0.000000000000000 ) );
#7690 = CARTESIAN_POINT( '', ( 4.95000000000000, 12.6000000000000, 1.42500000000000 ) );
#7691 = DIRECTION( '', ( 0.000000000000000, 0.000000000000000, 1.00000000000000 ) );
#7692 = DIRECTION( '', ( 1.00000000000000, 0.000000000000000, 0.000000000000000 ) );
#7693 = DIRECTION( '', ( -2.50634296273553E-015, 1.00000000000000, 0.000000000000000 ) );
#7694 = DIRECTION( '', ( 0.659551977662922, 0.751658957746749, 0.000000000000000 ) );
#7695 = CARTESIAN_POINT( '', ( 3.01412134699055, 7.00000000000000, 1.42500000000000 ) );
#7696 = DIRECTION( '', ( 0.000000000000000, 0.000000000000000, 1.00000000000000 ) );
#7697 = DIRECTION( '', ( 1.00000000000000, 0.000000000000000, 0.000000000000000 ) );
#7698 = DIRECTION( '', ( 1.00000000000000, 0.000000000000000, 0.000000000000000 ) );
#7699 = DIRECTION( '', ( 0.659551977662923, -0.751658957746748, 0.000000000000000 ) );
#7700 = CARTESIAN_POINT( '', ( 3.59000000000000, 10.7750000000000, 1.42500000000000 ) );
#7701 = DIRECTION( '', ( 0.000000000000000, 0.000000000000000, 1.00000000000000 ) );
#7702 = DIRECTION( '', ( 1.00000000000000, 0.000000000000000, 0.000000000000000 ) );
#7703 = CARTESIAN_POINT( '', ( -1.79500000000000, 8.98000000000000, 1.42500000000000 ) );
#7704 = DIRECTION( '', ( 0.000000000000000, -0.000000000000000, 1.00000000000000 ) );
#7705 = DIRECTION( '', ( 0.000000000000000, 1.00000000000000, 0.000000000000000 ) );
#7706 = CARTESIAN_POINT( '', ( -1.79500000000000, 12.5700000000000, 1.42500000000000 ) );
#7707 = DIRECTION( '', ( 0.000000000000000, -0.000000000000000, 1.00000000000000 ) );
#7708 = DIRECTION( '', ( 0.000000000000000, 1.00000000000000, 0.000000000000000 ) );
#7709 = CARTESIAN_POINT( '', ( -3.59000000000000, 10.7750000000000, 1.42500000000000 ) );
#7710 = DIRECTION( '', ( 0.000000000000000, -0.000000000000000, 1.00000000000000 ) );
#7711 = DIRECTION( '', ( 0.000000000000000, 1.00000000000000, 0.000000000000000 ) );
#7712 = DIRECTION( '', ( 0.579695574500164, 0.000000000000000, -0.814833136847615 ) );
#7713 = DIRECTION( '', ( 0.899449137154355, -0.184694938783380, -0.396079574404044 ) );
#7714 = CARTESIAN_POINT( '', ( -12.9741161390704, -2.85000000000000, 1.55000000000000 ) );
#7715 = DIRECTION( '', ( -1.31054727603877E-015, -0.906307787036650, 0.422618261740700 ) );
#7716 = DIRECTION( '', ( -2.81047770312009E-015, 0.422618261740700, 0.906307787036650 ) );
#7717 = DIRECTION( '', ( 1.00000000000000, -1.44602892613762E-015, 0.000000000000000 ) );
#7718 = DIRECTION( '', ( -0.389281620635025, 0.389281620635025, 0.834817129478988 ) );
#7719 = DIRECTION( '', ( 1.00000000000000, -1.44602892613762E-015, 0.000000000000000 ) );
#7720 = CARTESIAN_POINT( '', ( -12.1813738927149, 0.310000000000000, 0.833663981168579 ) );
#7721 = DIRECTION( '', ( 0.000000000000000, -1.00000000000000, 0.000000000000000 ) );
#7722 = DIRECTION( '', ( 0.000000000000000, 0.000000000000000, -1.00000000000000 ) );
#7723 = DIRECTION( '', ( 0.000000000000000, 1.00000000000000, 0.000000000000000 ) );
#7724 = CARTESIAN_POINT( '', ( -12.1813738927149, 2.25000000000000, 0.833663981168579 ) );
#7725 = DIRECTION( '', ( 0.000000000000000, -1.00000000000000, 0.000000000000000 ) );
#7726 = DIRECTION( '', ( 1.00000000000000, 0.000000000000000, 0.000000000000000 ) );
#7727 = DIRECTION( '', ( -1.00000000000000, 0.000000000000000, 0.000000000000000 ) );
#7728 = DIRECTION( '', ( 0.000000000000000, 0.000000000000000, 1.00000000000000 ) );
#7729 = DIRECTION( '', ( 1.00000000000000, 0.000000000000000, 0.000000000000000 ) );
#7730 = DIRECTION( '', ( 0.000000000000000, 0.000000000000000, 1.00000000000000 ) );
#7731 = CARTESIAN_POINT( '', ( 7.90243794704844, 8.99741412331005, 9.30000000000000 ) );
#7732 = DIRECTION( '', ( 0.000000000000000, 0.000000000000000, 1.00000000000000 ) );
#7733 = DIRECTION( '', ( 1.00000000000000, 0.000000000000000, 0.000000000000000 ) );
#7734 = DIRECTION( '', ( 0.000000000000000, 0.000000000000000, -1.00000000000000 ) );
#7735 = CARTESIAN_POINT( '', ( 7.90243794704844, 8.99741412331005, 0.000000000000000 ) );
#7736 = DIRECTION( '', ( 0.000000000000000, 0.000000000000000, 1.00000000000000 ) );
#7737 = DIRECTION( '', ( 1.00000000000000, 0.000000000000000, 0.000000000000000 ) );
#7738 = DIRECTION( '', ( 0.000000000000000, 0.000000000000000, -1.00000000000000 ) );
#7739 = CARTESIAN_POINT( '', ( -1.79500000000000, 8.98000000000000, -3.59500000000000 ) );
#7740 = DIRECTION( '', ( 0.000000000000000, -0.000000000000000, 1.00000000000000 ) );
#7741 = DIRECTION( '', ( 0.000000000000000, 1.00000000000000, 0.000000000000000 ) );
#7742 = DIRECTION( '', ( 0.000000000000000, 0.000000000000000, -1.00000000000000 ) );
#7743 = DIRECTION( '', ( 1.00000000000000, -7.83692431882790E-017, 0.000000000000000 ) );
#7744 = DIRECTION( '', ( 0.000000000000000, 0.000000000000000, 1.00000000000000 ) );
#7745 = CARTESIAN_POINT( '', ( 0.575000000000000, -6.80000000000000, 14.7750000000000 ) );
#7746 = DIRECTION( '', ( 0.000000000000000, 0.000000000000000, -1.00000000000000 ) );
#7747 = DIRECTION( '', ( -1.00000000000000, 0.000000000000000, 0.000000000000000 ) );
#7748 = DIRECTION( '', ( 0.000000000000000, 0.000000000000000, 1.00000000000000 ) );
#7749 = CARTESIAN_POINT( '', ( 0.575000000000000, -6.80000000000000, 15.4250000000000 ) );
#7750 = DIRECTION( '', ( 0.000000000000000, 0.000000000000000, 1.00000000000000 ) );
#7751 = DIRECTION( '', ( 1.00000000000000, 0.000000000000000, 0.000000000000000 ) );
#7752 = DIRECTION( '', ( -1.00000000000000, 0.000000000000000, 0.000000000000000 ) );
#7753 = DIRECTION( '', ( -1.00000000000000, 0.000000000000000, 0.000000000000000 ) );
#7754 = DIRECTION( '', ( 0.000000000000000, 0.000000000000000, 1.00000000000000 ) );
#7755 = CARTESIAN_POINT( '', ( -3.59000000000000, 10.7750000000000, -3.59500000000000 ) );
#7756 = DIRECTION( '', ( 0.000000000000000, -0.000000000000000, 1.00000000000000 ) );
#7757 = DIRECTION( '', ( 0.000000000000000, 1.00000000000000, 0.000000000000000 ) );
#7758 = DIRECTION( '', ( 0.000000000000000, 1.00000000000000, 0.000000000000000 ) );
#7759 = DIRECTION( '', ( -0.880450953832739, 0.000000000000000, 0.474137235296934 ) );
#7760 = DIRECTION( '', ( -0.880450953832739, 0.000000000000000, 0.474137235296934 ) );
#7761 = CARTESIAN_POINT( '', ( 4.95000000000000, -12.6000000000000, 1.42500000000000 ) );
#7762 = DIRECTION( '', ( 0.000000000000000, 0.000000000000000, -1.00000000000000 ) );
#7763 = DIRECTION( '', ( -1.00000000000000, 0.000000000000000, 0.000000000000000 ) );
#7764 = DIRECTION( '', ( 0.000000000000000, 0.000000000000000, 1.00000000000000 ) );
#7765 = CARTESIAN_POINT( '', ( 4.95000000000000, -12.6000000000000, 3.97500000000000 ) );
#7766 = DIRECTION( '', ( 0.000000000000000, 0.000000000000000, 1.00000000000000 ) );
#7767 = DIRECTION( '', ( 1.00000000000000, 0.000000000000000, 0.000000000000000 ) );
#7768 = CARTESIAN_POINT( '', ( 0.000000000000000, 0.000000000000000, 3.97500000000000 ) );
#7769 = DIRECTION( '', ( 0.000000000000000, 0.000000000000000, -1.00000000000000 ) );
#7770 = DIRECTION( '', ( -1.00000000000000, 0.000000000000000, 0.000000000000000 ) );
#7771 = DIRECTION( '', ( 0.000000000000000, 0.000000000000000, -1.00000000000000 ) );
#7772 = CARTESIAN_POINT( '', ( 0.000000000000000, 0.000000000000000, 3.17500000000000 ) );
#7773 = DIRECTION( '', ( 0.000000000000000, 0.000000000000000, -1.00000000000000 ) );
#7774 = DIRECTION( '', ( -1.00000000000000, 0.000000000000000, 0.000000000000000 ) );
#7775 = DIRECTION( '', ( 0.000000000000000, 0.000000000000000, -1.00000000000000 ) );
#7776 = DIRECTION( '', ( 0.000000000000000, 0.000000000000000, 1.00000000000000 ) );
#7777 = DIRECTION( '', ( -1.08420217248550E-014, 1.00000000000000, 0.000000000000000 ) );
#7778 = CARTESIAN_POINT( '', ( -5.55000000000000, 9.26485294000936, 3.17500000000000 ) );
#7779 = DIRECTION( '', ( 0.000000000000000, 0.000000000000000, -1.00000000000000 ) );
#7780 = DIRECTION( '', ( -1.00000000000000, 0.000000000000000, 0.000000000000000 ) );
#7781 = DIRECTION( '', ( 0.000000000000000, 0.000000000000000, -1.00000000000000 ) );
#7782 = CARTESIAN_POINT( '', ( -5.55000000000000, 9.26485294000936, 3.97500000000000 ) );
#7783 = DIRECTION( '', ( 0.000000000000000, 0.000000000000000, 1.00000000000000 ) );
#7784 = DIRECTION( '', ( 1.00000000000000, 0.000000000000000, 0.000000000000000 ) );
#7785 = DIRECTION( '', ( 1.00000000000000, -7.83692431882790E-017, 0.000000000000000 ) );
#7786 = DIRECTION( '', ( 0.000000000000000, -1.00000000000000, 0.000000000000000 ) );
#7787 = CARTESIAN_POINT( '', ( 8.67361737988404E-016, 0.000000000000000, 15.9750000000000 ) );
#7788 = DIRECTION( '', ( 0.000000000000000, 0.000000000000000, -1.00000000000000 ) );
#7789 = DIRECTION( '', ( 0.000000000000000, 1.00000000000000, 0.000000000000000 ) );
#7790 = DIRECTION( '', ( 0.707106781186548, -0.707106781186547, 0.000000000000000 ) );
#7791 = DIRECTION( '', ( -2.71050543121377E-016, -1.00000000000000, 0.000000000000000 ) );
#7792 = CARTESIAN_POINT( '', ( 0.000000000000000, 0.000000000000000, 3.97500000000000 ) );
#7793 = DIRECTION( '', ( 0.000000000000000, 0.000000000000000, -1.00000000000000 ) );
#7794 = DIRECTION( '', ( -1.00000000000000, 0.000000000000000, 0.000000000000000 ) );
#7795 = DIRECTION( '', ( 6.25501253357023E-017, 1.00000000000000, 0.000000000000000 ) );
#7796 = CARTESIAN_POINT( '', ( -0.850000000000000, 13.8000000000000, 3.97500000000000 ) );
#7797 = DIRECTION( '', ( 0.000000000000000, 0.000000000000000, 1.00000000000000 ) );
#7798 = DIRECTION( '', ( 1.00000000000000, 0.000000000000000, 0.000000000000000 ) );
#7799 = DIRECTION( '', ( -1.00000000000000, -1.10141173077892E-015, 0.000000000000000 ) );
#7800 = CARTESIAN_POINT( '', ( -2.85000000000000, 13.8000000000000, 3.97500000000000 ) );
#7801 = DIRECTION( '', ( 0.000000000000000, 0.000000000000000, 1.00000000000000 ) );
#7802 = DIRECTION( '', ( 1.00000000000000, 0.000000000000000, 0.000000000000000 ) );
#7803 = DIRECTION( '', ( 3.61400724161837E-016, -1.00000000000000, 0.000000000000000 ) );
#7804 = CARTESIAN_POINT( '', ( -3.45000000000000, 13.2000000000000, 3.97500000000000 ) );
#7805 = DIRECTION( '', ( 0.000000000000000, 0.000000000000000, 1.00000000000000 ) );
#7806 = DIRECTION( '', ( 1.00000000000000, 0.000000000000000, 0.000000000000000 ) );
#7807 = DIRECTION( '', ( -1.00000000000000, 0.000000000000000, 0.000000000000000 ) );
#7808 = CARTESIAN_POINT( '', ( -4.95000000000000, 12.6000000000000, 3.97500000000000 ) );
#7809 = DIRECTION( '', ( 0.000000000000000, 0.000000000000000, 1.00000000000000 ) );
#7810 = DIRECTION( '', ( 1.00000000000000, 0.000000000000000, 0.000000000000000 ) );
#7811 = CARTESIAN_POINT( '', ( 0.000000000000000, 0.000000000000000, 3.97500000000000 ) );
#7812 = DIRECTION( '', ( 0.000000000000000, 0.000000000000000, -1.00000000000000 ) );
#7813 = DIRECTION( '', ( -1.00000000000000, 0.000000000000000, 0.000000000000000 ) );
#7814 = CARTESIAN_POINT( '', ( -5.55000000000000, -9.26485294000936, 3.97500000000000 ) );
#7815 = DIRECTION( '', ( 0.000000000000000, 0.000000000000000, 1.00000000000000 ) );
#7816 = DIRECTION( '', ( 1.00000000000000, 0.000000000000000, 0.000000000000000 ) );
#7817 = DIRECTION( '', ( -2.50634296273553E-015, 1.00000000000000, 0.000000000000000 ) );
#7818 = CARTESIAN_POINT( '', ( -4.95000000000000, -12.6000000000000, 3.97500000000000 ) );
#7819 = DIRECTION( '', ( 0.000000000000000, 0.000000000000000, 1.00000000000000 ) );
#7820 = DIRECTION( '', ( 1.00000000000000, 0.000000000000000, 0.000000000000000 ) );
#7821 = CARTESIAN_POINT( '', ( -2.85000000000000, -13.8000000000000, 3.97500000000000 ) );
#7822 = DIRECTION( '', ( 0.000000000000000, 0.000000000000000, 1.00000000000000 ) );
#7823 = DIRECTION( '', ( 1.00000000000000, 0.000000000000000, 0.000000000000000 ) );
#7824 = DIRECTION( '', ( 0.000000000000000, 0.000000000000000, 1.00000000000000 ) );
#7825 = DIRECTION( '', ( 0.000000000000000, 0.000000000000000, 1.00000000000000 ) );
#7826 = DIRECTION( '', ( 0.890786846320409, -0.210931975489279, 0.402500305762283 ) );
#7827 = CARTESIAN_POINT( '', ( 12.9741161390704, 2.00000000000000, 1.55000000000000 ) );
#7828 = DIRECTION( '', ( 0.324576191382359, -0.324576191382359, -0.888425906857429 ) );
#7829 = DIRECTION( '', ( -0.111379859262600, -0.945859554050030, 0.304867562989113 ) );
#7830 = DIRECTION( '', ( -0.899449137154356, 0.184694938783379, -0.396079574404044 ) );
#7831 = DIRECTION( '', ( 0.707106781186547, 0.707106781186548, -1.47911419728940E-031 ) );
#7832 = DIRECTION( '', ( -0.628211983320696, 0.628211983320695, -0.459020051876338 ) );
#7833 = DIRECTION( '', ( 0.000000000000000, -0.939278884537689, 0.343154742152333 ) );
#7834 = DIRECTION( '', ( -1.00000000000000, 0.000000000000000, 0.000000000000000 ) );
#7835 = DIRECTION( '', ( 0.000000000000000, 0.000000000000000, 1.00000000000000 ) );
#7836 = DIRECTION( '', ( -0.707106781186547, -0.707106781186548, 0.000000000000000 ) );
#7837 = CARTESIAN_POINT( '', ( -7.30000000000000, -8.39497617626161, 9.30000000000000 ) );
#7838 = DIRECTION( '', ( 0.000000000000000, 0.000000000000000, 1.00000000000000 ) );
#7839 = DIRECTION( '', ( 1.00000000000000, 0.000000000000000, 0.000000000000000 ) );
#7840 = CARTESIAN_POINT( '', ( 0.000000000000000, 0.000000000000000, 9.30000000000000 ) );
#7841 = DIRECTION( '', ( 0.000000000000000, 0.000000000000000, 1.00000000000000 ) );
#7842 = DIRECTION( '', ( 1.00000000000000, 0.000000000000000, 0.000000000000000 ) );
#7843 = CARTESIAN_POINT( '', ( -7.30000000000000, 8.39497617626161, 9.30000000000000 ) );
#7844 = DIRECTION( '', ( 0.000000000000000, 0.000000000000000, 1.00000000000000 ) );
#7845 = DIRECTION( '', ( 1.00000000000000, 0.000000000000000, 0.000000000000000 ) );
#7846 = DIRECTION( '', ( -0.707106781186547, 0.707106781186548, 0.000000000000000 ) );
#7847 = CARTESIAN_POINT( '', ( -7.90243794704844, 8.99741412331005, 9.30000000000000 ) );
#7848 = DIRECTION( '', ( 0.000000000000000, 0.000000000000000, 1.00000000000000 ) );
#7849 = DIRECTION( '', ( 1.00000000000000, 0.000000000000000, 0.000000000000000 ) );
#7850 = DIRECTION( '', ( -0.707106781186548, -0.707106781186547, 0.000000000000000 ) );
#7851 = DIRECTION( '', ( 0.000000000000000, -1.00000000000000, 0.000000000000000 ) );
#7852 = DIRECTION( '', ( 0.707106781186548, -0.707106781186547, 0.000000000000000 ) );
#7853 = CARTESIAN_POINT( '', ( -7.90243794704844, -8.99741412331005, 9.30000000000000 ) );
#7854 = DIRECTION( '', ( 0.000000000000000, 0.000000000000000, 1.00000000000000 ) );
#7855 = DIRECTION( '', ( 1.00000000000000, 0.000000000000000, 0.000000000000000 ) );
#7856 = CARTESIAN_POINT( '', ( -3.01412134699054, -7.00000000000000, 1.42500000000000 ) );
#7857 = DIRECTION( '', ( 0.000000000000000, 0.000000000000000, -1.00000000000000 ) );
#7858 = DIRECTION( '', ( -1.00000000000000, 0.000000000000000, 0.000000000000000 ) );
#7859 = DIRECTION( '', ( 0.000000000000000, 0.000000000000000, 1.00000000000000 ) );
#7860 = CARTESIAN_POINT( '', ( -3.01412134699054, -7.00000000000000, 3.17500000000000 ) );
#7861 = DIRECTION( '', ( 0.000000000000000, 0.000000000000000, -1.00000000000000 ) );
#7862 = DIRECTION( '', ( -1.00000000000000, 0.000000000000000, 0.000000000000000 ) );
#7863 = CARTESIAN_POINT( '', ( -3.59000000000000, -10.7750000000000, 1.42500000000000 ) );
#7864 = DIRECTION( '', ( 0.000000000000000, 0.000000000000000, -1.00000000000000 ) );
#7865 = DIRECTION( '', ( 0.000000000000000, 1.00000000000000, 0.000000000000000 ) );
#7866 = CARTESIAN_POINT( '', ( -4.61500000000000, 0.300000000000000, 1.16315926586006 ) );
#7867 = DIRECTION( '', ( 0.000000000000000, -1.00000000000000, 0.000000000000000 ) );
#7868 = DIRECTION( '', ( 1.00000000000000, 0.000000000000000, 0.000000000000000 ) );
#7869 = DIRECTION( '', ( 0.000000000000000, 1.00000000000000, 0.000000000000000 ) );
#7870 = CARTESIAN_POINT( '', ( -4.61500000000000, -0.300000000000000, 1.16315926586006 ) );
#7871 = DIRECTION( '', ( 0.000000000000000, -1.00000000000000, 0.000000000000000 ) );
#7872 = DIRECTION( '', ( 1.00000000000000, 0.000000000000000, 0.000000000000000 ) );
#7873 = DIRECTION( '', ( 0.000000000000000, 1.00000000000000, 0.000000000000000 ) );
#7874 = CARTESIAN_POINT( '', ( -23.9773290789995, 0.300000000000000, 3.47621193204202 ) );
#7875 = DIRECTION( '', ( 0.000000000000000, -1.00000000000000, 0.000000000000000 ) );
#7876 = DIRECTION( '', ( -1.00000000000000, 0.000000000000000, 0.000000000000000 ) );
#7877 = DIRECTION( '', ( 0.000000000000000, 1.00000000000000, 0.000000000000000 ) );
#7878 = CARTESIAN_POINT( '', ( -23.9773290789995, -0.300000000000000, 3.47621193204202 ) );
#7879 = DIRECTION( '', ( 0.000000000000000, -1.00000000000000, 0.000000000000000 ) );
#7880 = DIRECTION( '', ( -1.00000000000000, 0.000000000000000, 0.000000000000000 ) );
#7881 = DIRECTION( '', ( 0.000000000000000, 0.000000000000000, 1.00000000000000 ) );
#7882 = DIRECTION( '', ( 0.000000000000000, 0.000000000000000, 1.00000000000000 ) );
#7883 = DIRECTION( '', ( 0.000000000000000, 0.000000000000000, 1.00000000000000 ) );
#7884 = CARTESIAN_POINT( '', ( 1.82988447574487E-015, 9.00000000000000, 17.4750000000000 ) );
#7885 = DIRECTION( '', ( 0.000000000000000, 0.000000000000000, -1.00000000000000 ) );
#7886 = DIRECTION( '', ( 1.00000000000000, 0.000000000000000, 0.000000000000000 ) );
#7887 = CARTESIAN_POINT( '', ( 1.82988447574487E-015, 9.00000000000000, 15.9750000000000 ) );
#7888 = DIRECTION( '', ( 0.000000000000000, 0.000000000000000, 1.00000000000000 ) );
#7889 = DIRECTION( '', ( 1.00000000000000, 0.000000000000000, 0.000000000000000 ) );
#7890 = CARTESIAN_POINT( '', ( 0.000000000000000, 0.000000000000000, 9.30000000000000 ) );
#7891 = DIRECTION( '', ( 0.000000000000000, 0.000000000000000, 1.00000000000000 ) );
#7892 = DIRECTION( '', ( 1.00000000000000, 0.000000000000000, 0.000000000000000 ) );
#7893 = CARTESIAN_POINT( '', ( 0.000000000000000, 0.000000000000000, 2.95000000000000 ) );
#7894 = DIRECTION( '', ( 0.000000000000000, 0.000000000000000, -1.00000000000000 ) );
#7895 = DIRECTION( '', ( 1.00000000000000, 0.000000000000000, 0.000000000000000 ) );
#7896 = DIRECTION( '', ( -1.00000000000000, 4.33808677841286E-016, 0.000000000000000 ) );
#7897 = DIRECTION( '', ( 0.000000000000000, 1.00000000000000, 0.000000000000000 ) );
#7898 = DIRECTION( '', ( 1.00000000000000, 4.33808677841286E-016, 0.000000000000000 ) );
#7899 = DIRECTION( '', ( 0.000000000000000, -1.00000000000000, 0.000000000000000 ) );
#7900 = DIRECTION( '', ( 0.000000000000000, 1.00000000000000, 0.000000000000000 ) );
#7901 = DIRECTION( '', ( 0.474137235296933, 0.000000000000000, 0.880450953832740 ) );
#7902 = DIRECTION( '', ( 0.474137235296933, 0.000000000000000, 0.880450953832740 ) );
#7903 = DIRECTION( '', ( -0.659551977662922, -0.751658957746749, 0.000000000000000 ) );
#7904 = DIRECTION( '', ( 0.000000000000000, 0.000000000000000, 1.00000000000000 ) );
#7905 = DIRECTION( '', ( 0.000000000000000, 0.000000000000000, 1.00000000000000 ) );
#7906 = DIRECTION( '', ( 0.000000000000000, 0.000000000000000, 1.00000000000000 ) );
#7907 = DIRECTION( '', ( -0.579695574500164, 0.000000000000000, -0.814833136847615 ) );
#7908 = DIRECTION( '', ( 0.000000000000000, 0.000000000000000, -1.00000000000000 ) );
#7909 = DIRECTION( '', ( -1.00000000000000, 0.000000000000000, 0.000000000000000 ) );
#7910 = DIRECTION( '', ( 0.000000000000000, 0.000000000000000, 1.00000000000000 ) );
#7911 = DIRECTION( '', ( -1.00000000000000, 0.000000000000000, 0.000000000000000 ) );
#7912 = DIRECTION( '', ( 0.000000000000000, 0.000000000000000, 1.00000000000000 ) );
#7913 = CARTESIAN_POINT( '', ( -1.79500000000000, -8.98000000000000, -3.59500000000000 ) );
#7914 = DIRECTION( '', ( 0.000000000000000, 0.000000000000000, -1.00000000000000 ) );
#7915 = DIRECTION( '', ( 0.000000000000000, 1.00000000000000, 0.000000000000000 ) );
#7916 = DIRECTION( '', ( 7.29924405620740E-016, 0.000000000000000, -1.00000000000000 ) );
#7917 = CARTESIAN_POINT( '', ( -23.9773290789995, 0.300000000000000, 3.47621193204202 ) );
#7918 = DIRECTION( '', ( 0.000000000000000, 1.00000000000000, 0.000000000000000 ) );
#7919 = DIRECTION( '', ( -1.00000000000000, 0.000000000000000, 0.000000000000000 ) );
#7920 = DIRECTION( '', ( -0.999969692464889, 0.000000000000000, -0.00778550908255885 ) );
#7921 = DIRECTION( '', ( -3.64962202810370E-016, 0.000000000000000, 1.00000000000000 ) );
#7922 = DIRECTION( '', ( 1.00000000000000, 0.000000000000000, 0.000000000000000 ) );
#7923 = DIRECTION( '', ( 0.000000000000000, 0.000000000000000, 1.00000000000000 ) );
#7924 = DIRECTION( '', ( -1.45950292449972E-016, -1.00000000000000, 0.000000000000000 ) );
#7925 = DIRECTION( '', ( 0.000000000000000, 0.000000000000000, 1.00000000000000 ) );
#7926 = DIRECTION( '', ( 1.45950292449972E-016, 1.00000000000000, 0.000000000000000 ) );
#7927 = DIRECTION( '', ( -1.45950292449972E-016, -1.00000000000000, 0.000000000000000 ) );
#7928 = DIRECTION( '', ( 0.000000000000000, 0.000000000000000, 1.00000000000000 ) );
#7929 = DIRECTION( '', ( -1.45950292449972E-016, -1.00000000000000, 0.000000000000000 ) );
#7930 = DIRECTION( '', ( 0.000000000000000, 0.000000000000000, -1.00000000000000 ) );
#7931 = DIRECTION( '', ( 1.45950292449972E-016, 1.00000000000000, 0.000000000000000 ) );
#7932 = DIRECTION( '', ( 0.000000000000000, 0.000000000000000, 1.00000000000000 ) );
#7933 = DIRECTION( '', ( 0.707106781186549, 0.707106781186546, 0.000000000000000 ) );
#7934 = DIRECTION( '', ( 0.000000000000000, 0.000000000000000, 1.00000000000000 ) );
#7935 = DIRECTION( '', ( 0.579695574500164, 0.000000000000000, -0.814833136847615 ) );
#7936 = DIRECTION( '', ( 0.579695574500164, 0.000000000000000, -0.814833136847615 ) );
#7937 = DIRECTION( '', ( 0.000000000000000, 1.00000000000000, 0.000000000000000 ) );
#7938 = CARTESIAN_POINT( '', ( 724.029191947735, 0.310000000000000, 9.30000000001263 ) );
#7939 = DIRECTION( '', ( 0.000000000000000, -1.00000000000000, 0.000000000000000 ) );
#7940 = DIRECTION( '', ( 0.000000000000000, 0.000000000000000, -1.00000000000000 ) );
#7941 = CARTESIAN_POINT( '', ( -13.2613442713971, 0.310000000000000, 1.74999999999997 ) );
#7942 = DIRECTION( '', ( 0.000000000000000, -1.00000000000000, 0.000000000000000 ) );
#7943 = DIRECTION( '', ( 0.000000000000000, 0.000000000000000, -1.00000000000000 ) );
#7944 = CARTESIAN_POINT( '', ( -12.1813738927149, 0.310000000000000, 0.833663981168579 ) );
#7945 = DIRECTION( '', ( 0.000000000000000, -1.00000000000000, 0.000000000000000 ) );
#7946 = DIRECTION( '', ( 0.000000000000000, 0.000000000000000, -1.00000000000000 ) );
#7947 = DIRECTION( '', ( 0.880450953832740, 0.000000000000000, -0.474137235296933 ) );
#7948 = DIRECTION( '', ( 0.474137235296933, 0.000000000000000, 0.880450953832740 ) );
#7949 = DIRECTION( '', ( -0.880450953832739, 0.000000000000000, 0.474137235296934 ) );
#7950 = CARTESIAN_POINT( '', ( 724.029191947735, 0.310000000000000, 9.30000000001263 ) );
#7951 = DIRECTION( '', ( 0.000000000000000, -1.00000000000000, 0.000000000000000 ) );
#7952 = DIRECTION( '', ( 0.000000000000000, 0.000000000000000, -1.00000000000000 ) );
#7953 = DIRECTION( '', ( 0.999969692464889, 0.000000000000000, 0.00778550908261551 ) );
#7954 = DIRECTION( '', ( -0.659551977662923, -0.751658957746748, 0.000000000000000 ) );
#7955 = DIRECTION( '', ( 0.659551977662923, 0.751658957746748, 0.000000000000000 ) );
#7956 = DIRECTION( '', ( 0.000000000000000, 0.000000000000000, 1.00000000000000 ) );
#7957 = CARTESIAN_POINT( '', ( -0.575000000000000, -6.80000000000000, 14.7750000000000 ) );
#7958 = DIRECTION( '', ( 0.000000000000000, 0.000000000000000, -1.00000000000000 ) );
#7959 = DIRECTION( '', ( -1.00000000000000, 0.000000000000000, 0.000000000000000 ) );
#7960 = CARTESIAN_POINT( '', ( -0.575000000000000, -6.80000000000000, 15.4250000000000 ) );
#7961 = DIRECTION( '', ( 0.000000000000000, 0.000000000000000, 1.00000000000000 ) );
#7962 = DIRECTION( '', ( 1.00000000000000, 0.000000000000000, 0.000000000000000 ) );
#7963 = DIRECTION( '', ( 0.000000000000000, 0.000000000000000, 1.00000000000000 ) );
#7964 = CARTESIAN_POINT( '', ( 4.95000000000000, 12.6000000000000, 3.97500000000000 ) );
#7965 = DIRECTION( '', ( 0.000000000000000, 0.000000000000000, 1.00000000000000 ) );
#7966 = DIRECTION( '', ( 1.00000000000000, 0.000000000000000, 0.000000000000000 ) );
#7967 = DIRECTION( '', ( 0.000000000000000, 0.000000000000000, 1.00000000000000 ) );
#7968 = CARTESIAN_POINT( '', ( 0.850000000000000, 13.8000000000000, 3.97500000000000 ) );
#7969 = DIRECTION( '', ( 0.000000000000000, 0.000000000000000, 1.00000000000000 ) );
#7970 = DIRECTION( '', ( 1.00000000000000, 0.000000000000000, 0.000000000000000 ) );
#7971 = DIRECTION( '', ( 0.000000000000000, 0.000000000000000, 1.00000000000000 ) );
#7972 = CARTESIAN_POINT( '', ( 3.59000000000000, 10.7750000000000, -3.59500000000000 ) );
#7973 = DIRECTION( '', ( 0.000000000000000, 0.000000000000000, -1.00000000000000 ) );
#7974 = DIRECTION( '', ( 0.000000000000000, 1.00000000000000, 0.000000000000000 ) );
#7975 = DIRECTION( '', ( -0.628211983320696, -0.628211983320695, 0.459020051876338 ) );
#7976 = DIRECTION( '', ( 0.000000000000000, 0.000000000000000, -1.00000000000000 ) );
#7977 = DIRECTION( '', ( 0.000000000000000, 0.000000000000000, -1.00000000000000 ) );
#7978 = DIRECTION( '', ( -0.707106781186548, -0.707106781186547, 0.000000000000000 ) );
#7979 = DIRECTION( '', ( -3.64962202810370E-016, 0.000000000000000, 1.00000000000000 ) );
#7980 = DIRECTION( '', ( 0.000000000000000, 1.00000000000000, 0.000000000000000 ) );
#7981 = DIRECTION( '', ( 0.000000000000000, 1.00000000000000, 0.000000000000000 ) );
#7982 = DIRECTION( '', ( 0.000000000000000, 1.00000000000000, 0.000000000000000 ) );
#7983 = CARTESIAN_POINT( '', ( -13.2613442712526, 2.25000000000000, 16.8499999995967 ) );
#7984 = DIRECTION( '', ( 0.000000000000000, -1.00000000000000, 0.000000000000000 ) );
#7985 = DIRECTION( '', ( 1.00000000000000, 0.000000000000000, 0.000000000000000 ) );
#7986 = DIRECTION( '', ( 0.000000000000000, 1.00000000000000, 0.000000000000000 ) );
#7987 = CARTESIAN_POINT( '', ( -13.2613442712526, -2.25000000000000, 16.8499999995967 ) );
#7988 = DIRECTION( '', ( 0.000000000000000, -1.00000000000000, 0.000000000000000 ) );
#7989 = DIRECTION( '', ( 1.00000000000000, 0.000000000000000, 0.000000000000000 ) );
#7990 = DIRECTION( '', ( 0.890786846320409, 0.210931975489279, 0.402500305762283 ) );
#7991 = DIRECTION( '', ( 0.000000000000000, 1.00000000000000, 0.000000000000000 ) );
#7992 = DIRECTION( '', ( 0.000000000000000, 1.00000000000000, 0.000000000000000 ) );
#7993 = DIRECTION( '', ( 0.000000000000000, 0.000000000000000, -1.00000000000000 ) );
#7994 = CARTESIAN_POINT( '', ( 0.000000000000000, 0.000000000000000, 2.95000000000000 ) );
#7995 = DIRECTION( '', ( 0.000000000000000, 0.000000000000000, -1.00000000000000 ) );
#7996 = DIRECTION( '', ( 1.00000000000000, 0.000000000000000, 0.000000000000000 ) );
#7997 = DIRECTION( '', ( 0.000000000000000, 0.000000000000000, -1.00000000000000 ) );
#7998 = DIRECTION( '', ( 0.000000000000000, 0.000000000000000, -1.00000000000000 ) );
#7999 = DIRECTION( '', ( -0.707106781186548, 0.707106781186547, 0.000000000000000 ) );
#8000 = DIRECTION( '', ( -0.707106781186548, 0.707106781186547, 0.000000000000000 ) );
#8001 = CARTESIAN_POINT( '', ( 0.000000000000000, 0.000000000000000, 3.17500000000000 ) );
#8002 = DIRECTION( '', ( 0.000000000000000, 0.000000000000000, -1.00000000000000 ) );
#8003 = DIRECTION( '', ( -1.00000000000000, 0.000000000000000, 0.000000000000000 ) );
#8004 = DIRECTION( '', ( -1.00000000000000, 0.000000000000000, 0.000000000000000 ) );
#8005 = CARTESIAN_POINT( '', ( 3.01412134699055, 7.00000000000000, 3.17500000000000 ) );
#8006 = DIRECTION( '', ( 0.000000000000000, 0.000000000000000, -1.00000000000000 ) );
#8007 = DIRECTION( '', ( -1.00000000000000, 0.000000000000000, 0.000000000000000 ) );
#8008 = DIRECTION( '', ( 2.50634296273553E-015, -1.00000000000000, 0.000000000000000 ) );
#8009 = CARTESIAN_POINT( '', ( 5.55000000000000, 9.26485294000935, 3.17500000000000 ) );
#8010 = DIRECTION( '', ( 0.000000000000000, 0.000000000000000, -1.00000000000000 ) );
#8011 = DIRECTION( '', ( -1.00000000000000, 0.000000000000000, 0.000000000000000 ) );
#8012 = CARTESIAN_POINT( '', ( 5.55000000000000, -9.26485294000935, 3.17500000000000 ) );
#8013 = DIRECTION( '', ( 0.000000000000000, 0.000000000000000, -1.00000000000000 ) );
#8014 = DIRECTION( '', ( -1.00000000000000, 0.000000000000000, 0.000000000000000 ) );
#8015 = DIRECTION( '', ( -2.50634296273553E-015, -1.00000000000000, 0.000000000000000 ) );
#8016 = DIRECTION( '', ( -0.659551977662923, 0.751658957746748, 0.000000000000000 ) );
#8017 = CARTESIAN_POINT( '', ( 3.01412134699054, -7.00000000000000, 3.17500000000000 ) );
#8018 = DIRECTION( '', ( 0.000000000000000, 0.000000000000000, -1.00000000000000 ) );
#8019 = DIRECTION( '', ( -1.00000000000000, 0.000000000000000, 0.000000000000000 ) );
#8020 = DIRECTION( '', ( 1.62630325872825E-016, -1.00000000000000, 0.000000000000000 ) );
#8021 = CARTESIAN_POINT( '', ( 0.000000000000000, 0.000000000000000, 14.7750000000000 ) );
#8022 = DIRECTION( '', ( 0.000000000000000, 0.000000000000000, -1.00000000000000 ) );
#8023 = DIRECTION( '', ( -1.00000000000000, 0.000000000000000, 0.000000000000000 ) );
#8024 = DIRECTION( '', ( -1.62630325872825E-016, -1.00000000000000, 0.000000000000000 ) );
#8025 = DIRECTION( '', ( 0.000000000000000, 0.000000000000000, 1.00000000000000 ) );
#8026 = DIRECTION( '', ( -0.659551977662923, 0.751658957746748, 0.000000000000000 ) );
#8027 = DIRECTION( '', ( 0.000000000000000, 1.00000000000000, 0.000000000000000 ) );
#8028 = DIRECTION( '', ( 7.29924405620740E-016, 0.000000000000000, -1.00000000000000 ) );
#8029 = CARTESIAN_POINT( '', ( -1.79500000000000, 12.5700000000000, -3.59500000000000 ) );
#8030 = DIRECTION( '', ( 0.000000000000000, -0.000000000000000, 1.00000000000000 ) );
#8031 = DIRECTION( '', ( 0.000000000000000, 1.00000000000000, 0.000000000000000 ) );
#8032 = DIRECTION( '', ( 0.707106781186548, -0.707106781186548, 0.000000000000000 ) );
#8033 = CARTESIAN_POINT( '', ( 0.000000000000000, 0.000000000000000, 15.4250000000000 ) );
#8034 = DIRECTION( '', ( 0.000000000000000, 0.000000000000000, -1.00000000000000 ) );
#8035 = DIRECTION( '', ( -1.00000000000000, 0.000000000000000, 0.000000000000000 ) );
#8036 = DIRECTION( '', ( 1.62630325872825E-016, -1.00000000000000, 0.000000000000000 ) );
#8037 = DIRECTION( '', ( 1.62630325872825E-016, 1.00000000000000, 0.000000000000000 ) );
#8038 = DIRECTION( '', ( 1.00000000000000, -7.83692431882790E-017, 0.000000000000000 ) );
#8039 = DIRECTION( '', ( 0.707106781186548, -0.707106781186547, 0.000000000000000 ) );
#8040 = CARTESIAN_POINT( '', ( 0.000000000000000, 0.000000000000000, 15.4250000000000 ) );
#8041 = DIRECTION( '', ( 0.000000000000000, 0.000000000000000, -1.00000000000000 ) );
#8042 = DIRECTION( '', ( -1.00000000000000, 0.000000000000000, 0.000000000000000 ) );
#8043 = DIRECTION( '', ( 0.707106781186548, 0.707106781186547, 0.000000000000000 ) );
#8044 = DIRECTION( '', ( 1.00000000000000, 0.000000000000000, 0.000000000000000 ) );
#8045 = CARTESIAN_POINT( '', ( 0.000000000000000, 0.000000000000000, 15.4250000000000 ) );
#8046 = DIRECTION( '', ( 0.000000000000000, 0.000000000000000, 1.00000000000000 ) );
#8047 = DIRECTION( '', ( 1.00000000000000, 0.000000000000000, 0.000000000000000 ) );
#8048 = CARTESIAN_POINT( '', ( 2.85000000000000, -13.8000000000000, 1.42500000000000 ) );
#8049 = DIRECTION( '', ( 0.000000000000000, 0.000000000000000, -1.00000000000000 ) );
#8050 = DIRECTION( '', ( -1.00000000000000, 0.000000000000000, 0.000000000000000 ) );
#8051 = DIRECTION( '', ( 0.000000000000000, 0.000000000000000, 1.00000000000000 ) );
#8052 = CARTESIAN_POINT( '', ( 2.85000000000000, -13.8000000000000, 3.97500000000000 ) );
#8053 = DIRECTION( '', ( 0.000000000000000, 0.000000000000000, 1.00000000000000 ) );
#8054 = DIRECTION( '', ( 1.00000000000000, 0.000000000000000, 0.000000000000000 ) );
#8055 = DIRECTION( '', ( 0.000000000000000, 0.000000000000000, -1.00000000000000 ) );
#8056 = DIRECTION( '', ( -1.62630325872825E-016, 1.00000000000000, 0.000000000000000 ) );
#8057 = DIRECTION( '', ( 0.707106781186548, -0.707106781186548, 0.000000000000000 ) );
#8058 = DIRECTION( '', ( 0.000000000000000, 0.000000000000000, 1.00000000000000 ) );
#8059 = DIRECTION( '', ( 0.000000000000000, 0.000000000000000, 1.00000000000000 ) );
#8060 = CARTESIAN_POINT( '', ( 2.65141471671257, 6.75000000000000, 2.65000000000000 ) );
#8061 = DIRECTION( '', ( 8.29097280901611E-017, 1.00000000000000, 0.000000000000000 ) );
#8062 = DIRECTION( '', ( -1.00000000000000, 8.29097280901611E-017, 0.000000000000000 ) );
#8063 = DIRECTION( '', ( 0.000000000000000, 1.00000000000000, 0.000000000000000 ) );
#8064 = DIRECTION( '', ( 0.000000000000000, 0.000000000000000, 1.00000000000000 ) );
#8065 = DIRECTION( '', ( 0.000000000000000, 1.00000000000000, 0.000000000000000 ) );
#8066 = DIRECTION( '', ( 0.000000000000000, 1.00000000000000, 0.000000000000000 ) );
#8067 = DIRECTION( '', ( 0.000000000000000, 1.00000000000000, 0.000000000000000 ) );
#8068 = CARTESIAN_POINT( '', ( 724.029191947735, -0.310000000000000, 9.30000000001263 ) );
#8069 = DIRECTION( '', ( 0.000000000000000, -1.00000000000000, 0.000000000000000 ) );
#8070 = DIRECTION( '', ( 0.000000000000000, 0.000000000000000, -1.00000000000000 ) );
#8071 = CARTESIAN_POINT( '', ( 724.029191947735, -2.25000000000000, 9.30000000001263 ) );
#8072 = DIRECTION( '', ( 0.000000000000000, -1.00000000000000, 0.000000000000000 ) );
#8073 = DIRECTION( '', ( 1.00000000000000, 0.000000000000000, 0.000000000000000 ) );
#8074 = CARTESIAN_POINT( '', ( 724.029191947735, 2.25000000000000, 9.30000000001263 ) );
#8075 = DIRECTION( '', ( 0.000000000000000, -1.00000000000000, 0.000000000000000 ) );
#8076 = DIRECTION( '', ( 1.00000000000000, 0.000000000000000, 0.000000000000000 ) );
#8077 = DIRECTION( '', ( 0.000000000000000, 1.00000000000000, 0.000000000000000 ) );
#8078 = CARTESIAN_POINT( '', ( 12.9741161390704, -2.00000000000000, 1.55000000000000 ) );
#8079 = DIRECTION( '', ( 0.324576191382359, 0.324576191382359, -0.888425906857429 ) );
#8080 = DIRECTION( '', ( -0.111379859262600, 0.945859554050030, 0.304867562989113 ) );
#8081 = DIRECTION( '', ( 0.000000000000000, -0.939278884537689, -0.343154742152333 ) );
#8082 = DIRECTION( '', ( 0.628211983320696, 0.628211983320695, 0.459020051876338 ) );
#8083 = DIRECTION( '', ( 0.707106781186547, -0.707106781186548, -1.47911419728940E-031 ) );
#8084 = DIRECTION( '', ( 0.899449137154356, 0.184694938783379, 0.396079574404044 ) );
#8085 = CARTESIAN_POINT( '', ( 7.90243794704844, -8.99741412331005, 9.30000000000000 ) );
#8086 = DIRECTION( '', ( 0.000000000000000, 0.000000000000000, 1.00000000000000 ) );
#8087 = DIRECTION( '', ( 1.00000000000000, 0.000000000000000, 0.000000000000000 ) );
#8088 = DIRECTION( '', ( 0.000000000000000, 0.000000000000000, -1.00000000000000 ) );
#8089 = CARTESIAN_POINT( '', ( 7.90243794704844, -8.99741412331005, 0.000000000000000 ) );
#8090 = DIRECTION( '', ( 0.000000000000000, 0.000000000000000, 1.00000000000000 ) );
#8091 = DIRECTION( '', ( 1.00000000000000, 0.000000000000000, 0.000000000000000 ) );
#8092 = DIRECTION( '', ( 0.000000000000000, 0.000000000000000, -1.00000000000000 ) );
#8093 = DIRECTION( '', ( -0.999969692464889, 0.000000000000000, -0.00778550908255885 ) );
#8094 = DIRECTION( '', ( 0.000000000000000, 1.00000000000000, 0.000000000000000 ) );
#8095 = DIRECTION( '', ( 0.999969692464889, 0.000000000000000, 0.00778550908261551 ) );
#8096 = DIRECTION( '', ( -0.579695574500164, 0.000000000000000, -0.814833136847615 ) );
#8097 = DIRECTION( '', ( -6.25501253357023E-017, -1.00000000000000, 0.000000000000000 ) );
#8098 = DIRECTION( '', ( 0.000000000000000, 1.00000000000000, 0.000000000000000 ) );
#8099 = DIRECTION( '', ( -1.00000000000000, -1.44602892613762E-015, 0.000000000000000 ) );
#8100 = DIRECTION( '', ( 0.000000000000000, 1.00000000000000, 0.000000000000000 ) );
#8101 = DIRECTION( '', ( -1.00000000000000, 0.000000000000000, 0.000000000000000 ) );
#8102 = DIRECTION( '', ( -2.50634296273553E-015, -1.00000000000000, 0.000000000000000 ) );
#8103 = DIRECTION( '', ( -2.50634296273553E-015, -1.00000000000000, 0.000000000000000 ) );
#8104 = DIRECTION( '', ( 0.000000000000000, 0.000000000000000, 1.00000000000000 ) );
#8105 = DIRECTION( '', ( 0.000000000000000, 0.000000000000000, -1.00000000000000 ) );
#8106 = CARTESIAN_POINT( '', ( -2.65141471671257, -6.75000000000000, 2.65000000000000 ) );
#8107 = DIRECTION( '', ( 1.65819456180322E-016, 1.00000000000000, 0.000000000000000 ) );
#8108 = DIRECTION( '', ( -1.00000000000000, 1.65819456180322E-016, 0.000000000000000 ) );
#8109 = DIRECTION( '', ( 0.000000000000000, 1.00000000000000, 0.000000000000000 ) );
#8110 = DIRECTION( '', ( 0.000000000000000, 1.00000000000000, 0.000000000000000 ) );
#8111 = DIRECTION( '', ( 3.61400724161836E-016, -1.00000000000000, 0.000000000000000 ) );
#8112 = DIRECTION( '', ( 3.61400724161836E-016, -1.00000000000000, 0.000000000000000 ) );
#8113 = DIRECTION( '', ( 2.71050543121377E-016, 1.00000000000000, 0.000000000000000 ) );
#8114 = DIRECTION( '', ( 0.000000000000000, 0.000000000000000, -1.00000000000000 ) );
#8115 = DIRECTION( '', ( -2.71050543121377E-016, -1.00000000000000, 0.000000000000000 ) );
#8116 = DIRECTION( '', ( 0.000000000000000, 0.000000000000000, 1.00000000000000 ) );
#8117 = DIRECTION( '', ( 2.71050543121377E-016, 1.00000000000000, 0.000000000000000 ) );
#8118 = DIRECTION( '', ( 0.000000000000000, 0.000000000000000, 1.00000000000000 ) );
#8119 = DIRECTION( '', ( -2.71050543121377E-016, -1.00000000000000, 0.000000000000000 ) );
#8120 = CARTESIAN_POINT( '', ( -5.55000000000000, -9.26485294000936, 3.17500000000000 ) );
#8121 = DIRECTION( '', ( 0.000000000000000, 0.000000000000000, -1.00000000000000 ) );
#8122 = DIRECTION( '', ( -1.00000000000000, 0.000000000000000, 0.000000000000000 ) );
#8123 = DIRECTION( '', ( 0.000000000000000, 0.000000000000000, -1.00000000000000 ) );
#8124 = DIRECTION( '', ( 0.000000000000000, 0.000000000000000, -1.00000000000000 ) );
#8125 = CARTESIAN_POINT( '', ( 0.000000000000000, 6.75000000000000, 4.70384615384616 ) );
#8126 = DIRECTION( '', ( 8.29097280901611E-017, 1.00000000000000, 0.000000000000000 ) );
#8127 = DIRECTION( '', ( -1.00000000000000, 8.29097280901611E-017, 0.000000000000000 ) );
#8128 = DIRECTION( '', ( 0.000000000000000, 0.000000000000000, -1.00000000000000 ) );
#8129 = DIRECTION( '', ( 0.707106781186548, 0.707106781186547, 0.000000000000000 ) );
#8130 = DIRECTION( '', ( 0.707106781186548, 0.707106781186547, 0.000000000000000 ) );
#8131 = CARTESIAN_POINT( '', ( 3.59000000000000, -10.7750000000000, -3.59500000000000 ) );
#8132 = DIRECTION( '', ( 0.000000000000000, -0.000000000000000, 1.00000000000000 ) );
#8133 = DIRECTION( '', ( 0.000000000000000, 1.00000000000000, 0.000000000000000 ) );
#8134 = CARTESIAN_POINT( '', ( 3.59000000000000, -10.7750000000000, 1.42500000000000 ) );
#8135 = DIRECTION( '', ( 0.000000000000000, 0.000000000000000, -1.00000000000000 ) );
#8136 = DIRECTION( '', ( -1.00000000000000, 0.000000000000000, 0.000000000000000 ) );
#8137 = DIRECTION( '', ( -2.50634296273553E-015, 1.00000000000000, 0.000000000000000 ) );
#8138 = DIRECTION( '', ( 0.000000000000000, 0.000000000000000, 1.00000000000000 ) );
#8139 = CARTESIAN_POINT( '', ( 3.01412134699054, -7.00000000000000, 1.42500000000000 ) );
#8140 = DIRECTION( '', ( 0.000000000000000, 0.000000000000000, -1.00000000000000 ) );
#8141 = DIRECTION( '', ( -1.00000000000000, 0.000000000000000, 0.000000000000000 ) );
#8142 = DIRECTION( '', ( 0.000000000000000, 0.000000000000000, 1.00000000000000 ) );
#8143 = CARTESIAN_POINT( '', ( 0.000000000000000, 0.000000000000000, 3.17500000000000 ) );
#8144 = DIRECTION( '', ( 0.000000000000000, 0.000000000000000, -1.00000000000000 ) );
#8145 = DIRECTION( '', ( -1.00000000000000, 0.000000000000000, 0.000000000000000 ) );
#8146 = CARTESIAN_POINT( '', ( 8.67361737988404E-016, 0.000000000000000, 15.9750000000000 ) );
#8147 = DIRECTION( '', ( 0.000000000000000, 0.000000000000000, 1.00000000000000 ) );
#8148 = DIRECTION( '', ( 0.000000000000000, -1.00000000000000, 0.000000000000000 ) );
#8149 = DIRECTION( '', ( 1.00000000000000, 0.000000000000000, 0.000000000000000 ) );
#8150 = DIRECTION( '', ( 0.707106781186548, 0.707106781186547, 0.000000000000000 ) );
#8151 = CARTESIAN_POINT( '', ( -12.9741161390704, -2.00000000000000, 1.55000000000000 ) );
#8152 = DIRECTION( '', ( -0.324576191382359, 0.324576191382359, -0.888425906857429 ) );
#8153 = DIRECTION( '', ( 0.111379859262600, 0.945859554050030, 0.304867562989113 ) );
#8154 = DIRECTION( '', ( 0.000000000000000, 1.00000000000000, 0.000000000000000 ) );
#8155 = CARTESIAN_POINT( '', ( -12.9741161390704, 2.00000000000000, 1.55000000000000 ) );
#8156 = DIRECTION( '', ( -0.324576191382359, -0.324576191382359, -0.888425906857429 ) );
#8157 = DIRECTION( '', ( 0.111379859262600, -0.945859554050030, 0.304867562989113 ) );
#8158 = CARTESIAN_POINT( '', ( -12.9741161390704, 2.85000000000000, 1.55000000000000 ) );
#8159 = DIRECTION( '', ( -1.31054727603877E-015, 0.906307787036650, 0.422618261740700 ) );
#8160 = DIRECTION( '', ( -2.81047770312009E-015, -0.422618261740700, 0.906307787036650 ) );
#8161 = DIRECTION( '', ( 0.707106781186547, -0.707106781186548, 0.000000000000000 ) );
#8162 = DIRECTION( '', ( -0.707106781186547, 0.707106781186548, 0.000000000000000 ) );
#8163 = DIRECTION( '', ( 0.000000000000000, 0.000000000000000, -1.00000000000000 ) );
#8164 = DIRECTION( '', ( 1.00000000000000, 0.000000000000000, 0.000000000000000 ) );
#8165 = CARTESIAN_POINT( '', ( -23.9773290789995, -0.300000000000000, 3.47621193204202 ) );
#8166 = DIRECTION( '', ( 0.000000000000000, 1.00000000000000, 0.000000000000000 ) );
#8167 = DIRECTION( '', ( -1.00000000000000, 0.000000000000000, 0.000000000000000 ) );
#8168 = CARTESIAN_POINT( '', ( -13.2613442712526, 2.25000000000000, 16.8499999995967 ) );
#8169 = DIRECTION( '', ( -0.000000000000000, 1.00000000000000, 0.000000000000000 ) );
#8170 = DIRECTION( '', ( 1.00000000000000, 0.000000000000000, 0.000000000000000 ) );
#8171 = DIRECTION( '', ( 0.000000000000000, 1.00000000000000, 0.000000000000000 ) );
#8172 = CARTESIAN_POINT( '', ( -13.2613442712526, -2.25000000000000, 16.8499999995967 ) );
#8173 = DIRECTION( '', ( -0.000000000000000, 1.00000000000000, 0.000000000000000 ) );
#8174 = DIRECTION( '', ( 1.00000000000000, 0.000000000000000, 0.000000000000000 ) );
#8175 = DIRECTION( '', ( 0.000000000000000, 1.00000000000000, 0.000000000000000 ) );
#8176 = DIRECTION( '', ( 0.000000000000000, 0.000000000000000, -1.00000000000000 ) );
#8177 = CARTESIAN_POINT( '', ( 7.30000000000000, 8.39497617626161, 9.30000000000000 ) );
#8178 = DIRECTION( '', ( 0.000000000000000, 0.000000000000000, 1.00000000000000 ) );
#8179 = DIRECTION( '', ( 1.00000000000000, 0.000000000000000, 0.000000000000000 ) );
#8180 = DIRECTION( '', ( 0.000000000000000, 0.000000000000000, 1.00000000000000 ) );
#8181 = CARTESIAN_POINT( '', ( 12.9741161390704, -2.85000000000000, 1.55000000000000 ) );
#8182 = DIRECTION( '', ( 3.93164182811630E-016, -0.906307787036650, 0.422618261740700 ) );
#8183 = DIRECTION( '', ( 8.43143310936026E-016, 0.422618261740700, 0.906307787036650 ) );
#8184 = DIRECTION( '', ( 1.00000000000000, 4.33808677841286E-016, 0.000000000000000 ) );
#8185 = DIRECTION( '', ( 0.389281620635025, 0.389281620635025, 0.834817129478988 ) );
#8186 = DIRECTION( '', ( 0.000000000000000, 1.00000000000000, 0.000000000000000 ) );
#8187 = DIRECTION( '', ( -1.00000000000000, -1.44602892613762E-015, 0.000000000000000 ) );
#8188 = DIRECTION( '', ( -0.707106781186547, 0.707106781186548, -1.47911419728940E-031 ) );
#8189 = CARTESIAN_POINT( '', ( -7.90243794704844, 8.99741412331005, 0.000000000000000 ) );
#8190 = DIRECTION( '', ( 0.000000000000000, 0.000000000000000, 1.00000000000000 ) );
#8191 = DIRECTION( '', ( 1.00000000000000, 0.000000000000000, 0.000000000000000 ) );
#8192 = DIRECTION( '', ( 0.707106781186547, -0.707106781186548, 0.000000000000000 ) );
#8193 = DIRECTION( '', ( 1.00000000000000, -8.29097280901611E-017, 0.000000000000000 ) );
#8194 = DIRECTION( '', ( 0.707106781186546, 0.707106781186549, 0.000000000000000 ) );
#8195 = DIRECTION( '', ( -1.00000000000000, 4.33808677841286E-016, 0.000000000000000 ) );
#8196 = DIRECTION( '', ( 0.000000000000000, -1.00000000000000, 0.000000000000000 ) );
#8197 = DIRECTION( '', ( 1.00000000000000, -1.65819456180322E-016, 0.000000000000000 ) );
#8198 = DIRECTION( '', ( 0.707106781186547, 0.707106781186548, 0.000000000000000 ) );
#8199 = CARTESIAN_POINT( '', ( -7.90243794704844, -8.99741412331005, 0.000000000000000 ) );
#8200 = DIRECTION( '', ( 0.000000000000000, 0.000000000000000, 1.00000000000000 ) );
#8201 = DIRECTION( '', ( 1.00000000000000, 0.000000000000000, 0.000000000000000 ) );
#8202 = DIRECTION( '', ( 0.707106781186548, -0.707106781186547, 0.000000000000000 ) );
#8203 = DIRECTION( '', ( -0.707106781186547, -0.707106781186548, -1.47911419728940E-031 ) );
#8204 = CARTESIAN_POINT( '', ( -2.85000000000000, -13.8000000000000, 1.42500000000000 ) );
#8205 = DIRECTION( '', ( 0.000000000000000, 0.000000000000000, -1.00000000000000 ) );
#8206 = DIRECTION( '', ( -1.00000000000000, 0.000000000000000, 0.000000000000000 ) );
#8207 = CARTESIAN_POINT( '', ( -13.2613442713971, -0.310000000000000, 1.74999999999997 ) );
#8208 = DIRECTION( '', ( 0.000000000000000, -1.00000000000000, 0.000000000000000 ) );
#8209 = DIRECTION( '', ( 0.000000000000000, 0.000000000000000, -1.00000000000000 ) );
#8210 = DIRECTION( '', ( 0.000000000000000, 1.00000000000000, 0.000000000000000 ) );
#8211 = CARTESIAN_POINT( '', ( -13.2613442713971, -2.25000000000000, 1.74999999999997 ) );
#8212 = DIRECTION( '', ( -0.000000000000000, 1.00000000000000, 0.000000000000000 ) );
#8213 = DIRECTION( '', ( 1.00000000000000, 0.000000000000000, 0.000000000000000 ) );
#8214 = DIRECTION( '', ( -0.579695574500164, 0.000000000000000, -0.814833136847615 ) );
#8215 = DIRECTION( '', ( 0.000000000000000, -1.00000000000000, 0.000000000000000 ) );
#8216 = DIRECTION( '', ( -0.579695574500164, 0.000000000000000, -0.814833136847615 ) );
#8217 = CARTESIAN_POINT( '', ( 0.000000000000000, 0.000000000000000, 9.30000000000000 ) );
#8218 = DIRECTION( '', ( 0.000000000000000, 0.000000000000000, 1.00000000000000 ) );
#8219 = DIRECTION( '', ( 1.00000000000000, 0.000000000000000, 0.000000000000000 ) );
#8220 = DIRECTION( '', ( 0.707106781186547, 0.707106781186548, 0.000000000000000 ) );
#8221 = DIRECTION( '', ( 0.000000000000000, 0.000000000000000, -1.00000000000000 ) );
#8222 = DIRECTION( '', ( 0.000000000000000, 0.000000000000000, -1.00000000000000 ) );
#8223 = DIRECTION( '', ( 0.000000000000000, 0.000000000000000, -1.00000000000000 ) );
#8224 = DIRECTION( '', ( -0.707106781186546, -0.707106781186549, 0.000000000000000 ) );
#8225 = DIRECTION( '', ( 0.000000000000000, 0.000000000000000, -1.00000000000000 ) );
#8226 = CARTESIAN_POINT( '', ( 0.000000000000000, -8.90000000000000, 3.97500000000000 ) );
#8227 = DIRECTION( '', ( 0.000000000000000, 0.000000000000000, 1.00000000000000 ) );
#8228 = DIRECTION( '', ( 0.000000000000000, -1.00000000000000, 0.000000000000000 ) );
#8229 = CARTESIAN_POINT( '', ( 0.000000000000000, 0.000000000000000, 3.97500000000000 ) );
#8230 = DIRECTION( '', ( 0.000000000000000, 0.000000000000000, -1.00000000000000 ) );
#8231 = DIRECTION( '', ( -1.00000000000000, 0.000000000000000, 0.000000000000000 ) );
#8232 = DIRECTION( '', ( 0.000000000000000, 1.00000000000000, 0.000000000000000 ) );
#8233 = DIRECTION( '', ( 0.474137235296933, 0.000000000000000, 0.880450953832740 ) );
#8234 = DIRECTION( '', ( 0.000000000000000, 1.00000000000000, 0.000000000000000 ) );
#8235 = DIRECTION( '', ( 0.000000000000000, 1.00000000000000, 0.000000000000000 ) );
#8236 = CARTESIAN_POINT( '', ( -12.1813738927149, 2.25000000000000, 0.833663981168579 ) );
#8237 = DIRECTION( '', ( -0.000000000000000, 1.00000000000000, 0.000000000000000 ) );
#8238 = DIRECTION( '', ( 1.00000000000000, 0.000000000000000, 0.000000000000000 ) );
#8239 = DIRECTION( '', ( 0.000000000000000, 1.00000000000000, 0.000000000000000 ) );
#8240 = DIRECTION( '', ( 0.880450953832741, 0.000000000000000, 0.474137235296931 ) );
#8241 = DIRECTION( '', ( 0.000000000000000, 1.00000000000000, 0.000000000000000 ) );
#8242 = DIRECTION( '', ( 0.880450953832741, 0.000000000000000, 0.474137235296931 ) );
#8243 = DIRECTION( '', ( 0.000000000000000, 1.00000000000000, 0.000000000000000 ) );
#8244 = DIRECTION( '', ( 0.579695574500164, 0.000000000000000, -0.814833136847615 ) );
#8245 = DIRECTION( '', ( 0.000000000000000, 0.000000000000000, 1.00000000000000 ) );
#8246 = CARTESIAN_POINT( '', ( -12.1813738926934, 2.25000000000000, 17.7663360189454 ) );
#8247 = DIRECTION( '', ( 0.000000000000000, -1.00000000000000, 0.000000000000000 ) );
#8248 = DIRECTION( '', ( 1.00000000000000, 0.000000000000000, 0.000000000000000 ) );
#8249 = CARTESIAN_POINT( '', ( -12.1813738926934, -2.25000000000000, 17.7663360189454 ) );
#8250 = DIRECTION( '', ( 0.000000000000000, -1.00000000000000, 0.000000000000000 ) );
#8251 = DIRECTION( '', ( 1.00000000000000, 0.000000000000000, 0.000000000000000 ) );
#8252 = DIRECTION( '', ( 0.000000000000000, 0.000000000000000, 1.00000000000000 ) );
#8253 = DIRECTION( '', ( 0.707106781186547, -0.707106781186548, 0.000000000000000 ) );
#8254 = DIRECTION( '', ( 0.000000000000000, 0.000000000000000, -1.00000000000000 ) );
#8255 = DIRECTION( '', ( 0.000000000000000, 0.000000000000000, -1.00000000000000 ) );
#8256 = CARTESIAN_POINT( '', ( 0.850000000000000, -13.8000000000000, 1.42500000000000 ) );
#8257 = DIRECTION( '', ( 0.000000000000000, 0.000000000000000, -1.00000000000000 ) );
#8258 = DIRECTION( '', ( -1.00000000000000, 0.000000000000000, 0.000000000000000 ) );
#8259 = CARTESIAN_POINT( '', ( 0.850000000000000, -13.8000000000000, 3.97500000000000 ) );
#8260 = DIRECTION( '', ( 0.000000000000000, 0.000000000000000, 1.00000000000000 ) );
#8261 = DIRECTION( '', ( 1.00000000000000, 0.000000000000000, 0.000000000000000 ) );
#8262 = CARTESIAN_POINT( '', ( -1.79500000000000, -12.5700000000000, -3.59500000000000 ) );
#8263 = DIRECTION( '', ( 0.000000000000000, 0.000000000000000, -1.00000000000000 ) );
#8264 = DIRECTION( '', ( 0.000000000000000, 1.00000000000000, 0.000000000000000 ) );
#8265 = CARTESIAN_POINT( '', ( -1.79500000000000, -12.5700000000000, 1.42500000000000 ) );
#8266 = DIRECTION( '', ( 0.000000000000000, 0.000000000000000, -1.00000000000000 ) );
#8267 = DIRECTION( '', ( 0.000000000000000, 1.00000000000000, 0.000000000000000 ) );
#8268 = DIRECTION( '', ( 0.000000000000000, 1.00000000000000, 0.000000000000000 ) );
#8269 = DIRECTION( '', ( -0.474137235296928, 0.000000000000000, 0.880450953832742 ) );
#8270 = DIRECTION( '', ( 0.000000000000000, 1.00000000000000, 0.000000000000000 ) );
#8271 = DIRECTION( '', ( -0.474137235296928, 0.000000000000000, 0.880450953832742 ) );
#8272 = DIRECTION( '', ( -1.00000000000000, 0.000000000000000, 0.000000000000000 ) );
#8273 = DIRECTION( '', ( 0.389281620635025, -0.389281620635025, 0.834817129478988 ) );
#8274 = DIRECTION( '', ( 0.000000000000000, 1.00000000000000, 0.000000000000000 ) );
#8275 = CARTESIAN_POINT( '', ( 0.000000000000000, 0.000000000000000, 14.7750000000000 ) );
#8276 = DIRECTION( '', ( 0.000000000000000, 0.000000000000000, -1.00000000000000 ) );
#8277 = DIRECTION( '', ( -1.00000000000000, 0.000000000000000, 0.000000000000000 ) );
#8278 = CARTESIAN_POINT( '', ( 0.000000000000000, 0.000000000000000, 14.7750000000000 ) );
#8279 = DIRECTION( '', ( 0.000000000000000, 0.000000000000000, -1.00000000000000 ) );
#8280 = DIRECTION( '', ( -1.00000000000000, 0.000000000000000, 0.000000000000000 ) );
#8281 = DIRECTION( '', ( -1.62630325872825E-016, -1.00000000000000, 0.000000000000000 ) );
#8282 = DIRECTION( '', ( 0.628211983320696, -0.628211983320695, -0.459020051876338 ) );
#8283 = DIRECTION( '', ( 0.000000000000000, 0.939278884537689, 0.343154742152333 ) );
#8284 = DIRECTION( '', ( -0.890786846320404, 0.210931975489293, 0.402500305762286 ) );
#8285 = CARTESIAN_POINT( '', ( -7.30000000000000, 8.39497617626161, 2.95000000000000 ) );
#8286 = DIRECTION( '', ( 0.000000000000000, 0.000000000000000, -1.00000000000000 ) );
#8287 = DIRECTION( '', ( -1.00000000000000, 0.000000000000000, 0.000000000000000 ) );
#8288 = DIRECTION( '', ( 0.000000000000000, 0.000000000000000, -1.00000000000000 ) );
#8289 = DIRECTION( '', ( 0.000000000000000, 0.000000000000000, -1.00000000000000 ) );
#8290 = DIRECTION( '', ( 0.000000000000000, 0.000000000000000, -1.00000000000000 ) );
#8291 = DIRECTION( '', ( 0.000000000000000, 0.000000000000000, 1.00000000000000 ) );
#8292 = CARTESIAN_POINT( '', ( -7.30000000000000, -8.39497617626161, 2.95000000000000 ) );
#8293 = DIRECTION( '', ( 0.000000000000000, 0.000000000000000, -1.00000000000000 ) );
#8294 = DIRECTION( '', ( -1.00000000000000, 0.000000000000000, 0.000000000000000 ) );
#8295 = DIRECTION( '', ( 0.000000000000000, 0.000000000000000, 1.00000000000000 ) );
#8296 = DIRECTION( '', ( 0.000000000000000, 0.000000000000000, 1.00000000000000 ) );
#8297 = DIRECTION( '', ( -0.899449137154355, -0.184694938783380, 0.396079574404044 ) );
#8298 = DIRECTION( '', ( -0.389281620635025, -0.389281620635025, 0.834817129478988 ) );
#8299 = DIRECTION( '', ( 1.00000000000000, -8.29097280901611E-017, 0.000000000000000 ) );
#8300 = DIRECTION( '', ( 1.00000000000000, -1.65819456180322E-016, 0.000000000000000 ) );
#8301 = DIRECTION( '', ( 1.00000000000000, 0.000000000000000, 0.000000000000000 ) );
#8302 = CARTESIAN_POINT( '', ( 5.55000000000000, -9.26485294000935, 3.97500000000000 ) );
#8303 = DIRECTION( '', ( 0.000000000000000, 0.000000000000000, 1.00000000000000 ) );
#8304 = DIRECTION( '', ( 1.00000000000000, 0.000000000000000, 0.000000000000000 ) );
#8305 = CARTESIAN_POINT( '', ( 5.55000000000000, 9.26485294000935, 3.97500000000000 ) );
#8306 = DIRECTION( '', ( 0.000000000000000, 0.000000000000000, 1.00000000000000 ) );
#8307 = DIRECTION( '', ( 1.00000000000000, 0.000000000000000, 0.000000000000000 ) );
#8308 = DIRECTION( '', ( 0.000000000000000, 1.00000000000000, 0.000000000000000 ) );
#8309 = CARTESIAN_POINT( '', ( 2.65141471671257, -6.75000000000000, 2.65000000000000 ) );
#8310 = DIRECTION( '', ( 1.65819456180322E-016, 1.00000000000000, 0.000000000000000 ) );
#8311 = DIRECTION( '', ( -1.00000000000000, 1.65819456180322E-016, 0.000000000000000 ) );
#8312 = CARTESIAN_POINT( '', ( 724.029191947735, 2.25000000000000, 9.30000000001263 ) );
#8313 = DIRECTION( '', ( -0.000000000000000, 1.00000000000000, 0.000000000000000 ) );
#8314 = DIRECTION( '', ( 1.00000000000000, 0.000000000000000, 0.000000000000000 ) );
#8315 = DIRECTION( '', ( -0.880450953832739, 0.000000000000000, 0.474137235296934 ) );
#8316 = DIRECTION( '', ( 0.880450953832740, 0.000000000000000, -0.474137235296933 ) );
#8317 = CARTESIAN_POINT( '', ( -13.2613442713971, 2.25000000000000, 1.74999999999997 ) );
#8318 = DIRECTION( '', ( 0.000000000000000, -1.00000000000000, 0.000000000000000 ) );
#8319 = DIRECTION( '', ( 1.00000000000000, 0.000000000000000, 0.000000000000000 ) );
#8320 = DIRECTION( '', ( -0.880450953832741, 0.000000000000000, -0.474137235296930 ) );
#8321 = CARTESIAN_POINT( '', ( 2.85000000000000, 13.8000000000000, 3.97500000000000 ) );
#8322 = DIRECTION( '', ( 0.000000000000000, 0.000000000000000, 1.00000000000000 ) );
#8323 = DIRECTION( '', ( 1.00000000000000, 0.000000000000000, 0.000000000000000 ) );
#8324 = DIRECTION( '', ( -1.00000000000000, -1.10141173077892E-015, 0.000000000000000 ) );
#8325 = CARTESIAN_POINT( '', ( 0.000000000000000, 0.000000000000000, 3.97500000000000 ) );
#8326 = DIRECTION( '', ( 0.000000000000000, 0.000000000000000, -1.00000000000000 ) );
#8327 = DIRECTION( '', ( -1.00000000000000, 0.000000000000000, 0.000000000000000 ) );
#8328 = CARTESIAN_POINT( '', ( 0.000000000000000, -8.90000000000000, 1.42500000000000 ) );
#8329 = DIRECTION( '', ( 0.000000000000000, 0.000000000000000, -1.00000000000000 ) );
#8330 = DIRECTION( '', ( -1.00000000000000, 0.000000000000000, 0.000000000000000 ) );
#8331 = CARTESIAN_POINT( '', ( 1.79500000000000, -12.5700000000000, 1.42500000000000 ) );
#8332 = DIRECTION( '', ( 0.000000000000000, 0.000000000000000, -1.00000000000000 ) );
#8333 = DIRECTION( '', ( -1.00000000000000, 0.000000000000000, 0.000000000000000 ) );
#8334 = DIRECTION( '', ( 0.000000000000000, 0.000000000000000, 1.00000000000000 ) );
#8335 = CARTESIAN_POINT( '', ( 0.000000000000000, 0.000000000000000, 3.17500000000000 ) );
#8336 = DIRECTION( '', ( 0.000000000000000, 0.000000000000000, -1.00000000000000 ) );
#8337 = DIRECTION( '', ( -1.00000000000000, 0.000000000000000, 0.000000000000000 ) );
#8338 = DIRECTION( '', ( -1.00000000000000, 0.000000000000000, 0.000000000000000 ) );
#8339 = CARTESIAN_POINT( '', ( 0.000000000000000, -6.75000000000000, 4.70384615384616 ) );
#8340 = DIRECTION( '', ( 1.65819456180322E-016, 1.00000000000000, 0.000000000000000 ) );
#8341 = DIRECTION( '', ( -1.00000000000000, 1.65819456180322E-016, 0.000000000000000 ) );
#8342 = CARTESIAN_POINT( '', ( 724.029191947735, -0.310000000000000, 9.30000000001263 ) );
#8343 = DIRECTION( '', ( 0.000000000000000, -1.00000000000000, 0.000000000000000 ) );
#8344 = DIRECTION( '', ( 0.000000000000000, 0.000000000000000, -1.00000000000000 ) );
#8345 = CARTESIAN_POINT( '', ( 724.029191947735, -2.25000000000000, 9.30000000001263 ) );
#8346 = DIRECTION( '', ( -0.000000000000000, 1.00000000000000, 0.000000000000000 ) );
#8347 = DIRECTION( '', ( 1.00000000000000, 0.000000000000000, 0.000000000000000 ) );
#8348 = DIRECTION( '', ( 0.000000000000000, -1.00000000000000, 0.000000000000000 ) );
#8349 = DIRECTION( '', ( -0.890786846320404, -0.210931975489293, 0.402500305762286 ) );
#8350 = DIRECTION( '', ( -0.880450953832741, 0.000000000000000, -0.474137235296930 ) );
#8351 = CARTESIAN_POINT( '', ( -1.79500000000000, -8.98000000000000, 1.42500000000000 ) );
#8352 = DIRECTION( '', ( 0.000000000000000, 0.000000000000000, -1.00000000000000 ) );
#8353 = DIRECTION( '', ( 0.000000000000000, 1.00000000000000, 0.000000000000000 ) );
#8354 = DIRECTION( '', ( 1.00000000000000, 0.000000000000000, 0.000000000000000 ) );
#8355 = CARTESIAN_POINT( '', ( -4.95000000000000, -12.6000000000000, 1.42500000000000 ) );
#8356 = DIRECTION( '', ( 0.000000000000000, 0.000000000000000, -1.00000000000000 ) );
#8357 = DIRECTION( '', ( -1.00000000000000, 0.000000000000000, 0.000000000000000 ) );
#8358 = DIRECTION( '', ( -2.50634296273553E-015, 1.00000000000000, 0.000000000000000 ) );
#8359 = DIRECTION( '', ( 0.659551977662923, -0.751658957746748, 0.000000000000000 ) );
#8360 = DIRECTION( '', ( 0.000000000000000, 0.000000000000000, 1.00000000000000 ) );
#8361 = DIRECTION( '', ( 0.880450953832740, 0.000000000000000, -0.474137235296933 ) );
#8362 = DIRECTION( '', ( 0.880450953832740, 0.000000000000000, -0.474137235296933 ) );
#8363 = DIRECTION( '', ( 0.000000000000000, 0.000000000000000, 1.00000000000000 ) );
#8364 = CARTESIAN_POINT( '', ( 12.9741161390704, 2.85000000000000, 1.55000000000000 ) );
#8365 = DIRECTION( '', ( 3.93164182811630E-016, 0.906307787036650, 0.422618261740700 ) );
#8366 = DIRECTION( '', ( 8.43143310936026E-016, -0.422618261740700, 0.906307787036650 ) );
#8367 = DIRECTION( '', ( -2.50634296273553E-015, 1.00000000000000, 0.000000000000000 ) );
#8368 = DIRECTION( '', ( 0.000000000000000, 0.939278884537689, -0.343154742152333 ) );
#8369 = DIRECTION( '', ( 0.000000000000000, 0.000000000000000, 1.00000000000000 ) );
#8370 = DIRECTION( '', ( 0.000000000000000, 0.000000000000000, 1.00000000000000 ) );
ENDSEC;
END-ISO-10303-21;
